ISO-10303-21;
HEADER;
/* Generated by software containing ST-Developer
 * from STEP Tools, Inc. (www.steptools.com) 
 */
/* OPTION: using custom renumber hook */

FILE_DESCRIPTION(
/* description */ ('STEP AP242 Edition 2',
'CAx-IF Rec.Pracs.---Representation and Presentation of Product Manufa
cturing Information (PMI)---4.0---2014-10-13',
'CAx-IF Rec.Pracs.---3D Tessellated Geometry---0.4---2014-09-14','2;1',
'CAx-IF Rec.Pracs.---User Defined Attributes---1.5---2016-08-15'),
/* implementation_level */ '2;1');

FILE_NAME(
/* name */ 'MBK_Keycap_-_1u',
/* time_stamp */ '2026-09-03T21:49:57Z',
/* author */ (''),
/* organization */ (''),
/* preprocessor_version */ 'ST-DEVELOPER v20',
/* originating_system */ 'ONSHAPE BY PTC INC, 1.220',
/* authorisation */ '  ');

FILE_SCHEMA (('AP242_MANAGED_MODEL_BASED_3D_ENGINEERING_MIM_LF { 1 0 10303 442 3 1 4 }'));
ENDSEC;

DATA;
#10=SHAPE_REPRESENTATION_RELATIONSHIP('','',#3307,#11);
#11=ADVANCED_BREP_SHAPE_REPRESENTATION('',(#3305),#6009);
#12=B_SPLINE_SURFACE_WITH_KNOTS('',3,3,((#5019,#5020,#5021,#5022,#5023,
#5024),(#5025,#5026,#5027,#5028,#5029,#5030),(#5031,#5032,#5033,#5034,#5035,
#5036),(#5037,#5038,#5039,#5040,#5041,#5042),(#5043,#5044,#5045,#5046,#5047,
#5048)),.UNSPECIFIED.,.F.,.F.,.F.,(4,1,4),(4,1,1,4),(-1.07541974497516E-11,
0.571428571428571,0.99999999999114),(-1.57079632679489,-0.897597901025654,
-0.448798950512827,3.03679187013405E-5),.UNSPECIFIED.);
#13=B_SPLINE_SURFACE_WITH_KNOTS('',3,3,((#5066,#5067,#5068,#5069,#5070,
#5071),(#5072,#5073,#5074,#5075,#5076,#5077),(#5078,#5079,#5080,#5081,#5082,
#5083),(#5084,#5085,#5086,#5087,#5088,#5089),(#5090,#5091,#5092,#5093,#5094,
#5095)),.UNSPECIFIED.,.F.,.F.,.F.,(4,1,4),(4,1,1,4),(-1.07418739741782E-11,
0.571428571428571,0.999999999991148),(-1.5707963267949,-0.897597901025656,
-0.448798950512828,3.03679187679538E-5),.UNSPECIFIED.);
#14=B_SPLINE_SURFACE_WITH_KNOTS('',3,3,((#5113,#5114,#5115,#5116,#5117,
#5118),(#5119,#5120,#5121,#5122,#5123,#5124),(#5125,#5126,#5127,#5128,#5129,
#5130),(#5131,#5132,#5133,#5134,#5135,#5136),(#5137,#5138,#5139,#5140,#5141,
#5142)),.UNSPECIFIED.,.F.,.F.,.F.,(4,1,4),(4,1,1,4),(-1.07406527288512E-11,
0.571428571428571,0.999999999991148),(-1.5707963267949,-0.897597901025655,
-0.448798950512828,3.036791871866E-5),.UNSPECIFIED.);
#15=B_SPLINE_SURFACE_WITH_KNOTS('',3,3,((#5160,#5161,#5162,#5163,#5164,
#5165),(#5166,#5167,#5168,#5169,#5170,#5171),(#5172,#5173,#5174,#5175,#5176,
#5177),(#5178,#5179,#5180,#5181,#5182,#5183),(#5184,#5185,#5186,#5187,#5188,
#5189)),.UNSPECIFIED.,.F.,.F.,.F.,(4,1,4),(4,1,1,4),(-1.07296615209073E-11,
0.571428571428571,0.999999999991138),(-1.5707963267949,-0.897597901025655,
-0.448798950512828,3.03679187233229E-5),.UNSPECIFIED.);
#16=CYLINDRICAL_SURFACE('',#3367,0.0002);
#17=CYLINDRICAL_SURFACE('',#3389,0.00150354877687615);
#18=CYLINDRICAL_SURFACE('',#3392,0.00138103585161372);
#19=CYLINDRICAL_SURFACE('',#3395,0.001446732944617);
#20=CYLINDRICAL_SURFACE('',#3398,0.00141291212378037);
#21=CYLINDRICAL_SURFACE('',#3401,0.0013);
#22=CYLINDRICAL_SURFACE('',#3402,0.0013);
#23=CYLINDRICAL_SURFACE('',#3403,0.0013);
#24=CYLINDRICAL_SURFACE('',#3404,0.0013);
#25=CYLINDRICAL_SURFACE('',#3406,0.000749999985098839);
#26=CYLINDRICAL_SURFACE('',#3409,0.000749999985098837);
#27=CYLINDRICAL_SURFACE('',#3418,0.0002);
#28=CYLINDRICAL_SURFACE('',#3423,0.0002);
#29=CYLINDRICAL_SURFACE('',#3425,0.0002);
#30=CYLINDRICAL_SURFACE('',#3432,0.0002);
#31=CYLINDRICAL_SURFACE('',#3436,0.0002);
#32=CYLINDRICAL_SURFACE('',#3441,0.0002);
#33=CYLINDRICAL_SURFACE('',#3446,0.0002);
#34=CYLINDRICAL_SURFACE('',#3450,0.0002);
#35=CYLINDRICAL_SURFACE('',#3451,0.0001);
#36=CYLINDRICAL_SURFACE('',#3453,0.0001);
#37=CYLINDRICAL_SURFACE('',#3456,0.0001);
#38=CYLINDRICAL_SURFACE('',#3458,0.0001);
#39=CYLINDRICAL_SURFACE('',#3461,0.00015);
#40=CYLINDRICAL_SURFACE('',#3463,0.00015);
#41=CYLINDRICAL_SURFACE('',#3472,0.0002);
#42=CYLINDRICAL_SURFACE('',#3477,0.0002);
#43=CYLINDRICAL_SURFACE('',#3479,0.0002);
#44=CYLINDRICAL_SURFACE('',#3489,0.0002);
#45=CYLINDRICAL_SURFACE('',#3494,0.0002);
#46=CYLINDRICAL_SURFACE('',#3499,0.0002);
#47=CYLINDRICAL_SURFACE('',#3503,0.0002);
#48=CYLINDRICAL_SURFACE('',#3504,0.0001);
#49=CYLINDRICAL_SURFACE('',#3506,0.0001);
#50=CYLINDRICAL_SURFACE('',#3509,0.0001);
#51=CYLINDRICAL_SURFACE('',#3511,0.0001);
#52=CYLINDRICAL_SURFACE('',#3514,0.00015);
#53=CYLINDRICAL_SURFACE('',#3516,0.00015);
#54=CYLINDRICAL_SURFACE('',#3522,0.0001);
#55=CYLINDRICAL_SURFACE('',#3527,0.0001);
#56=CYLINDRICAL_SURFACE('',#3530,0.0001);
#57=CYLINDRICAL_SURFACE('',#3532,0.0001);
#58=CYLINDRICAL_SURFACE('',#3540,0.0001);
#59=CYLINDRICAL_SURFACE('',#3548,0.0001);
#60=CYLINDRICAL_SURFACE('',#3551,0.0001);
#61=CYLINDRICAL_SURFACE('',#3553,0.0001);
#62=CYLINDRICAL_SURFACE('',#3558,0.00015);
#63=CYLINDRICAL_SURFACE('',#3560,0.00015);
#64=CYLINDRICAL_SURFACE('',#3562,0.0001);
#65=CYLINDRICAL_SURFACE('',#3563,0.0001);
#66=CYLINDRICAL_SURFACE('',#3565,0.0001);
#67=CYLINDRICAL_SURFACE('',#3566,0.0001);
#68=CYLINDRICAL_SURFACE('',#3569,0.0001);
#69=CYLINDRICAL_SURFACE('',#3571,0.0001);
#70=CYLINDRICAL_SURFACE('',#3573,0.0001);
#71=CYLINDRICAL_SURFACE('',#3579,0.0001);
#72=CYLINDRICAL_SURFACE('',#3585,0.0001);
#73=CYLINDRICAL_SURFACE('',#3588,0.0001);
#74=CYLINDRICAL_SURFACE('',#3590,0.0001);
#75=CYLINDRICAL_SURFACE('',#3598,0.0001);
#76=CYLINDRICAL_SURFACE('',#3609,0.00015);
#77=CYLINDRICAL_SURFACE('',#3611,0.00015);
#78=CYLINDRICAL_SURFACE('',#3613,0.0001);
#79=CYLINDRICAL_SURFACE('',#3614,0.0001);
#80=CYLINDRICAL_SURFACE('',#3617,0.0001);
#81=CYLINDRICAL_SURFACE('',#3618,0.0001);
#82=CYLINDRICAL_SURFACE('',#3620,0.000749999985098839);
#83=CYLINDRICAL_SURFACE('',#3623,0.000749999985098838);
#84=CYLINDRICAL_SURFACE('',#3631,0.00175);
#85=CYLINDRICAL_SURFACE('',#3638,0.00175);
#86=CYLINDRICAL_SURFACE('',#3643,0.00175);
#87=CYLINDRICAL_SURFACE('',#3648,0.00175);
#88=CYLINDRICAL_SURFACE('',#3656,0.00175);
#89=CYLINDRICAL_SURFACE('',#3658,0.00175);
#90=CYLINDRICAL_SURFACE('',#3661,0.00175);
#91=CYLINDRICAL_SURFACE('',#3663,0.00175);
#92=SPHERICAL_SURFACE('',#3331,0.0416152783982558);
#93=SPHERICAL_SURFACE('',#3411,0.000212086775669138);
#94=SPHERICAL_SURFACE('',#3412,0.000212088425424513);
#95=SPHERICAL_SURFACE('',#3413,0.000212087801272378);
#96=SPHERICAL_SURFACE('',#3414,0.00021208944269177);
#97=SPHERICAL_SURFACE('',#3465,0.000212087796731344);
#98=SPHERICAL_SURFACE('',#3466,0.000212089442691769);
#99=SPHERICAL_SURFACE('',#3467,0.000212086782846577);
#100=SPHERICAL_SURFACE('',#3468,0.000212088425424538);
#101=SPHERICAL_SURFACE('',#3534,0.0001);
#102=SPHERICAL_SURFACE('',#3546,0.0001);
#103=SPHERICAL_SURFACE('',#3555,0.0001);
#104=SPHERICAL_SURFACE('',#3557,0.0001);
#105=SPHERICAL_SURFACE('',#3584,0.0001);
#106=SPHERICAL_SURFACE('',#3592,0.0001);
#107=SPHERICAL_SURFACE('',#3604,0.0001);
#108=SPHERICAL_SURFACE('',#3606,0.0001);
#109=SPHERICAL_SURFACE('',#3634,0.00175);
#110=SPHERICAL_SURFACE('',#3640,0.00175);
#111=SPHERICAL_SURFACE('',#3645,0.00175);
#112=SPHERICAL_SURFACE('',#3650,0.00175);
#113=PLANE('',#3327);
#114=PLANE('',#3330);
#115=PLANE('',#3332);
#116=PLANE('',#3333);
#117=PLANE('',#3335);
#118=PLANE('',#3337);
#119=PLANE('',#3338);
#120=PLANE('',#3339);
#121=PLANE('',#3340);
#122=PLANE('',#3342);
#123=PLANE('',#3344);
#124=PLANE('',#3346);
#125=PLANE('',#3348);
#126=PLANE('',#3349);
#127=PLANE('',#3350);
#128=PLANE('',#3351);
#129=PLANE('',#3353);
#130=PLANE('',#3355);
#131=PLANE('',#3356);
#132=PLANE('',#3357);
#133=PLANE('',#3358);
#134=PLANE('',#3359);
#135=PLANE('',#3360);
#136=PLANE('',#3361);
#137=PLANE('',#3362);
#138=PLANE('',#3363);
#139=PLANE('',#3364);
#140=PLANE('',#3365);
#141=PLANE('',#3366);
#142=PLANE('',#3368);
#143=PLANE('',#3391);
#144=PLANE('',#3394);
#145=PLANE('',#3397);
#146=PLANE('',#3400);
#147=PLANE('',#3405);
#148=PLANE('',#3408);
#149=PLANE('',#3455);
#150=PLANE('',#3460);
#151=PLANE('',#3462);
#152=PLANE('',#3464);
#153=PLANE('',#3508);
#154=PLANE('',#3513);
#155=PLANE('',#3515);
#156=PLANE('',#3517);
#157=PLANE('',#3559);
#158=PLANE('',#3561);
#159=PLANE('',#3564);
#160=PLANE('',#3567);
#161=PLANE('',#3608);
#162=PLANE('',#3610);
#163=PLANE('',#3612);
#164=PLANE('',#3615);
#165=PLANE('',#3616);
#166=PLANE('',#3619);
#167=PLANE('',#3622);
#168=PLANE('',#3625);
#169=PLANE('',#3626);
#170=PLANE('',#3653);
#171=PLANE('',#3655);
#172=PLANE('',#3657);
#173=PLANE('',#3659);
#174=PLANE('',#3662);
#175=PLANE('',#3664);
#176=LINE('',#4705,#404);
#177=LINE('',#4709,#405);
#178=LINE('',#4711,#406);
#179=LINE('',#4713,#407);
#180=LINE('',#4715,#408);
#181=LINE('',#4719,#409);
#182=LINE('',#4721,#410);
#183=LINE('',#4724,#411);
#184=LINE('',#4727,#412);
#185=LINE('',#4729,#413);
#186=LINE('',#4731,#414);
#187=LINE('',#4733,#415);
#188=LINE('',#4736,#416);
#189=LINE('',#4738,#417);
#190=LINE('',#4742,#418);
#191=LINE('',#4747,#419);
#192=LINE('',#4749,#420);
#193=LINE('',#4751,#421);
#194=LINE('',#4753,#422);
#195=LINE('',#4755,#423);
#196=LINE('',#4757,#424);
#197=LINE('',#4759,#425);
#198=LINE('',#4761,#426);
#199=LINE('',#4763,#427);
#200=LINE('',#4765,#428);
#201=LINE('',#4767,#429);
#202=LINE('',#4772,#430);
#203=LINE('',#4774,#431);
#204=LINE('',#4776,#432);
#205=LINE('',#4781,#433);
#206=LINE('',#4782,#434);
#207=LINE('',#4784,#435);
#208=LINE('',#4788,#436);
#209=LINE('',#4793,#437);
#210=LINE('',#4795,#438);
#211=LINE('',#4797,#439);
#212=LINE('',#4799,#440);
#213=LINE('',#4801,#441);
#214=LINE('',#4803,#442);
#215=LINE('',#4805,#443);
#216=LINE('',#4807,#444);
#217=LINE('',#4809,#445);
#218=LINE('',#4811,#446);
#219=LINE('',#4813,#447);
#220=LINE('',#4814,#448);
#221=LINE('',#4816,#449);
#222=LINE('',#4818,#450);
#223=LINE('',#4820,#451);
#224=LINE('',#4822,#452);
#225=LINE('',#4824,#453);
#226=LINE('',#4825,#454);
#227=LINE('',#4827,#455);
#228=LINE('',#4829,#456);
#229=LINE('',#4831,#457);
#230=LINE('',#4835,#458);
#231=LINE('',#4837,#459);
#232=LINE('',#4839,#460);
#233=LINE('',#4843,#461);
#234=LINE('',#4845,#462);
#235=LINE('',#4847,#463);
#236=LINE('',#4849,#464);
#237=LINE('',#4851,#465);
#238=LINE('',#4853,#466);
#239=LINE('',#4855,#467);
#240=LINE('',#4857,#468);
#241=LINE('',#4859,#469);
#242=LINE('',#4861,#470);
#243=LINE('',#4863,#471);
#244=LINE('',#4865,#472);
#245=LINE('',#4867,#473);
#246=LINE('',#4869,#474);
#247=LINE('',#4871,#475);
#248=LINE('',#4873,#476);
#249=LINE('',#4875,#477);
#250=LINE('',#4877,#478);
#251=LINE('',#4879,#479);
#252=LINE('',#4881,#480);
#253=LINE('',#4883,#481);
#254=LINE('',#4885,#482);
#255=LINE('',#4887,#483);
#256=LINE('',#4904,#484);
#257=LINE('',#4921,#485);
#258=LINE('',#4923,#486);
#259=LINE('',#4926,#487);
#260=LINE('',#4928,#488);
#261=LINE('',#4930,#489);
#262=LINE('',#4939,#490);
#263=LINE('',#4943,#491);
#264=LINE('',#4947,#492);
#265=LINE('',#4951,#493);
#266=LINE('',#4954,#494);
#267=LINE('',#4958,#495);
#268=LINE('',#4962,#496);
#269=LINE('',#4966,#497);
#270=LINE('',#4970,#498);
#271=LINE('',#4971,#499);
#272=LINE('',#4975,#500);
#273=LINE('',#4979,#501);
#274=LINE('',#4983,#502);
#275=LINE('',#4987,#503);
#276=LINE('',#4990,#504);
#277=LINE('',#4994,#505);
#278=LINE('',#4998,#506);
#279=LINE('',#5002,#507);
#280=LINE('',#5208,#508);
#281=LINE('',#5210,#509);
#282=LINE('',#5212,#510);
#283=LINE('',#5214,#511);
#284=LINE('',#5216,#512);
#285=LINE('',#5218,#513);
#286=LINE('',#5220,#514);
#287=LINE('',#5222,#515);
#288=LINE('',#5226,#516);
#289=LINE('',#5228,#517);
#290=LINE('',#5230,#518);
#291=LINE('',#5340,#519);
#292=LINE('',#5348,#520);
#293=LINE('',#5354,#521);
#294=LINE('',#5360,#522);
#295=LINE('',#5368,#523);
#296=LINE('',#5376,#524);
#297=LINE('',#5384,#525);
#298=LINE('',#5388,#526);
#299=LINE('',#5390,#527);
#300=LINE('',#5394,#528);
#301=LINE('',#5396,#529);
#302=LINE('',#5400,#530);
#303=LINE('',#5402,#531);
#304=LINE('',#5404,#532);
#305=LINE('',#5408,#533);
#306=LINE('',#5412,#534);
#307=LINE('',#5414,#535);
#308=LINE('',#5416,#536);
#309=LINE('',#5423,#537);
#310=LINE('',#5425,#538);
#311=LINE('',#5427,#539);
#312=LINE('',#5434,#540);
#313=LINE('',#5436,#541);
#314=LINE('',#5514,#542);
#315=LINE('',#5522,#543);
#316=LINE('',#5528,#544);
#317=LINE('',#5540,#545);
#318=LINE('',#5548,#546);
#319=LINE('',#5556,#547);
#320=LINE('',#5560,#548);
#321=LINE('',#5562,#549);
#322=LINE('',#5566,#550);
#323=LINE('',#5568,#551);
#324=LINE('',#5572,#552);
#325=LINE('',#5574,#553);
#326=LINE('',#5576,#554);
#327=LINE('',#5580,#555);
#328=LINE('',#5584,#556);
#329=LINE('',#5586,#557);
#330=LINE('',#5588,#558);
#331=LINE('',#5595,#559);
#332=LINE('',#5597,#560);
#333=LINE('',#5599,#561);
#334=LINE('',#5606,#562);
#335=LINE('',#5608,#563);
#336=LINE('',#5618,#564);
#337=LINE('',#5630,#565);
#338=LINE('',#5632,#566);
#339=LINE('',#5655,#567);
#340=LINE('',#5656,#568);
#341=LINE('',#5676,#569);
#342=LINE('',#5677,#570);
#343=LINE('',#5691,#571);
#344=LINE('',#5692,#572);
#345=LINE('',#5708,#573);
#346=LINE('',#5725,#574);
#347=LINE('',#5738,#575);
#348=LINE('',#5743,#576);
#349=LINE('',#5744,#577);
#350=LINE('',#5746,#578);
#351=LINE('',#5748,#579);
#352=LINE('',#5750,#580);
#353=LINE('',#5752,#581);
#354=LINE('',#5754,#582);
#355=LINE('',#5756,#583);
#356=LINE('',#5758,#584);
#357=LINE('',#5782,#585);
#358=LINE('',#5796,#586);
#359=LINE('',#5800,#587);
#360=LINE('',#5809,#588);
#361=LINE('',#5822,#589);
#362=LINE('',#5824,#590);
#363=LINE('',#5847,#591);
#364=LINE('',#5848,#592);
#365=LINE('',#5868,#593);
#366=LINE('',#5869,#594);
#367=LINE('',#5883,#595);
#368=LINE('',#5884,#596);
#369=LINE('',#5895,#597);
#370=LINE('',#5897,#598);
#371=LINE('',#5899,#599);
#372=LINE('',#5901,#600);
#373=LINE('',#5903,#601);
#374=LINE('',#5905,#602);
#375=LINE('',#5907,#603);
#376=LINE('',#5910,#604);
#377=LINE('',#5912,#605);
#378=LINE('',#5918,#606);
#379=LINE('',#5920,#607);
#380=LINE('',#5922,#608);
#381=LINE('',#5926,#609);
#382=LINE('',#5928,#610);
#383=LINE('',#5933,#611);
#384=LINE('',#5937,#612);
#385=LINE('',#5941,#613);
#386=LINE('',#5945,#614);
#387=LINE('',#5950,#615);
#388=LINE('',#5954,#616);
#389=LINE('',#5961,#617);
#390=LINE('',#5969,#618);
#391=LINE('',#5977,#619);
#392=LINE('',#5981,#620);
#393=LINE('',#5986,#621);
#394=LINE('',#5988,#622);
#395=LINE('',#5990,#623);
#396=LINE('',#5992,#624);
#397=LINE('',#5993,#625);
#398=LINE('',#5995,#626);
#399=LINE('',#5997,#627);
#400=LINE('',#5999,#628);
#401=LINE('',#6002,#629);
#402=LINE('',#6004,#630);
#403=LINE('',#6006,#631);
#404=VECTOR('',#3701,1.);
#405=VECTOR('',#3704,1.);
#406=VECTOR('',#3707,1.);
#407=VECTOR('',#3708,1.);
#408=VECTOR('',#3711,1.);
#409=VECTOR('',#3716,1.);
#410=VECTOR('',#3717,1.);
#411=VECTOR('',#3722,1.);
#412=VECTOR('',#3723,1.);
#413=VECTOR('',#3724,1.);
#414=VECTOR('',#3725,1.);
#415=VECTOR('',#3728,1.);
#416=VECTOR('',#3729,1.);
#417=VECTOR('',#3730,1.);
#418=VECTOR('',#3735,1.);
#419=VECTOR('',#3738,1.);
#420=VECTOR('',#3739,1.);
#421=VECTOR('',#3742,1.);
#422=VECTOR('',#3743,1.);
#423=VECTOR('',#3744,1.);
#424=VECTOR('',#3747,1.);
#425=VECTOR('',#3748,1.);
#426=VECTOR('',#3749,1.);
#427=VECTOR('',#3752,1.);
#428=VECTOR('',#3753,1.);
#429=VECTOR('',#3754,1.);
#430=VECTOR('',#3759,1.);
#431=VECTOR('',#3760,1.);
#432=VECTOR('',#3761,1.);
#433=VECTOR('',#3766,1.);
#434=VECTOR('',#3767,1.);
#435=VECTOR('',#3770,1.);
#436=VECTOR('',#3773,1.);
#437=VECTOR('',#3778,1.);
#438=VECTOR('',#3779,1.);
#439=VECTOR('',#3780,1.);
#440=VECTOR('',#3783,1.);
#441=VECTOR('',#3784,1.);
#442=VECTOR('',#3785,1.);
#443=VECTOR('',#3786,1.);
#444=VECTOR('',#3787,1.);
#445=VECTOR('',#3788,1.);
#446=VECTOR('',#3789,1.);
#447=VECTOR('',#3792,1.);
#448=VECTOR('',#3793,1.);
#449=VECTOR('',#3794,1.);
#450=VECTOR('',#3795,1.);
#451=VECTOR('',#3796,1.);
#452=VECTOR('',#3797,1.);
#453=VECTOR('',#3800,1.);
#454=VECTOR('',#3801,1.);
#455=VECTOR('',#3802,1.);
#456=VECTOR('',#3803,1.);
#457=VECTOR('',#3804,1.);
#458=VECTOR('',#3809,1.);
#459=VECTOR('',#3810,1.);
#460=VECTOR('',#3813,1.);
#461=VECTOR('',#3816,1.);
#462=VECTOR('',#3819,1.);
#463=VECTOR('',#3820,1.);
#464=VECTOR('',#3823,1.);
#465=VECTOR('',#3824,1.);
#466=VECTOR('',#3827,1.);
#467=VECTOR('',#3828,1.);
#468=VECTOR('',#3831,1.);
#469=VECTOR('',#3834,1.);
#470=VECTOR('',#3835,1.);
#471=VECTOR('',#3838,1.);
#472=VECTOR('',#3839,1.);
#473=VECTOR('',#3842,1.);
#474=VECTOR('',#3843,1.);
#475=VECTOR('',#3846,1.);
#476=VECTOR('',#3847,1.);
#477=VECTOR('',#3850,1.);
#478=VECTOR('',#3853,1.);
#479=VECTOR('',#3854,1.);
#480=VECTOR('',#3857,1.);
#481=VECTOR('',#3858,1.);
#482=VECTOR('',#3861,1.);
#483=VECTOR('',#3864,1.);
#484=VECTOR('',#3865,1.);
#485=VECTOR('',#3866,1.);
#486=VECTOR('',#3869,1.);
#487=VECTOR('',#3870,1.);
#488=VECTOR('',#3871,1.);
#489=VECTOR('',#3872,1.);
#490=VECTOR('',#3881,1.);
#491=VECTOR('',#3884,1.);
#492=VECTOR('',#3887,1.);
#493=VECTOR('',#3890,1.);
#494=VECTOR('',#3893,1.);
#495=VECTOR('',#3896,1.);
#496=VECTOR('',#3899,1.);
#497=VECTOR('',#3902,1.);
#498=VECTOR('',#3905,1.);
#499=VECTOR('',#3906,1.);
#500=VECTOR('',#3909,1.);
#501=VECTOR('',#3912,1.);
#502=VECTOR('',#3915,1.);
#503=VECTOR('',#3918,1.);
#504=VECTOR('',#3921,1.);
#505=VECTOR('',#3924,1.);
#506=VECTOR('',#3927,1.);
#507=VECTOR('',#3930,1.);
#508=VECTOR('',#3957,1.);
#509=VECTOR('',#3960,1.);
#510=VECTOR('',#3963,1.);
#511=VECTOR('',#3966,1.);
#512=VECTOR('',#3969,1.);
#513=VECTOR('',#3970,1.);
#514=VECTOR('',#3971,1.);
#515=VECTOR('',#3974,1.);
#516=VECTOR('',#3979,1.);
#517=VECTOR('',#3980,1.);
#518=VECTOR('',#3983,1.);
#519=VECTOR('',#4004,1.);
#520=VECTOR('',#4015,1.);
#521=VECTOR('',#4022,1.);
#522=VECTOR('',#4033,1.);
#523=VECTOR('',#4044,1.);
#524=VECTOR('',#4055,1.);
#525=VECTOR('',#4066,1.);
#526=VECTOR('',#4073,1.);
#527=VECTOR('',#4076,1.);
#528=VECTOR('',#4079,1.);
#529=VECTOR('',#4082,1.);
#530=VECTOR('',#4087,1.);
#531=VECTOR('',#4088,1.);
#532=VECTOR('',#4091,1.);
#533=VECTOR('',#4096,1.);
#534=VECTOR('',#4101,1.);
#535=VECTOR('',#4102,1.);
#536=VECTOR('',#4105,1.);
#537=VECTOR('',#4108,1.);
#538=VECTOR('',#4109,1.);
#539=VECTOR('',#4112,1.);
#540=VECTOR('',#4115,1.);
#541=VECTOR('',#4116,1.);
#542=VECTOR('',#4135,1.);
#543=VECTOR('',#4146,1.);
#544=VECTOR('',#4153,1.);
#545=VECTOR('',#4172,1.);
#546=VECTOR('',#4183,1.);
#547=VECTOR('',#4194,1.);
#548=VECTOR('',#4201,1.);
#549=VECTOR('',#4204,1.);
#550=VECTOR('',#4207,1.);
#551=VECTOR('',#4210,1.);
#552=VECTOR('',#4215,1.);
#553=VECTOR('',#4216,1.);
#554=VECTOR('',#4219,1.);
#555=VECTOR('',#4224,1.);
#556=VECTOR('',#4229,1.);
#557=VECTOR('',#4230,1.);
#558=VECTOR('',#4233,1.);
#559=VECTOR('',#4236,1.);
#560=VECTOR('',#4237,1.);
#561=VECTOR('',#4240,1.);
#562=VECTOR('',#4243,1.);
#563=VECTOR('',#4244,1.);
#564=VECTOR('',#4257,1.);
#565=VECTOR('',#4266,1.);
#566=VECTOR('',#4269,1.);
#567=VECTOR('',#4274,1.);
#568=VECTOR('',#4275,1.);
#569=VECTOR('',#4282,1.);
#570=VECTOR('',#4283,1.);
#571=VECTOR('',#4300,1.);
#572=VECTOR('',#4301,1.);
#573=VECTOR('',#4318,1.);
#574=VECTOR('',#4323,1.);
#575=VECTOR('',#4330,1.);
#576=VECTOR('',#4339,1.);
#577=VECTOR('',#4340,1.);
#578=VECTOR('',#4343,1.);
#579=VECTOR('',#4346,1.);
#580=VECTOR('',#4349,1.);
#581=VECTOR('',#4352,1.);
#582=VECTOR('',#4355,1.);
#583=VECTOR('',#4358,1.);
#584=VECTOR('',#4361,1.);
#585=VECTOR('',#4370,1.);
#586=VECTOR('',#4377,1.);
#587=VECTOR('',#4382,1.);
#588=VECTOR('',#4395,1.);
#589=VECTOR('',#4406,1.);
#590=VECTOR('',#4409,1.);
#591=VECTOR('',#4414,1.);
#592=VECTOR('',#4415,1.);
#593=VECTOR('',#4422,1.);
#594=VECTOR('',#4423,1.);
#595=VECTOR('',#4440,1.);
#596=VECTOR('',#4441,1.);
#597=VECTOR('',#4460,1.);
#598=VECTOR('',#4463,1.);
#599=VECTOR('',#4466,1.);
#600=VECTOR('',#4469,1.);
#601=VECTOR('',#4472,1.);
#602=VECTOR('',#4475,1.);
#603=VECTOR('',#4478,1.);
#604=VECTOR('',#4483,1.);
#605=VECTOR('',#4486,1.);
#606=VECTOR('',#4495,1.);
#607=VECTOR('',#4498,1.);
#608=VECTOR('',#4499,1.);
#609=VECTOR('',#4504,1.);
#610=VECTOR('',#4507,1.);
#611=VECTOR('',#4512,1.);
#612=VECTOR('',#4515,1.);
#613=VECTOR('',#4518,1.);
#614=VECTOR('',#4521,1.);
#615=VECTOR('',#4526,1.);
#616=VECTOR('',#4529,1.);
#617=VECTOR('',#4540,1.);
#618=VECTOR('',#4551,1.);
#619=VECTOR('',#4562,1.);
#620=VECTOR('',#4565,1.);
#621=VECTOR('',#4574,1.);
#622=VECTOR('',#4577,1.);
#623=VECTOR('',#4580,1.);
#624=VECTOR('',#4583,1.);
#625=VECTOR('',#4584,1.);
#626=VECTOR('',#4587,1.);
#627=VECTOR('',#4590,1.);
#628=VECTOR('',#4593,1.);
#629=VECTOR('',#4598,1.);
#630=VECTOR('',#4601,1.);
#631=VECTOR('',#4604,1.);
#632=CONICAL_SURFACE('',#3325,0.00175,0.698131700797732);
#633=CONICAL_SURFACE('',#3328,0.00175,0.698131700797731);
#634=CONICAL_SURFACE('',#3654,0.00175,0.698131700797732);
#635=CONICAL_SURFACE('',#3660,0.00175,0.698131700797732);
#636=DEGENERATE_TOROIDAL_SURFACE('',#3312,0.000263563749899576,0.000399956164011435,
 .T.);
#637=DEGENERATE_TOROIDAL_SURFACE('',#3316,0.000269256029491951,0.000399957155057454,
 .T.);
#638=DEGENERATE_TOROIDAL_SURFACE('',#3320,0.000269254792603359,0.000399957160817123,
 .T.);
#639=DEGENERATE_TOROIDAL_SURFACE('',#3324,0.000263561857910539,0.00039995621855699,
 .T.);
#640=DEGENERATE_TOROIDAL_SURFACE('',#3529,5.E-5,0.0001,.T.);
#641=DEGENERATE_TOROIDAL_SURFACE('',#3531,4.99999999999861E-5,0.000100000000000005,
 .T.);
#642=DEGENERATE_TOROIDAL_SURFACE('',#3550,5.0000000000029E-5,9.99999999999956E-5,
 .T.);
#643=DEGENERATE_TOROIDAL_SURFACE('',#3552,5.E-5,0.0001,.T.);
#644=DEGENERATE_TOROIDAL_SURFACE('',#3568,5.00000000000024E-5,0.0001,.T.);
#645=DEGENERATE_TOROIDAL_SURFACE('',#3570,5.00000000000011E-5,0.000100000000000001,
 .T.);
#646=DEGENERATE_TOROIDAL_SURFACE('',#3587,5.0000000000031E-5,9.99999999999989E-5,
 .T.);
#647=DEGENERATE_TOROIDAL_SURFACE('',#3589,5.00000000000015E-5,0.0001,.T.);
#648=CIRCLE('',#3310,0.036192136262073);
#649=CIRCLE('',#3311,0.0365400098090499);
#650=CIRCLE('',#3314,0.0363107567346436);
#651=CIRCLE('',#3315,0.035965065756324);
#652=CIRCLE('',#3318,0.0365220630097903);
#653=CIRCLE('',#3319,0.0361743603225572);
#654=CIRCLE('',#3322,0.0363107567346436);
#655=CIRCLE('',#3323,0.035965065756324);
#656=CIRCLE('',#3326,0.00134057777545821);
#657=CIRCLE('',#3329,0.00134057777545821);
#658=CIRCLE('',#3334,0.0002);
#659=CIRCLE('',#3336,0.0002);
#660=CIRCLE('',#3341,0.0002);
#661=CIRCLE('',#3343,0.0002);
#662=CIRCLE('',#3345,0.0002);
#663=CIRCLE('',#3347,0.0002);
#664=CIRCLE('',#3352,0.0002);
#665=CIRCLE('',#3354,0.0002);
#666=CIRCLE('',#3369,0.00141291212378037);
#667=CIRCLE('',#3370,0.001446732944617);
#668=CIRCLE('',#3371,0.00138103585161372);
#669=CIRCLE('',#3372,0.00150354877687615);
#670=CIRCLE('',#3373,0.0003);
#671=CIRCLE('',#3374,0.00035);
#672=CIRCLE('',#3375,0.00035);
#673=CIRCLE('',#3376,0.0003);
#674=CIRCLE('',#3377,0.0003);
#675=CIRCLE('',#3378,0.00035);
#676=CIRCLE('',#3379,0.00035);
#677=CIRCLE('',#3380,0.0003);
#678=CIRCLE('',#3381,0.0003);
#679=CIRCLE('',#3382,0.00035);
#680=CIRCLE('',#3383,0.00035);
#681=CIRCLE('',#3384,0.0003);
#682=CIRCLE('',#3385,0.0003);
#683=CIRCLE('',#3386,0.00035);
#684=CIRCLE('',#3387,0.00035);
#685=CIRCLE('',#3388,0.0003);
#686=CIRCLE('',#3390,0.00150354877687615);
#687=CIRCLE('',#3393,0.00138103585161372);
#688=CIRCLE('',#3396,0.001446732944617);
#689=CIRCLE('',#3399,0.00141291212378037);
#690=CIRCLE('',#3407,0.000749999985098839);
#691=CIRCLE('',#3410,0.000749999985098837);
#692=CIRCLE('',#3416,0.0002);
#693=CIRCLE('',#3417,0.0001);
#694=CIRCLE('',#3419,0.0002);
#695=CIRCLE('',#3421,0.0002);
#696=CIRCLE('',#3422,0.00015);
#697=CIRCLE('',#3424,0.0002);
#698=CIRCLE('',#3426,0.0002);
#699=CIRCLE('',#3427,0.0002);
#700=CIRCLE('',#3429,0.0001);
#701=CIRCLE('',#3431,0.00015);
#702=CIRCLE('',#3434,0.0002);
#703=CIRCLE('',#3435,0.0001);
#704=CIRCLE('',#3437,0.0002);
#705=CIRCLE('',#3439,0.0002);
#706=CIRCLE('',#3440,0.00015);
#707=CIRCLE('',#3442,0.0002);
#708=CIRCLE('',#3444,0.0002);
#709=CIRCLE('',#3445,0.00015);
#710=CIRCLE('',#3447,0.0002);
#711=CIRCLE('',#3449,0.0001);
#712=CIRCLE('',#3452,0.0001);
#713=CIRCLE('',#3454,0.0001);
#714=CIRCLE('',#3457,0.0001);
#715=CIRCLE('',#3459,0.0001);
#716=CIRCLE('',#3470,0.0002);
#717=CIRCLE('',#3471,0.0001);
#718=CIRCLE('',#3473,0.0002);
#719=CIRCLE('',#3475,0.0002);
#720=CIRCLE('',#3476,0.00015);
#721=CIRCLE('',#3478,0.0002);
#722=CIRCLE('',#3480,0.0002);
#723=CIRCLE('',#3481,0.0002);
#724=CIRCLE('',#3483,0.0001);
#725=CIRCLE('',#3485,0.00015);
#726=CIRCLE('',#3487,0.0002);
#727=CIRCLE('',#3488,0.0001);
#728=CIRCLE('',#3490,0.0002);
#729=CIRCLE('',#3492,0.0002);
#730=CIRCLE('',#3493,0.00015);
#731=CIRCLE('',#3495,0.0002);
#732=CIRCLE('',#3497,0.0002);
#733=CIRCLE('',#3498,0.00015);
#734=CIRCLE('',#3500,0.0002);
#735=CIRCLE('',#3502,0.0001);
#736=CIRCLE('',#3505,0.0001);
#737=CIRCLE('',#3507,0.0001);
#738=CIRCLE('',#3510,0.0001);
#739=CIRCLE('',#3512,0.0001);
#740=CIRCLE('',#3519,0.0001);
#741=CIRCLE('',#3520,0.0002);
#742=CIRCLE('',#3521,0.0001);
#743=CIRCLE('',#3523,0.0001);
#744=CIRCLE('',#3525,0.0001);
#745=CIRCLE('',#3526,0.0002);
#746=CIRCLE('',#3528,0.0001);
#747=CIRCLE('',#3533,0.0001);
#748=CIRCLE('',#3536,0.0001);
#749=CIRCLE('',#3537,0.0001);
#750=CIRCLE('',#3538,0.0001);
#751=CIRCLE('',#3539,0.0002);
#752=CIRCLE('',#3541,0.0001);
#753=CIRCLE('',#3543,0.0001);
#754=CIRCLE('',#3544,0.0001);
#755=CIRCLE('',#3545,0.0002);
#756=CIRCLE('',#3547,0.0001);
#757=CIRCLE('',#3549,0.0001);
#758=CIRCLE('',#3554,0.0001);
#759=CIRCLE('',#3556,0.0001);
#760=CIRCLE('',#3572,0.0001);
#761=CIRCLE('',#3574,0.0001);
#762=CIRCLE('',#3576,0.0001);
#763=CIRCLE('',#3577,0.0002);
#764=CIRCLE('',#3578,0.0001);
#765=CIRCLE('',#3580,0.0001);
#766=CIRCLE('',#3582,0.0001);
#767=CIRCLE('',#3583,0.0002);
#768=CIRCLE('',#3586,0.0001);
#769=CIRCLE('',#3591,0.0001);
#770=CIRCLE('',#3594,0.0001);
#771=CIRCLE('',#3595,0.0001);
#772=CIRCLE('',#3596,0.0001);
#773=CIRCLE('',#3597,0.0002);
#774=CIRCLE('',#3599,0.0001);
#775=CIRCLE('',#3601,0.0001);
#776=CIRCLE('',#3602,0.0001);
#777=CIRCLE('',#3603,0.0002);
#778=CIRCLE('',#3605,0.0001);
#779=CIRCLE('',#3607,0.0001);
#780=CIRCLE('',#3621,0.000749999985098839);
#781=CIRCLE('',#3624,0.000749999985098838);
#782=CIRCLE('',#3627,0.00175);
#783=CIRCLE('',#3628,0.00175);
#784=CIRCLE('',#3629,0.00175);
#785=CIRCLE('',#3630,0.00175);
#786=CIRCLE('',#3632,0.00175);
#787=CIRCLE('',#3633,0.00175);
#788=CIRCLE('',#3635,0.00175);
#789=CIRCLE('',#3636,0.00175);
#790=CIRCLE('',#3637,0.00134057777545821);
#791=CIRCLE('',#3639,0.00175);
#792=CIRCLE('',#3641,0.00175);
#793=CIRCLE('',#3642,0.00175);
#794=CIRCLE('',#3644,0.00175);
#795=CIRCLE('',#3646,0.00175);
#796=CIRCLE('',#3647,0.00175);
#797=CIRCLE('',#3649,0.00175);
#798=CIRCLE('',#3651,0.00175);
#799=CIRCLE('',#3652,0.00134057777545821);
#800=ORIENTED_EDGE('',*,*,#1760,.T.);
#801=ORIENTED_EDGE('',*,*,#1761,.T.);
#802=ORIENTED_EDGE('',*,*,#1762,.T.);
#803=ORIENTED_EDGE('',*,*,#1763,.T.);
#804=ORIENTED_EDGE('',*,*,#1764,.T.);
#805=ORIENTED_EDGE('',*,*,#1765,.T.);
#806=ORIENTED_EDGE('',*,*,#1762,.F.);
#807=ORIENTED_EDGE('',*,*,#1766,.T.);
#808=ORIENTED_EDGE('',*,*,#1767,.T.);
#809=ORIENTED_EDGE('',*,*,#1768,.T.);
#810=ORIENTED_EDGE('',*,*,#1764,.F.);
#811=ORIENTED_EDGE('',*,*,#1769,.T.);
#812=ORIENTED_EDGE('',*,*,#1770,.T.);
#813=ORIENTED_EDGE('',*,*,#1771,.T.);
#814=ORIENTED_EDGE('',*,*,#1767,.F.);
#815=ORIENTED_EDGE('',*,*,#1772,.T.);
#816=ORIENTED_EDGE('',*,*,#1773,.T.);
#817=ORIENTED_EDGE('',*,*,#1774,.T.);
#818=ORIENTED_EDGE('',*,*,#1770,.F.);
#819=ORIENTED_EDGE('',*,*,#1775,.T.);
#820=ORIENTED_EDGE('',*,*,#1776,.T.);
#821=ORIENTED_EDGE('',*,*,#1777,.T.);
#822=ORIENTED_EDGE('',*,*,#1773,.F.);
#823=ORIENTED_EDGE('',*,*,#1778,.T.);
#824=ORIENTED_EDGE('',*,*,#1779,.T.);
#825=ORIENTED_EDGE('',*,*,#1780,.T.);
#826=ORIENTED_EDGE('',*,*,#1776,.F.);
#827=ORIENTED_EDGE('',*,*,#1781,.T.);
#828=ORIENTED_EDGE('',*,*,#1760,.F.);
#829=ORIENTED_EDGE('',*,*,#1782,.T.);
#830=ORIENTED_EDGE('',*,*,#1779,.F.);
#831=ORIENTED_EDGE('',*,*,#1783,.T.);
#832=ORIENTED_EDGE('',*,*,#1777,.F.);
#833=ORIENTED_EDGE('',*,*,#1784,.F.);
#834=ORIENTED_EDGE('',*,*,#1785,.F.);
#835=ORIENTED_EDGE('',*,*,#1786,.F.);
#836=ORIENTED_EDGE('',*,*,#1780,.F.);
#837=ORIENTED_EDGE('',*,*,#1787,.T.);
#838=ORIENTED_EDGE('',*,*,#1788,.F.);
#839=ORIENTED_EDGE('',*,*,#1784,.T.);
#840=ORIENTED_EDGE('',*,*,#1782,.F.);
#841=ORIENTED_EDGE('',*,*,#1789,.F.);
#842=ORIENTED_EDGE('',*,*,#1790,.F.);
#843=ORIENTED_EDGE('',*,*,#1787,.F.);
#844=ORIENTED_EDGE('',*,*,#1763,.F.);
#845=ORIENTED_EDGE('',*,*,#1791,.T.);
#846=ORIENTED_EDGE('',*,*,#1792,.F.);
#847=ORIENTED_EDGE('',*,*,#1789,.T.);
#848=ORIENTED_EDGE('',*,*,#1761,.F.);
#849=ORIENTED_EDGE('',*,*,#1783,.F.);
#850=ORIENTED_EDGE('',*,*,#1781,.F.);
#851=ORIENTED_EDGE('',*,*,#1778,.F.);
#852=ORIENTED_EDGE('',*,*,#1775,.F.);
#853=ORIENTED_EDGE('',*,*,#1772,.F.);
#854=ORIENTED_EDGE('',*,*,#1769,.F.);
#855=ORIENTED_EDGE('',*,*,#1766,.F.);
#856=ORIENTED_EDGE('',*,*,#1793,.F.);
#857=ORIENTED_EDGE('',*,*,#1794,.F.);
#858=ORIENTED_EDGE('',*,*,#1795,.F.);
#859=ORIENTED_EDGE('',*,*,#1796,.T.);
#860=ORIENTED_EDGE('',*,*,#1797,.F.);
#861=ORIENTED_EDGE('',*,*,#1798,.F.);
#862=ORIENTED_EDGE('',*,*,#1799,.F.);
#863=ORIENTED_EDGE('',*,*,#1800,.F.);
#864=ORIENTED_EDGE('',*,*,#1801,.F.);
#865=ORIENTED_EDGE('',*,*,#1802,.F.);
#866=ORIENTED_EDGE('',*,*,#1803,.F.);
#867=ORIENTED_EDGE('',*,*,#1804,.T.);
#868=ORIENTED_EDGE('',*,*,#1805,.F.);
#869=ORIENTED_EDGE('',*,*,#1806,.F.);
#870=ORIENTED_EDGE('',*,*,#1807,.F.);
#871=ORIENTED_EDGE('',*,*,#1798,.T.);
#872=ORIENTED_EDGE('',*,*,#1808,.F.);
#873=ORIENTED_EDGE('',*,*,#1809,.F.);
#874=ORIENTED_EDGE('',*,*,#1810,.F.);
#875=ORIENTED_EDGE('',*,*,#1806,.T.);
#876=ORIENTED_EDGE('',*,*,#1811,.F.);
#877=ORIENTED_EDGE('',*,*,#1812,.F.);
#878=ORIENTED_EDGE('',*,*,#1813,.F.);
#879=ORIENTED_EDGE('',*,*,#1809,.T.);
#880=ORIENTED_EDGE('',*,*,#1814,.F.);
#881=ORIENTED_EDGE('',*,*,#1815,.F.);
#882=ORIENTED_EDGE('',*,*,#1816,.T.);
#883=ORIENTED_EDGE('',*,*,#1817,.F.);
#884=ORIENTED_EDGE('',*,*,#1818,.F.);
#885=ORIENTED_EDGE('',*,*,#1819,.F.);
#886=ORIENTED_EDGE('',*,*,#1796,.F.);
#887=ORIENTED_EDGE('',*,*,#1820,.F.);
#888=ORIENTED_EDGE('',*,*,#1821,.F.);
#889=ORIENTED_EDGE('',*,*,#1822,.F.);
#890=ORIENTED_EDGE('',*,*,#1823,.F.);
#891=ORIENTED_EDGE('',*,*,#1812,.T.);
#892=ORIENTED_EDGE('',*,*,#1824,.F.);
#893=ORIENTED_EDGE('',*,*,#1825,.F.);
#894=ORIENTED_EDGE('',*,*,#1826,.F.);
#895=ORIENTED_EDGE('',*,*,#1827,.F.);
#896=ORIENTED_EDGE('',*,*,#1828,.F.);
#897=ORIENTED_EDGE('',*,*,#1827,.T.);
#898=ORIENTED_EDGE('',*,*,#1829,.T.);
#899=ORIENTED_EDGE('',*,*,#1830,.T.);
#900=ORIENTED_EDGE('',*,*,#1831,.T.);
#901=ORIENTED_EDGE('',*,*,#1832,.T.);
#902=ORIENTED_EDGE('',*,*,#1833,.T.);
#903=ORIENTED_EDGE('',*,*,#1834,.T.);
#904=ORIENTED_EDGE('',*,*,#1835,.F.);
#905=ORIENTED_EDGE('',*,*,#1799,.T.);
#906=ORIENTED_EDGE('',*,*,#1807,.T.);
#907=ORIENTED_EDGE('',*,*,#1810,.T.);
#908=ORIENTED_EDGE('',*,*,#1813,.T.);
#909=ORIENTED_EDGE('',*,*,#1823,.T.);
#910=ORIENTED_EDGE('',*,*,#1836,.F.);
#911=ORIENTED_EDGE('',*,*,#1837,.T.);
#912=ORIENTED_EDGE('',*,*,#1838,.T.);
#913=ORIENTED_EDGE('',*,*,#1839,.T.);
#914=ORIENTED_EDGE('',*,*,#1840,.T.);
#915=ORIENTED_EDGE('',*,*,#1815,.T.);
#916=ORIENTED_EDGE('',*,*,#1841,.F.);
#917=ORIENTED_EDGE('',*,*,#1820,.T.);
#918=ORIENTED_EDGE('',*,*,#1795,.T.);
#919=ORIENTED_EDGE('',*,*,#1842,.T.);
#920=ORIENTED_EDGE('',*,*,#1843,.T.);
#921=ORIENTED_EDGE('',*,*,#1844,.T.);
#922=ORIENTED_EDGE('',*,*,#1845,.T.);
#923=ORIENTED_EDGE('',*,*,#1803,.T.);
#924=ORIENTED_EDGE('',*,*,#1846,.F.);
#925=ORIENTED_EDGE('',*,*,#1847,.F.);
#926=ORIENTED_EDGE('',*,*,#1848,.F.);
#927=ORIENTED_EDGE('',*,*,#1837,.F.);
#928=ORIENTED_EDGE('',*,*,#1849,.F.);
#929=ORIENTED_EDGE('',*,*,#1850,.F.);
#930=ORIENTED_EDGE('',*,*,#1834,.F.);
#931=ORIENTED_EDGE('',*,*,#1851,.T.);
#932=ORIENTED_EDGE('',*,*,#1852,.F.);
#933=ORIENTED_EDGE('',*,*,#1853,.F.);
#934=ORIENTED_EDGE('',*,*,#1842,.F.);
#935=ORIENTED_EDGE('',*,*,#1794,.T.);
#936=ORIENTED_EDGE('',*,*,#1854,.F.);
#937=ORIENTED_EDGE('',*,*,#1855,.F.);
#938=ORIENTED_EDGE('',*,*,#1843,.F.);
#939=ORIENTED_EDGE('',*,*,#1853,.T.);
#940=ORIENTED_EDGE('',*,*,#1856,.F.);
#941=ORIENTED_EDGE('',*,*,#1857,.F.);
#942=ORIENTED_EDGE('',*,*,#1844,.F.);
#943=ORIENTED_EDGE('',*,*,#1855,.T.);
#944=ORIENTED_EDGE('',*,*,#1858,.F.);
#945=ORIENTED_EDGE('',*,*,#1804,.F.);
#946=ORIENTED_EDGE('',*,*,#1845,.F.);
#947=ORIENTED_EDGE('',*,*,#1857,.T.);
#948=ORIENTED_EDGE('',*,*,#1859,.F.);
#949=ORIENTED_EDGE('',*,*,#1860,.F.);
#950=ORIENTED_EDGE('',*,*,#1829,.F.);
#951=ORIENTED_EDGE('',*,*,#1826,.T.);
#952=ORIENTED_EDGE('',*,*,#1861,.F.);
#953=ORIENTED_EDGE('',*,*,#1862,.F.);
#954=ORIENTED_EDGE('',*,*,#1830,.F.);
#955=ORIENTED_EDGE('',*,*,#1860,.T.);
#956=ORIENTED_EDGE('',*,*,#1863,.F.);
#957=ORIENTED_EDGE('',*,*,#1864,.F.);
#958=ORIENTED_EDGE('',*,*,#1831,.F.);
#959=ORIENTED_EDGE('',*,*,#1862,.T.);
#960=ORIENTED_EDGE('',*,*,#1865,.F.);
#961=ORIENTED_EDGE('',*,*,#1866,.F.);
#962=ORIENTED_EDGE('',*,*,#1832,.F.);
#963=ORIENTED_EDGE('',*,*,#1864,.T.);
#964=ORIENTED_EDGE('',*,*,#1867,.F.);
#965=ORIENTED_EDGE('',*,*,#1851,.F.);
#966=ORIENTED_EDGE('',*,*,#1833,.F.);
#967=ORIENTED_EDGE('',*,*,#1866,.T.);
#968=ORIENTED_EDGE('',*,*,#1868,.F.);
#969=ORIENTED_EDGE('',*,*,#1869,.F.);
#970=ORIENTED_EDGE('',*,*,#1838,.F.);
#971=ORIENTED_EDGE('',*,*,#1848,.T.);
#972=ORIENTED_EDGE('',*,*,#1870,.F.);
#973=ORIENTED_EDGE('',*,*,#1871,.F.);
#974=ORIENTED_EDGE('',*,*,#1839,.F.);
#975=ORIENTED_EDGE('',*,*,#1869,.T.);
#976=ORIENTED_EDGE('',*,*,#1872,.F.);
#977=ORIENTED_EDGE('',*,*,#1816,.F.);
#978=ORIENTED_EDGE('',*,*,#1840,.F.);
#979=ORIENTED_EDGE('',*,*,#1871,.T.);
#980=ORIENTED_EDGE('',*,*,#1800,.T.);
#981=ORIENTED_EDGE('',*,*,#1835,.T.);
#982=ORIENTED_EDGE('',*,*,#1814,.T.);
#983=ORIENTED_EDGE('',*,*,#1873,.T.);
#984=ORIENTED_EDGE('',*,*,#1874,.F.);
#985=ORIENTED_EDGE('',*,*,#1875,.F.);
#986=ORIENTED_EDGE('',*,*,#1876,.F.);
#987=ORIENTED_EDGE('',*,*,#1877,.T.);
#988=ORIENTED_EDGE('',*,*,#1878,.F.);
#989=ORIENTED_EDGE('',*,*,#1879,.F.);
#990=ORIENTED_EDGE('',*,*,#1880,.F.);
#991=ORIENTED_EDGE('',*,*,#1881,.T.);
#992=ORIENTED_EDGE('',*,*,#1882,.F.);
#993=ORIENTED_EDGE('',*,*,#1883,.F.);
#994=ORIENTED_EDGE('',*,*,#1884,.F.);
#995=ORIENTED_EDGE('',*,*,#1885,.F.);
#996=ORIENTED_EDGE('',*,*,#1886,.T.);
#997=ORIENTED_EDGE('',*,*,#1887,.T.);
#998=ORIENTED_EDGE('',*,*,#1888,.T.);
#999=ORIENTED_EDGE('',*,*,#1889,.T.);
#1000=ORIENTED_EDGE('',*,*,#1801,.T.);
#1001=ORIENTED_EDGE('',*,*,#1858,.T.);
#1002=ORIENTED_EDGE('',*,*,#1856,.T.);
#1003=ORIENTED_EDGE('',*,*,#1854,.T.);
#1004=ORIENTED_EDGE('',*,*,#1852,.T.);
#1005=ORIENTED_EDGE('',*,*,#1793,.T.);
#1006=ORIENTED_EDGE('',*,*,#1819,.T.);
#1007=ORIENTED_EDGE('',*,*,#1890,.F.);
#1008=ORIENTED_EDGE('',*,*,#1891,.F.);
#1009=ORIENTED_EDGE('',*,*,#1892,.F.);
#1010=ORIENTED_EDGE('',*,*,#1893,.F.);
#1011=ORIENTED_EDGE('',*,*,#1894,.F.);
#1012=ORIENTED_EDGE('',*,*,#1895,.F.);
#1013=ORIENTED_EDGE('',*,*,#1896,.F.);
#1014=ORIENTED_EDGE('',*,*,#1897,.F.);
#1015=ORIENTED_EDGE('',*,*,#1873,.F.);
#1016=ORIENTED_EDGE('',*,*,#1817,.T.);
#1017=ORIENTED_EDGE('',*,*,#1872,.T.);
#1018=ORIENTED_EDGE('',*,*,#1870,.T.);
#1019=ORIENTED_EDGE('',*,*,#1868,.T.);
#1020=ORIENTED_EDGE('',*,*,#1847,.T.);
#1021=ORIENTED_EDGE('',*,*,#1898,.F.);
#1022=ORIENTED_EDGE('',*,*,#1899,.F.);
#1023=ORIENTED_EDGE('',*,*,#1900,.F.);
#1024=ORIENTED_EDGE('',*,*,#1901,.F.);
#1025=ORIENTED_EDGE('',*,*,#1902,.F.);
#1026=ORIENTED_EDGE('',*,*,#1903,.F.);
#1027=ORIENTED_EDGE('',*,*,#1904,.F.);
#1028=ORIENTED_EDGE('',*,*,#1905,.F.);
#1029=ORIENTED_EDGE('',*,*,#1906,.F.);
#1030=ORIENTED_EDGE('',*,*,#1849,.T.);
#1031=ORIENTED_EDGE('',*,*,#1867,.T.);
#1032=ORIENTED_EDGE('',*,*,#1865,.T.);
#1033=ORIENTED_EDGE('',*,*,#1863,.T.);
#1034=ORIENTED_EDGE('',*,*,#1861,.T.);
#1035=ORIENTED_EDGE('',*,*,#1859,.T.);
#1036=ORIENTED_EDGE('',*,*,#1825,.T.);
#1037=ORIENTED_EDGE('',*,*,#1907,.F.);
#1038=ORIENTED_EDGE('',*,*,#1908,.F.);
#1039=ORIENTED_EDGE('',*,*,#1909,.F.);
#1040=ORIENTED_EDGE('',*,*,#1910,.F.);
#1041=ORIENTED_EDGE('',*,*,#1911,.F.);
#1042=ORIENTED_EDGE('',*,*,#1912,.F.);
#1043=ORIENTED_EDGE('',*,*,#1913,.F.);
#1044=ORIENTED_EDGE('',*,*,#1914,.F.);
#1045=ORIENTED_EDGE('',*,*,#1915,.F.);
#1046=ORIENTED_EDGE('',*,*,#1821,.T.);
#1047=ORIENTED_EDGE('',*,*,#1811,.T.);
#1048=ORIENTED_EDGE('',*,*,#1808,.T.);
#1049=ORIENTED_EDGE('',*,*,#1805,.T.);
#1050=ORIENTED_EDGE('',*,*,#1797,.T.);
#1051=ORIENTED_EDGE('',*,*,#1881,.F.);
#1052=ORIENTED_EDGE('',*,*,#1916,.F.);
#1053=ORIENTED_EDGE('',*,*,#1917,.F.);
#1054=ORIENTED_EDGE('',*,*,#1918,.F.);
#1055=ORIENTED_EDGE('',*,*,#1919,.F.);
#1056=ORIENTED_EDGE('',*,*,#1920,.F.);
#1057=ORIENTED_EDGE('',*,*,#1921,.F.);
#1058=ORIENTED_EDGE('',*,*,#1922,.F.);
#1059=ORIENTED_EDGE('',*,*,#1923,.F.);
#1060=ORIENTED_EDGE('',*,*,#1924,.T.);
#1061=ORIENTED_EDGE('',*,*,#1889,.F.);
#1062=ORIENTED_EDGE('',*,*,#1924,.F.);
#1063=ORIENTED_EDGE('',*,*,#1925,.T.);
#1064=ORIENTED_EDGE('',*,*,#1888,.F.);
#1065=ORIENTED_EDGE('',*,*,#1925,.F.);
#1066=ORIENTED_EDGE('',*,*,#1926,.T.);
#1067=ORIENTED_EDGE('',*,*,#1887,.F.);
#1068=ORIENTED_EDGE('',*,*,#1926,.F.);
#1069=ORIENTED_EDGE('',*,*,#1927,.T.);
#1070=ORIENTED_EDGE('',*,*,#1886,.F.);
#1071=ORIENTED_EDGE('',*,*,#1927,.F.);
#1072=ORIENTED_EDGE('',*,*,#1928,.T.);
#1073=ORIENTED_EDGE('',*,*,#1929,.T.);
#1074=ORIENTED_EDGE('',*,*,#1930,.T.);
#1075=ORIENTED_EDGE('',*,*,#1931,.T.);
#1076=ORIENTED_EDGE('',*,*,#1932,.T.);
#1077=ORIENTED_EDGE('',*,*,#1933,.T.);
#1078=ORIENTED_EDGE('',*,*,#1934,.T.);
#1079=ORIENTED_EDGE('',*,*,#1935,.T.);
#1080=ORIENTED_EDGE('',*,*,#1936,.T.);
#1081=ORIENTED_EDGE('',*,*,#1937,.T.);
#1082=ORIENTED_EDGE('',*,*,#1938,.T.);
#1083=ORIENTED_EDGE('',*,*,#1939,.T.);
#1084=ORIENTED_EDGE('',*,*,#1930,.F.);
#1085=ORIENTED_EDGE('',*,*,#1882,.T.);
#1086=ORIENTED_EDGE('',*,*,#1938,.F.);
#1087=ORIENTED_EDGE('',*,*,#1940,.T.);
#1088=ORIENTED_EDGE('',*,*,#1935,.F.);
#1089=ORIENTED_EDGE('',*,*,#1941,.T.);
#1090=ORIENTED_EDGE('',*,*,#1939,.F.);
#1091=ORIENTED_EDGE('',*,*,#1885,.T.);
#1092=ORIENTED_EDGE('',*,*,#1932,.F.);
#1093=ORIENTED_EDGE('',*,*,#1942,.T.);
#1094=ORIENTED_EDGE('',*,*,#1936,.F.);
#1095=ORIENTED_EDGE('',*,*,#1884,.T.);
#1096=ORIENTED_EDGE('',*,*,#1929,.F.);
#1097=ORIENTED_EDGE('',*,*,#1943,.T.);
#1098=ORIENTED_EDGE('',*,*,#1933,.F.);
#1099=ORIENTED_EDGE('',*,*,#1883,.T.);
#1100=ORIENTED_EDGE('',*,*,#1943,.F.);
#1101=ORIENTED_EDGE('',*,*,#1944,.F.);
#1102=ORIENTED_EDGE('',*,*,#1945,.F.);
#1103=ORIENTED_EDGE('',*,*,#1946,.T.);
#1104=ORIENTED_EDGE('',*,*,#1928,.F.);
#1105=ORIENTED_EDGE('',*,*,#1947,.F.);
#1106=ORIENTED_EDGE('',*,*,#1948,.F.);
#1107=ORIENTED_EDGE('',*,*,#1944,.T.);
#1108=ORIENTED_EDGE('',*,*,#1940,.F.);
#1109=ORIENTED_EDGE('',*,*,#1949,.F.);
#1110=ORIENTED_EDGE('',*,*,#1950,.F.);
#1111=ORIENTED_EDGE('',*,*,#1947,.T.);
#1112=ORIENTED_EDGE('',*,*,#1937,.F.);
#1113=ORIENTED_EDGE('',*,*,#1951,.F.);
#1114=ORIENTED_EDGE('',*,*,#1952,.F.);
#1115=ORIENTED_EDGE('',*,*,#1949,.T.);
#1116=ORIENTED_EDGE('',*,*,#1953,.T.);
#1117=ORIENTED_EDGE('',*,*,#1954,.T.);
#1118=ORIENTED_EDGE('',*,*,#1955,.T.);
#1119=ORIENTED_EDGE('',*,*,#1956,.T.);
#1120=ORIENTED_EDGE('',*,*,#1957,.T.);
#1121=ORIENTED_EDGE('',*,*,#1958,.T.);
#1122=ORIENTED_EDGE('',*,*,#1959,.T.);
#1123=ORIENTED_EDGE('',*,*,#1960,.T.);
#1124=ORIENTED_EDGE('',*,*,#1961,.T.);
#1125=ORIENTED_EDGE('',*,*,#1962,.T.);
#1126=ORIENTED_EDGE('',*,*,#1963,.T.);
#1127=ORIENTED_EDGE('',*,*,#1964,.T.);
#1128=ORIENTED_EDGE('',*,*,#1965,.T.);
#1129=ORIENTED_EDGE('',*,*,#1966,.T.);
#1130=ORIENTED_EDGE('',*,*,#1967,.T.);
#1131=ORIENTED_EDGE('',*,*,#1968,.T.);
#1132=ORIENTED_EDGE('',*,*,#1969,.T.);
#1133=ORIENTED_EDGE('',*,*,#1970,.T.);
#1134=ORIENTED_EDGE('',*,*,#1971,.T.);
#1135=ORIENTED_EDGE('',*,*,#1972,.T.);
#1136=ORIENTED_EDGE('',*,*,#1957,.F.);
#1137=ORIENTED_EDGE('',*,*,#1914,.T.);
#1138=ORIENTED_EDGE('',*,*,#1973,.T.);
#1139=ORIENTED_EDGE('',*,*,#1974,.T.);
#1140=ORIENTED_EDGE('',*,*,#1975,.T.);
#1141=ORIENTED_EDGE('',*,*,#1976,.T.);
#1142=ORIENTED_EDGE('',*,*,#1973,.F.);
#1143=ORIENTED_EDGE('',*,*,#1913,.T.);
#1144=ORIENTED_EDGE('',*,*,#1977,.T.);
#1145=ORIENTED_EDGE('',*,*,#1978,.T.);
#1146=ORIENTED_EDGE('',*,*,#1975,.F.);
#1147=ORIENTED_EDGE('',*,*,#1912,.T.);
#1148=ORIENTED_EDGE('',*,*,#1979,.T.);
#1149=ORIENTED_EDGE('',*,*,#1980,.T.);
#1150=ORIENTED_EDGE('',*,*,#1977,.F.);
#1151=ORIENTED_EDGE('',*,*,#1911,.T.);
#1152=ORIENTED_EDGE('',*,*,#1981,.T.);
#1153=ORIENTED_EDGE('',*,*,#1909,.T.);
#1154=ORIENTED_EDGE('',*,*,#1982,.T.);
#1155=ORIENTED_EDGE('',*,*,#1983,.T.);
#1156=ORIENTED_EDGE('',*,*,#1969,.F.);
#1157=ORIENTED_EDGE('',*,*,#1984,.T.);
#1158=ORIENTED_EDGE('',*,*,#1982,.F.);
#1159=ORIENTED_EDGE('',*,*,#1908,.T.);
#1160=ORIENTED_EDGE('',*,*,#1981,.F.);
#1161=ORIENTED_EDGE('',*,*,#1985,.T.);
#1162=ORIENTED_EDGE('',*,*,#1979,.F.);
#1163=ORIENTED_EDGE('',*,*,#1910,.T.);
#1164=ORIENTED_EDGE('',*,*,#1850,.T.);
#1165=ORIENTED_EDGE('',*,*,#1906,.T.);
#1166=ORIENTED_EDGE('',*,*,#1966,.F.);
#1167=ORIENTED_EDGE('',*,*,#1965,.F.);
#1168=ORIENTED_EDGE('',*,*,#1964,.F.);
#1169=ORIENTED_EDGE('',*,*,#1986,.T.);
#1170=ORIENTED_EDGE('',*,*,#1972,.F.);
#1171=ORIENTED_EDGE('',*,*,#1971,.F.);
#1172=ORIENTED_EDGE('',*,*,#1970,.F.);
#1173=ORIENTED_EDGE('',*,*,#1907,.T.);
#1174=ORIENTED_EDGE('',*,*,#1824,.T.);
#1175=ORIENTED_EDGE('',*,*,#1828,.T.);
#1176=ORIENTED_EDGE('',*,*,#1967,.F.);
#1177=ORIENTED_EDGE('',*,*,#1905,.T.);
#1178=ORIENTED_EDGE('',*,*,#1987,.T.);
#1179=ORIENTED_EDGE('',*,*,#1988,.T.);
#1180=ORIENTED_EDGE('',*,*,#1989,.T.);
#1181=ORIENTED_EDGE('',*,*,#1990,.T.);
#1182=ORIENTED_EDGE('',*,*,#1987,.F.);
#1183=ORIENTED_EDGE('',*,*,#1904,.T.);
#1184=ORIENTED_EDGE('',*,*,#1991,.T.);
#1185=ORIENTED_EDGE('',*,*,#1992,.T.);
#1186=ORIENTED_EDGE('',*,*,#1989,.F.);
#1187=ORIENTED_EDGE('',*,*,#1903,.T.);
#1188=ORIENTED_EDGE('',*,*,#1993,.T.);
#1189=ORIENTED_EDGE('',*,*,#1994,.T.);
#1190=ORIENTED_EDGE('',*,*,#1991,.F.);
#1191=ORIENTED_EDGE('',*,*,#1902,.T.);
#1192=ORIENTED_EDGE('',*,*,#1995,.T.);
#1193=ORIENTED_EDGE('',*,*,#1996,.T.);
#1194=ORIENTED_EDGE('',*,*,#1993,.F.);
#1195=ORIENTED_EDGE('',*,*,#1901,.T.);
#1196=ORIENTED_EDGE('',*,*,#1997,.T.);
#1197=ORIENTED_EDGE('',*,*,#1998,.T.);
#1198=ORIENTED_EDGE('',*,*,#1995,.F.);
#1199=ORIENTED_EDGE('',*,*,#1900,.T.);
#1200=ORIENTED_EDGE('',*,*,#1959,.F.);
#1201=ORIENTED_EDGE('',*,*,#1999,.T.);
#1202=ORIENTED_EDGE('',*,*,#1997,.F.);
#1203=ORIENTED_EDGE('',*,*,#1899,.T.);
#1204=ORIENTED_EDGE('',*,*,#1822,.T.);
#1205=ORIENTED_EDGE('',*,*,#1915,.T.);
#1206=ORIENTED_EDGE('',*,*,#1956,.F.);
#1207=ORIENTED_EDGE('',*,*,#1955,.F.);
#1208=ORIENTED_EDGE('',*,*,#1954,.F.);
#1209=ORIENTED_EDGE('',*,*,#2000,.T.);
#1210=ORIENTED_EDGE('',*,*,#1962,.F.);
#1211=ORIENTED_EDGE('',*,*,#1961,.F.);
#1212=ORIENTED_EDGE('',*,*,#1960,.F.);
#1213=ORIENTED_EDGE('',*,*,#1898,.T.);
#1214=ORIENTED_EDGE('',*,*,#1846,.T.);
#1215=ORIENTED_EDGE('',*,*,#1836,.T.);
#1216=ORIENTED_EDGE('',*,*,#1999,.F.);
#1217=ORIENTED_EDGE('',*,*,#2001,.F.);
#1218=ORIENTED_EDGE('',*,*,#2002,.F.);
#1219=ORIENTED_EDGE('',*,*,#2003,.T.);
#1220=ORIENTED_EDGE('',*,*,#1958,.F.);
#1221=ORIENTED_EDGE('',*,*,#2004,.T.);
#1222=ORIENTED_EDGE('',*,*,#2005,.F.);
#1223=ORIENTED_EDGE('',*,*,#2001,.T.);
#1224=ORIENTED_EDGE('',*,*,#2000,.F.);
#1225=ORIENTED_EDGE('',*,*,#2006,.F.);
#1226=ORIENTED_EDGE('',*,*,#2007,.F.);
#1227=ORIENTED_EDGE('',*,*,#2004,.F.);
#1228=ORIENTED_EDGE('',*,*,#1953,.F.);
#1229=ORIENTED_EDGE('',*,*,#2008,.F.);
#1230=ORIENTED_EDGE('',*,*,#2009,.F.);
#1231=ORIENTED_EDGE('',*,*,#2006,.T.);
#1232=ORIENTED_EDGE('',*,*,#1974,.F.);
#1233=ORIENTED_EDGE('',*,*,#2010,.T.);
#1234=ORIENTED_EDGE('',*,*,#2011,.F.);
#1235=ORIENTED_EDGE('',*,*,#2008,.T.);
#1236=ORIENTED_EDGE('',*,*,#1976,.F.);
#1237=ORIENTED_EDGE('',*,*,#2012,.F.);
#1238=ORIENTED_EDGE('',*,*,#2013,.F.);
#1239=ORIENTED_EDGE('',*,*,#2010,.F.);
#1240=ORIENTED_EDGE('',*,*,#1978,.F.);
#1241=ORIENTED_EDGE('',*,*,#2014,.T.);
#1242=ORIENTED_EDGE('',*,*,#2015,.F.);
#1243=ORIENTED_EDGE('',*,*,#2012,.T.);
#1244=ORIENTED_EDGE('',*,*,#1980,.F.);
#1245=ORIENTED_EDGE('',*,*,#2016,.F.);
#1246=ORIENTED_EDGE('',*,*,#2017,.F.);
#1247=ORIENTED_EDGE('',*,*,#2014,.F.);
#1248=ORIENTED_EDGE('',*,*,#1985,.F.);
#1249=ORIENTED_EDGE('',*,*,#2018,.T.);
#1250=ORIENTED_EDGE('',*,*,#2019,.F.);
#1251=ORIENTED_EDGE('',*,*,#2016,.T.);
#1252=ORIENTED_EDGE('',*,*,#1983,.F.);
#1253=ORIENTED_EDGE('',*,*,#2020,.F.);
#1254=ORIENTED_EDGE('',*,*,#2021,.F.);
#1255=ORIENTED_EDGE('',*,*,#2018,.F.);
#1256=ORIENTED_EDGE('',*,*,#2022,.T.);
#1257=ORIENTED_EDGE('',*,*,#2023,.T.);
#1258=ORIENTED_EDGE('',*,*,#2024,.T.);
#1259=ORIENTED_EDGE('',*,*,#2025,.T.);
#1260=ORIENTED_EDGE('',*,*,#2026,.T.);
#1261=ORIENTED_EDGE('',*,*,#2027,.T.);
#1262=ORIENTED_EDGE('',*,*,#2028,.T.);
#1263=ORIENTED_EDGE('',*,*,#2029,.T.);
#1264=ORIENTED_EDGE('',*,*,#2030,.T.);
#1265=ORIENTED_EDGE('',*,*,#2031,.T.);
#1266=ORIENTED_EDGE('',*,*,#2032,.T.);
#1267=ORIENTED_EDGE('',*,*,#1876,.T.);
#1268=ORIENTED_EDGE('',*,*,#1875,.T.);
#1269=ORIENTED_EDGE('',*,*,#1874,.T.);
#1270=ORIENTED_EDGE('',*,*,#2033,.T.);
#1271=ORIENTED_EDGE('',*,*,#2034,.T.);
#1272=ORIENTED_EDGE('',*,*,#2035,.T.);
#1273=ORIENTED_EDGE('',*,*,#1880,.T.);
#1274=ORIENTED_EDGE('',*,*,#1879,.T.);
#1275=ORIENTED_EDGE('',*,*,#1878,.T.);
#1276=ORIENTED_EDGE('',*,*,#2026,.F.);
#1277=ORIENTED_EDGE('',*,*,#1922,.T.);
#1278=ORIENTED_EDGE('',*,*,#2036,.T.);
#1279=ORIENTED_EDGE('',*,*,#2037,.T.);
#1280=ORIENTED_EDGE('',*,*,#2038,.T.);
#1281=ORIENTED_EDGE('',*,*,#2039,.T.);
#1282=ORIENTED_EDGE('',*,*,#2036,.F.);
#1283=ORIENTED_EDGE('',*,*,#1921,.T.);
#1284=ORIENTED_EDGE('',*,*,#2040,.T.);
#1285=ORIENTED_EDGE('',*,*,#2041,.T.);
#1286=ORIENTED_EDGE('',*,*,#2038,.F.);
#1287=ORIENTED_EDGE('',*,*,#1920,.T.);
#1288=ORIENTED_EDGE('',*,*,#2042,.T.);
#1289=ORIENTED_EDGE('',*,*,#2043,.T.);
#1290=ORIENTED_EDGE('',*,*,#2040,.F.);
#1291=ORIENTED_EDGE('',*,*,#1919,.T.);
#1292=ORIENTED_EDGE('',*,*,#2044,.T.);
#1293=ORIENTED_EDGE('',*,*,#1917,.T.);
#1294=ORIENTED_EDGE('',*,*,#2045,.T.);
#1295=ORIENTED_EDGE('',*,*,#2046,.T.);
#1296=ORIENTED_EDGE('',*,*,#2035,.F.);
#1297=ORIENTED_EDGE('',*,*,#2047,.T.);
#1298=ORIENTED_EDGE('',*,*,#2045,.F.);
#1299=ORIENTED_EDGE('',*,*,#1916,.T.);
#1300=ORIENTED_EDGE('',*,*,#2044,.F.);
#1301=ORIENTED_EDGE('',*,*,#2048,.T.);
#1302=ORIENTED_EDGE('',*,*,#2042,.F.);
#1303=ORIENTED_EDGE('',*,*,#1918,.T.);
#1304=ORIENTED_EDGE('',*,*,#2033,.F.);
#1305=ORIENTED_EDGE('',*,*,#1897,.T.);
#1306=ORIENTED_EDGE('',*,*,#2049,.T.);
#1307=ORIENTED_EDGE('',*,*,#2050,.T.);
#1308=ORIENTED_EDGE('',*,*,#2051,.T.);
#1309=ORIENTED_EDGE('',*,*,#2052,.T.);
#1310=ORIENTED_EDGE('',*,*,#2049,.F.);
#1311=ORIENTED_EDGE('',*,*,#1896,.T.);
#1312=ORIENTED_EDGE('',*,*,#2053,.T.);
#1313=ORIENTED_EDGE('',*,*,#2054,.T.);
#1314=ORIENTED_EDGE('',*,*,#2051,.F.);
#1315=ORIENTED_EDGE('',*,*,#1895,.T.);
#1316=ORIENTED_EDGE('',*,*,#2055,.T.);
#1317=ORIENTED_EDGE('',*,*,#2056,.T.);
#1318=ORIENTED_EDGE('',*,*,#2053,.F.);
#1319=ORIENTED_EDGE('',*,*,#1894,.T.);
#1320=ORIENTED_EDGE('',*,*,#2057,.T.);
#1321=ORIENTED_EDGE('',*,*,#2058,.T.);
#1322=ORIENTED_EDGE('',*,*,#2055,.F.);
#1323=ORIENTED_EDGE('',*,*,#1893,.T.);
#1324=ORIENTED_EDGE('',*,*,#2059,.T.);
#1325=ORIENTED_EDGE('',*,*,#2060,.T.);
#1326=ORIENTED_EDGE('',*,*,#2057,.F.);
#1327=ORIENTED_EDGE('',*,*,#1892,.T.);
#1328=ORIENTED_EDGE('',*,*,#2028,.F.);
#1329=ORIENTED_EDGE('',*,*,#2061,.T.);
#1330=ORIENTED_EDGE('',*,*,#2059,.F.);
#1331=ORIENTED_EDGE('',*,*,#1891,.T.);
#1332=ORIENTED_EDGE('',*,*,#1802,.T.);
#1333=ORIENTED_EDGE('',*,*,#1923,.T.);
#1334=ORIENTED_EDGE('',*,*,#2025,.F.);
#1335=ORIENTED_EDGE('',*,*,#2024,.F.);
#1336=ORIENTED_EDGE('',*,*,#2023,.F.);
#1337=ORIENTED_EDGE('',*,*,#2062,.T.);
#1338=ORIENTED_EDGE('',*,*,#2031,.F.);
#1339=ORIENTED_EDGE('',*,*,#2030,.F.);
#1340=ORIENTED_EDGE('',*,*,#2029,.F.);
#1341=ORIENTED_EDGE('',*,*,#1890,.T.);
#1342=ORIENTED_EDGE('',*,*,#1818,.T.);
#1343=ORIENTED_EDGE('',*,*,#1841,.T.);
#1344=ORIENTED_EDGE('',*,*,#2061,.F.);
#1345=ORIENTED_EDGE('',*,*,#2063,.F.);
#1346=ORIENTED_EDGE('',*,*,#2064,.F.);
#1347=ORIENTED_EDGE('',*,*,#2065,.T.);
#1348=ORIENTED_EDGE('',*,*,#2027,.F.);
#1349=ORIENTED_EDGE('',*,*,#2066,.T.);
#1350=ORIENTED_EDGE('',*,*,#2067,.F.);
#1351=ORIENTED_EDGE('',*,*,#2063,.T.);
#1352=ORIENTED_EDGE('',*,*,#2062,.F.);
#1353=ORIENTED_EDGE('',*,*,#2068,.F.);
#1354=ORIENTED_EDGE('',*,*,#2069,.F.);
#1355=ORIENTED_EDGE('',*,*,#2066,.F.);
#1356=ORIENTED_EDGE('',*,*,#2022,.F.);
#1357=ORIENTED_EDGE('',*,*,#2070,.F.);
#1358=ORIENTED_EDGE('',*,*,#2071,.F.);
#1359=ORIENTED_EDGE('',*,*,#2068,.T.);
#1360=ORIENTED_EDGE('',*,*,#2037,.F.);
#1361=ORIENTED_EDGE('',*,*,#2072,.T.);
#1362=ORIENTED_EDGE('',*,*,#2073,.F.);
#1363=ORIENTED_EDGE('',*,*,#2070,.T.);
#1364=ORIENTED_EDGE('',*,*,#2039,.F.);
#1365=ORIENTED_EDGE('',*,*,#2074,.F.);
#1366=ORIENTED_EDGE('',*,*,#2075,.F.);
#1367=ORIENTED_EDGE('',*,*,#2072,.F.);
#1368=ORIENTED_EDGE('',*,*,#2041,.F.);
#1369=ORIENTED_EDGE('',*,*,#2076,.T.);
#1370=ORIENTED_EDGE('',*,*,#2077,.F.);
#1371=ORIENTED_EDGE('',*,*,#2074,.T.);
#1372=ORIENTED_EDGE('',*,*,#2043,.F.);
#1373=ORIENTED_EDGE('',*,*,#2078,.F.);
#1374=ORIENTED_EDGE('',*,*,#2079,.F.);
#1375=ORIENTED_EDGE('',*,*,#2076,.F.);
#1376=ORIENTED_EDGE('',*,*,#2048,.F.);
#1377=ORIENTED_EDGE('',*,*,#2080,.T.);
#1378=ORIENTED_EDGE('',*,*,#2081,.F.);
#1379=ORIENTED_EDGE('',*,*,#2078,.T.);
#1380=ORIENTED_EDGE('',*,*,#2046,.F.);
#1381=ORIENTED_EDGE('',*,*,#2082,.F.);
#1382=ORIENTED_EDGE('',*,*,#2083,.F.);
#1383=ORIENTED_EDGE('',*,*,#2080,.F.);
#1384=ORIENTED_EDGE('',*,*,#2084,.T.);
#1385=ORIENTED_EDGE('',*,*,#2085,.T.);
#1386=ORIENTED_EDGE('',*,*,#2086,.T.);
#1387=ORIENTED_EDGE('',*,*,#2009,.T.);
#1388=ORIENTED_EDGE('',*,*,#2087,.T.);
#1389=ORIENTED_EDGE('',*,*,#2007,.T.);
#1390=ORIENTED_EDGE('',*,*,#2086,.F.);
#1391=ORIENTED_EDGE('',*,*,#2088,.T.);
#1392=ORIENTED_EDGE('',*,*,#2089,.T.);
#1393=ORIENTED_EDGE('',*,*,#2005,.T.);
#1394=ORIENTED_EDGE('',*,*,#2087,.F.);
#1395=ORIENTED_EDGE('',*,*,#2090,.T.);
#1396=ORIENTED_EDGE('',*,*,#2091,.T.);
#1397=ORIENTED_EDGE('',*,*,#2092,.T.);
#1398=ORIENTED_EDGE('',*,*,#2093,.T.);
#1399=ORIENTED_EDGE('',*,*,#2094,.T.);
#1400=ORIENTED_EDGE('',*,*,#2095,.T.);
#1401=ORIENTED_EDGE('',*,*,#2096,.T.);
#1402=ORIENTED_EDGE('',*,*,#2091,.F.);
#1403=ORIENTED_EDGE('',*,*,#2097,.T.);
#1404=ORIENTED_EDGE('',*,*,#2098,.T.);
#1405=ORIENTED_EDGE('',*,*,#2099,.T.);
#1406=ORIENTED_EDGE('',*,*,#2095,.F.);
#1407=ORIENTED_EDGE('',*,*,#2100,.T.);
#1408=ORIENTED_EDGE('',*,*,#2101,.T.);
#1409=ORIENTED_EDGE('',*,*,#2102,.T.);
#1410=ORIENTED_EDGE('',*,*,#2098,.F.);
#1411=ORIENTED_EDGE('',*,*,#2103,.T.);
#1412=ORIENTED_EDGE('',*,*,#2104,.T.);
#1413=ORIENTED_EDGE('',*,*,#2105,.T.);
#1414=ORIENTED_EDGE('',*,*,#2101,.F.);
#1415=ORIENTED_EDGE('',*,*,#2106,.T.);
#1416=ORIENTED_EDGE('',*,*,#2093,.F.);
#1417=ORIENTED_EDGE('',*,*,#2002,.T.);
#1418=ORIENTED_EDGE('',*,*,#2089,.F.);
#1419=ORIENTED_EDGE('',*,*,#2107,.T.);
#1420=ORIENTED_EDGE('',*,*,#2108,.T.);
#1421=ORIENTED_EDGE('',*,*,#2109,.T.);
#1422=ORIENTED_EDGE('',*,*,#2110,.T.);
#1423=ORIENTED_EDGE('',*,*,#2111,.T.);
#1424=ORIENTED_EDGE('',*,*,#2112,.T.);
#1425=ORIENTED_EDGE('',*,*,#2107,.F.);
#1426=ORIENTED_EDGE('',*,*,#2113,.T.);
#1427=ORIENTED_EDGE('',*,*,#2114,.T.);
#1428=ORIENTED_EDGE('',*,*,#2115,.T.);
#1429=ORIENTED_EDGE('',*,*,#2111,.F.);
#1430=ORIENTED_EDGE('',*,*,#2116,.T.);
#1431=ORIENTED_EDGE('',*,*,#2109,.F.);
#1432=ORIENTED_EDGE('',*,*,#2117,.T.);
#1433=ORIENTED_EDGE('',*,*,#2104,.F.);
#1434=ORIENTED_EDGE('',*,*,#2118,.T.);
#1435=ORIENTED_EDGE('',*,*,#2021,.T.);
#1436=ORIENTED_EDGE('',*,*,#2119,.T.);
#1437=ORIENTED_EDGE('',*,*,#2120,.T.);
#1438=ORIENTED_EDGE('',*,*,#2121,.T.);
#1439=ORIENTED_EDGE('',*,*,#2019,.T.);
#1440=ORIENTED_EDGE('',*,*,#2118,.F.);
#1441=ORIENTED_EDGE('',*,*,#2122,.T.);
#1442=ORIENTED_EDGE('',*,*,#2123,.T.);
#1443=ORIENTED_EDGE('',*,*,#2017,.T.);
#1444=ORIENTED_EDGE('',*,*,#2121,.F.);
#1445=ORIENTED_EDGE('',*,*,#2124,.T.);
#1446=ORIENTED_EDGE('',*,*,#2125,.T.);
#1447=ORIENTED_EDGE('',*,*,#2015,.T.);
#1448=ORIENTED_EDGE('',*,*,#2123,.F.);
#1449=ORIENTED_EDGE('',*,*,#2126,.T.);
#1450=ORIENTED_EDGE('',*,*,#2127,.T.);
#1451=ORIENTED_EDGE('',*,*,#2013,.T.);
#1452=ORIENTED_EDGE('',*,*,#2125,.F.);
#1453=ORIENTED_EDGE('',*,*,#2128,.T.);
#1454=ORIENTED_EDGE('',*,*,#2119,.F.);
#1455=ORIENTED_EDGE('',*,*,#2129,.T.);
#1456=ORIENTED_EDGE('',*,*,#2114,.F.);
#1457=ORIENTED_EDGE('',*,*,#2084,.F.);
#1458=ORIENTED_EDGE('',*,*,#2011,.T.);
#1459=ORIENTED_EDGE('',*,*,#2127,.F.);
#1460=ORIENTED_EDGE('',*,*,#1996,.F.);
#1461=ORIENTED_EDGE('',*,*,#2130,.T.);
#1462=ORIENTED_EDGE('',*,*,#2096,.F.);
#1463=ORIENTED_EDGE('',*,*,#2131,.T.);
#1464=ORIENTED_EDGE('',*,*,#1994,.F.);
#1465=ORIENTED_EDGE('',*,*,#2131,.F.);
#1466=ORIENTED_EDGE('',*,*,#2099,.F.);
#1467=ORIENTED_EDGE('',*,*,#2132,.F.);
#1468=ORIENTED_EDGE('',*,*,#1992,.F.);
#1469=ORIENTED_EDGE('',*,*,#2132,.T.);
#1470=ORIENTED_EDGE('',*,*,#2102,.F.);
#1471=ORIENTED_EDGE('',*,*,#2133,.T.);
#1472=ORIENTED_EDGE('',*,*,#1990,.F.);
#1473=ORIENTED_EDGE('',*,*,#2133,.F.);
#1474=ORIENTED_EDGE('',*,*,#2105,.F.);
#1475=ORIENTED_EDGE('',*,*,#2134,.F.);
#1476=ORIENTED_EDGE('',*,*,#1988,.F.);
#1477=ORIENTED_EDGE('',*,*,#2134,.T.);
#1478=ORIENTED_EDGE('',*,*,#2117,.F.);
#1479=ORIENTED_EDGE('',*,*,#2135,.F.);
#1480=ORIENTED_EDGE('',*,*,#1963,.F.);
#1481=ORIENTED_EDGE('',*,*,#2135,.T.);
#1482=ORIENTED_EDGE('',*,*,#2108,.F.);
#1483=ORIENTED_EDGE('',*,*,#2136,.T.);
#1484=ORIENTED_EDGE('',*,*,#1986,.F.);
#1485=ORIENTED_EDGE('',*,*,#2136,.F.);
#1486=ORIENTED_EDGE('',*,*,#2112,.F.);
#1487=ORIENTED_EDGE('',*,*,#2137,.F.);
#1488=ORIENTED_EDGE('',*,*,#1968,.F.);
#1489=ORIENTED_EDGE('',*,*,#2137,.T.);
#1490=ORIENTED_EDGE('',*,*,#2115,.F.);
#1491=ORIENTED_EDGE('',*,*,#2138,.T.);
#1492=ORIENTED_EDGE('',*,*,#1984,.F.);
#1493=ORIENTED_EDGE('',*,*,#2138,.F.);
#1494=ORIENTED_EDGE('',*,*,#2129,.F.);
#1495=ORIENTED_EDGE('',*,*,#2020,.T.);
#1496=ORIENTED_EDGE('',*,*,#2085,.F.);
#1497=ORIENTED_EDGE('',*,*,#2128,.F.);
#1498=ORIENTED_EDGE('',*,*,#2126,.F.);
#1499=ORIENTED_EDGE('',*,*,#2124,.F.);
#1500=ORIENTED_EDGE('',*,*,#2122,.F.);
#1501=ORIENTED_EDGE('',*,*,#2120,.F.);
#1502=ORIENTED_EDGE('',*,*,#2116,.F.);
#1503=ORIENTED_EDGE('',*,*,#2113,.F.);
#1504=ORIENTED_EDGE('',*,*,#2110,.F.);
#1505=ORIENTED_EDGE('',*,*,#2106,.F.);
#1506=ORIENTED_EDGE('',*,*,#2103,.F.);
#1507=ORIENTED_EDGE('',*,*,#2100,.F.);
#1508=ORIENTED_EDGE('',*,*,#2097,.F.);
#1509=ORIENTED_EDGE('',*,*,#2094,.F.);
#1510=ORIENTED_EDGE('',*,*,#2090,.F.);
#1511=ORIENTED_EDGE('',*,*,#2088,.F.);
#1512=ORIENTED_EDGE('',*,*,#2139,.T.);
#1513=ORIENTED_EDGE('',*,*,#2140,.T.);
#1514=ORIENTED_EDGE('',*,*,#2141,.T.);
#1515=ORIENTED_EDGE('',*,*,#2081,.T.);
#1516=ORIENTED_EDGE('',*,*,#2142,.T.);
#1517=ORIENTED_EDGE('',*,*,#2079,.T.);
#1518=ORIENTED_EDGE('',*,*,#2141,.F.);
#1519=ORIENTED_EDGE('',*,*,#2143,.T.);
#1520=ORIENTED_EDGE('',*,*,#2144,.T.);
#1521=ORIENTED_EDGE('',*,*,#2077,.T.);
#1522=ORIENTED_EDGE('',*,*,#2142,.F.);
#1523=ORIENTED_EDGE('',*,*,#2145,.T.);
#1524=ORIENTED_EDGE('',*,*,#2146,.T.);
#1525=ORIENTED_EDGE('',*,*,#2075,.T.);
#1526=ORIENTED_EDGE('',*,*,#2144,.F.);
#1527=ORIENTED_EDGE('',*,*,#2147,.T.);
#1528=ORIENTED_EDGE('',*,*,#2148,.T.);
#1529=ORIENTED_EDGE('',*,*,#2149,.T.);
#1530=ORIENTED_EDGE('',*,*,#2139,.F.);
#1531=ORIENTED_EDGE('',*,*,#2083,.T.);
#1532=ORIENTED_EDGE('',*,*,#2150,.T.);
#1533=ORIENTED_EDGE('',*,*,#2151,.T.);
#1534=ORIENTED_EDGE('',*,*,#2152,.T.);
#1535=ORIENTED_EDGE('',*,*,#2071,.T.);
#1536=ORIENTED_EDGE('',*,*,#2153,.T.);
#1537=ORIENTED_EDGE('',*,*,#2069,.T.);
#1538=ORIENTED_EDGE('',*,*,#2152,.F.);
#1539=ORIENTED_EDGE('',*,*,#2154,.T.);
#1540=ORIENTED_EDGE('',*,*,#2155,.T.);
#1541=ORIENTED_EDGE('',*,*,#2067,.T.);
#1542=ORIENTED_EDGE('',*,*,#2153,.F.);
#1543=ORIENTED_EDGE('',*,*,#2156,.T.);
#1544=ORIENTED_EDGE('',*,*,#2150,.F.);
#1545=ORIENTED_EDGE('',*,*,#2073,.T.);
#1546=ORIENTED_EDGE('',*,*,#2146,.F.);
#1547=ORIENTED_EDGE('',*,*,#2157,.T.);
#1548=ORIENTED_EDGE('',*,*,#2158,.T.);
#1549=ORIENTED_EDGE('',*,*,#2159,.T.);
#1550=ORIENTED_EDGE('',*,*,#2160,.T.);
#1551=ORIENTED_EDGE('',*,*,#2161,.T.);
#1552=ORIENTED_EDGE('',*,*,#2162,.T.);
#1553=ORIENTED_EDGE('',*,*,#2157,.F.);
#1554=ORIENTED_EDGE('',*,*,#2163,.T.);
#1555=ORIENTED_EDGE('',*,*,#2164,.T.);
#1556=ORIENTED_EDGE('',*,*,#2165,.T.);
#1557=ORIENTED_EDGE('',*,*,#2161,.F.);
#1558=ORIENTED_EDGE('',*,*,#2166,.T.);
#1559=ORIENTED_EDGE('',*,*,#2167,.T.);
#1560=ORIENTED_EDGE('',*,*,#2168,.T.);
#1561=ORIENTED_EDGE('',*,*,#2164,.F.);
#1562=ORIENTED_EDGE('',*,*,#2169,.T.);
#1563=ORIENTED_EDGE('',*,*,#2170,.T.);
#1564=ORIENTED_EDGE('',*,*,#2171,.T.);
#1565=ORIENTED_EDGE('',*,*,#2167,.F.);
#1566=ORIENTED_EDGE('',*,*,#2172,.T.);
#1567=ORIENTED_EDGE('',*,*,#2159,.F.);
#1568=ORIENTED_EDGE('',*,*,#2064,.T.);
#1569=ORIENTED_EDGE('',*,*,#2155,.F.);
#1570=ORIENTED_EDGE('',*,*,#2173,.T.);
#1571=ORIENTED_EDGE('',*,*,#2174,.T.);
#1572=ORIENTED_EDGE('',*,*,#2175,.T.);
#1573=ORIENTED_EDGE('',*,*,#2176,.T.);
#1574=ORIENTED_EDGE('',*,*,#2177,.T.);
#1575=ORIENTED_EDGE('',*,*,#2178,.T.);
#1576=ORIENTED_EDGE('',*,*,#2173,.F.);
#1577=ORIENTED_EDGE('',*,*,#2179,.T.);
#1578=ORIENTED_EDGE('',*,*,#2180,.T.);
#1579=ORIENTED_EDGE('',*,*,#2181,.T.);
#1580=ORIENTED_EDGE('',*,*,#2177,.F.);
#1581=ORIENTED_EDGE('',*,*,#2182,.T.);
#1582=ORIENTED_EDGE('',*,*,#2175,.F.);
#1583=ORIENTED_EDGE('',*,*,#2183,.T.);
#1584=ORIENTED_EDGE('',*,*,#2170,.F.);
#1585=ORIENTED_EDGE('',*,*,#2148,.F.);
#1586=ORIENTED_EDGE('',*,*,#2184,.T.);
#1587=ORIENTED_EDGE('',*,*,#2180,.F.);
#1588=ORIENTED_EDGE('',*,*,#2060,.F.);
#1589=ORIENTED_EDGE('',*,*,#2065,.F.);
#1590=ORIENTED_EDGE('',*,*,#2158,.F.);
#1591=ORIENTED_EDGE('',*,*,#2185,.F.);
#1592=ORIENTED_EDGE('',*,*,#2058,.F.);
#1593=ORIENTED_EDGE('',*,*,#2185,.T.);
#1594=ORIENTED_EDGE('',*,*,#2162,.F.);
#1595=ORIENTED_EDGE('',*,*,#2186,.T.);
#1596=ORIENTED_EDGE('',*,*,#2056,.F.);
#1597=ORIENTED_EDGE('',*,*,#2186,.F.);
#1598=ORIENTED_EDGE('',*,*,#2165,.F.);
#1599=ORIENTED_EDGE('',*,*,#2187,.F.);
#1600=ORIENTED_EDGE('',*,*,#2054,.F.);
#1601=ORIENTED_EDGE('',*,*,#2187,.T.);
#1602=ORIENTED_EDGE('',*,*,#2168,.F.);
#1603=ORIENTED_EDGE('',*,*,#2188,.T.);
#1604=ORIENTED_EDGE('',*,*,#2052,.F.);
#1605=ORIENTED_EDGE('',*,*,#2188,.F.);
#1606=ORIENTED_EDGE('',*,*,#2171,.F.);
#1607=ORIENTED_EDGE('',*,*,#2189,.F.);
#1608=ORIENTED_EDGE('',*,*,#2050,.F.);
#1609=ORIENTED_EDGE('',*,*,#2189,.T.);
#1610=ORIENTED_EDGE('',*,*,#2183,.F.);
#1611=ORIENTED_EDGE('',*,*,#2190,.F.);
#1612=ORIENTED_EDGE('',*,*,#2032,.F.);
#1613=ORIENTED_EDGE('',*,*,#2190,.T.);
#1614=ORIENTED_EDGE('',*,*,#2174,.F.);
#1615=ORIENTED_EDGE('',*,*,#2191,.T.);
#1616=ORIENTED_EDGE('',*,*,#2140,.F.);
#1617=ORIENTED_EDGE('',*,*,#2149,.F.);
#1618=ORIENTED_EDGE('',*,*,#2182,.F.);
#1619=ORIENTED_EDGE('',*,*,#2179,.F.);
#1620=ORIENTED_EDGE('',*,*,#2176,.F.);
#1621=ORIENTED_EDGE('',*,*,#2172,.F.);
#1622=ORIENTED_EDGE('',*,*,#2169,.F.);
#1623=ORIENTED_EDGE('',*,*,#2166,.F.);
#1624=ORIENTED_EDGE('',*,*,#2163,.F.);
#1625=ORIENTED_EDGE('',*,*,#2160,.F.);
#1626=ORIENTED_EDGE('',*,*,#2156,.F.);
#1627=ORIENTED_EDGE('',*,*,#2154,.F.);
#1628=ORIENTED_EDGE('',*,*,#2151,.F.);
#1629=ORIENTED_EDGE('',*,*,#2147,.F.);
#1630=ORIENTED_EDGE('',*,*,#2145,.F.);
#1631=ORIENTED_EDGE('',*,*,#2143,.F.);
#1632=ORIENTED_EDGE('',*,*,#1877,.F.);
#1633=ORIENTED_EDGE('',*,*,#2191,.F.);
#1634=ORIENTED_EDGE('',*,*,#2178,.F.);
#1635=ORIENTED_EDGE('',*,*,#2192,.F.);
#1636=ORIENTED_EDGE('',*,*,#2034,.F.);
#1637=ORIENTED_EDGE('',*,*,#2192,.T.);
#1638=ORIENTED_EDGE('',*,*,#2181,.F.);
#1639=ORIENTED_EDGE('',*,*,#2193,.T.);
#1640=ORIENTED_EDGE('',*,*,#2047,.F.);
#1641=ORIENTED_EDGE('',*,*,#2193,.F.);
#1642=ORIENTED_EDGE('',*,*,#2184,.F.);
#1643=ORIENTED_EDGE('',*,*,#2082,.T.);
#1644=ORIENTED_EDGE('',*,*,#1998,.F.);
#1645=ORIENTED_EDGE('',*,*,#2003,.F.);
#1646=ORIENTED_EDGE('',*,*,#2092,.F.);
#1647=ORIENTED_EDGE('',*,*,#2130,.F.);
#1648=ORIENTED_EDGE('',*,*,#1931,.F.);
#1649=ORIENTED_EDGE('',*,*,#1946,.F.);
#1650=ORIENTED_EDGE('',*,*,#2194,.F.);
#1651=ORIENTED_EDGE('',*,*,#2195,.T.);
#1652=ORIENTED_EDGE('',*,*,#1942,.F.);
#1653=ORIENTED_EDGE('',*,*,#2195,.F.);
#1654=ORIENTED_EDGE('',*,*,#2196,.F.);
#1655=ORIENTED_EDGE('',*,*,#2197,.T.);
#1656=ORIENTED_EDGE('',*,*,#1934,.F.);
#1657=ORIENTED_EDGE('',*,*,#2197,.F.);
#1658=ORIENTED_EDGE('',*,*,#2198,.F.);
#1659=ORIENTED_EDGE('',*,*,#2199,.T.);
#1660=ORIENTED_EDGE('',*,*,#1941,.F.);
#1661=ORIENTED_EDGE('',*,*,#2199,.F.);
#1662=ORIENTED_EDGE('',*,*,#2200,.F.);
#1663=ORIENTED_EDGE('',*,*,#1951,.T.);
#1664=ORIENTED_EDGE('',*,*,#2201,.F.);
#1665=ORIENTED_EDGE('',*,*,#2202,.T.);
#1666=ORIENTED_EDGE('',*,*,#2203,.F.);
#1667=ORIENTED_EDGE('',*,*,#2204,.T.);
#1668=ORIENTED_EDGE('',*,*,#2205,.F.);
#1669=ORIENTED_EDGE('',*,*,#2206,.T.);
#1670=ORIENTED_EDGE('',*,*,#2207,.F.);
#1671=ORIENTED_EDGE('',*,*,#2208,.T.);
#1672=ORIENTED_EDGE('',*,*,#1950,.T.);
#1673=ORIENTED_EDGE('',*,*,#1952,.T.);
#1674=ORIENTED_EDGE('',*,*,#2200,.T.);
#1675=ORIENTED_EDGE('',*,*,#2198,.T.);
#1676=ORIENTED_EDGE('',*,*,#2196,.T.);
#1677=ORIENTED_EDGE('',*,*,#2194,.T.);
#1678=ORIENTED_EDGE('',*,*,#1945,.T.);
#1679=ORIENTED_EDGE('',*,*,#1948,.T.);
#1680=ORIENTED_EDGE('',*,*,#2209,.T.);
#1681=ORIENTED_EDGE('',*,*,#2210,.T.);
#1682=ORIENTED_EDGE('',*,*,#2211,.T.);
#1683=ORIENTED_EDGE('',*,*,#2212,.T.);
#1684=ORIENTED_EDGE('',*,*,#2211,.F.);
#1685=ORIENTED_EDGE('',*,*,#2213,.T.);
#1686=ORIENTED_EDGE('',*,*,#2214,.T.);
#1687=ORIENTED_EDGE('',*,*,#2215,.T.);
#1688=ORIENTED_EDGE('',*,*,#2214,.F.);
#1689=ORIENTED_EDGE('',*,*,#2216,.T.);
#1690=ORIENTED_EDGE('',*,*,#2217,.T.);
#1691=ORIENTED_EDGE('',*,*,#1792,.T.);
#1692=ORIENTED_EDGE('',*,*,#2217,.F.);
#1693=ORIENTED_EDGE('',*,*,#2218,.T.);
#1694=ORIENTED_EDGE('',*,*,#2219,.T.);
#1695=ORIENTED_EDGE('',*,*,#1790,.T.);
#1696=ORIENTED_EDGE('',*,*,#2219,.F.);
#1697=ORIENTED_EDGE('',*,*,#2220,.T.);
#1698=ORIENTED_EDGE('',*,*,#2221,.T.);
#1699=ORIENTED_EDGE('',*,*,#1788,.T.);
#1700=ORIENTED_EDGE('',*,*,#2221,.F.);
#1701=ORIENTED_EDGE('',*,*,#2222,.T.);
#1702=ORIENTED_EDGE('',*,*,#2223,.T.);
#1703=ORIENTED_EDGE('',*,*,#1785,.T.);
#1704=ORIENTED_EDGE('',*,*,#2223,.F.);
#1705=ORIENTED_EDGE('',*,*,#2224,.T.);
#1706=ORIENTED_EDGE('',*,*,#2225,.T.);
#1707=ORIENTED_EDGE('',*,*,#2226,.T.);
#1708=ORIENTED_EDGE('',*,*,#2225,.F.);
#1709=ORIENTED_EDGE('',*,*,#2227,.T.);
#1710=ORIENTED_EDGE('',*,*,#2209,.F.);
#1711=ORIENTED_EDGE('',*,*,#2228,.T.);
#1712=ORIENTED_EDGE('',*,*,#1774,.F.);
#1713=ORIENTED_EDGE('',*,*,#1786,.T.);
#1714=ORIENTED_EDGE('',*,*,#2226,.F.);
#1715=ORIENTED_EDGE('',*,*,#2229,.T.);
#1716=ORIENTED_EDGE('',*,*,#1771,.F.);
#1717=ORIENTED_EDGE('',*,*,#2229,.F.);
#1718=ORIENTED_EDGE('',*,*,#2228,.F.);
#1719=ORIENTED_EDGE('',*,*,#2230,.F.);
#1720=ORIENTED_EDGE('',*,*,#1768,.F.);
#1721=ORIENTED_EDGE('',*,*,#2230,.T.);
#1722=ORIENTED_EDGE('',*,*,#2212,.F.);
#1723=ORIENTED_EDGE('',*,*,#2231,.T.);
#1724=ORIENTED_EDGE('',*,*,#2218,.F.);
#1725=ORIENTED_EDGE('',*,*,#2232,.F.);
#1726=ORIENTED_EDGE('',*,*,#2201,.T.);
#1727=ORIENTED_EDGE('',*,*,#2233,.T.);
#1728=ORIENTED_EDGE('',*,*,#2216,.F.);
#1729=ORIENTED_EDGE('',*,*,#2234,.F.);
#1730=ORIENTED_EDGE('',*,*,#2202,.F.);
#1731=ORIENTED_EDGE('',*,*,#2232,.T.);
#1732=ORIENTED_EDGE('',*,*,#2213,.F.);
#1733=ORIENTED_EDGE('',*,*,#2235,.F.);
#1734=ORIENTED_EDGE('',*,*,#2203,.T.);
#1735=ORIENTED_EDGE('',*,*,#2234,.T.);
#1736=ORIENTED_EDGE('',*,*,#2210,.F.);
#1737=ORIENTED_EDGE('',*,*,#2236,.F.);
#1738=ORIENTED_EDGE('',*,*,#2204,.F.);
#1739=ORIENTED_EDGE('',*,*,#2235,.T.);
#1740=ORIENTED_EDGE('',*,*,#1765,.F.);
#1741=ORIENTED_EDGE('',*,*,#2231,.F.);
#1742=ORIENTED_EDGE('',*,*,#2215,.F.);
#1743=ORIENTED_EDGE('',*,*,#1791,.F.);
#1744=ORIENTED_EDGE('',*,*,#2227,.F.);
#1745=ORIENTED_EDGE('',*,*,#2237,.F.);
#1746=ORIENTED_EDGE('',*,*,#2205,.T.);
#1747=ORIENTED_EDGE('',*,*,#2236,.T.);
#1748=ORIENTED_EDGE('',*,*,#2224,.F.);
#1749=ORIENTED_EDGE('',*,*,#2238,.F.);
#1750=ORIENTED_EDGE('',*,*,#2206,.F.);
#1751=ORIENTED_EDGE('',*,*,#2237,.T.);
#1752=ORIENTED_EDGE('',*,*,#2222,.F.);
#1753=ORIENTED_EDGE('',*,*,#2239,.F.);
#1754=ORIENTED_EDGE('',*,*,#2207,.T.);
#1755=ORIENTED_EDGE('',*,*,#2238,.T.);
#1756=ORIENTED_EDGE('',*,*,#2220,.F.);
#1757=ORIENTED_EDGE('',*,*,#2233,.F.);
#1758=ORIENTED_EDGE('',*,*,#2208,.F.);
#1759=ORIENTED_EDGE('',*,*,#2239,.T.);
#1760=EDGE_CURVE('',#2240,#2241,#2524,.T.);
#1761=EDGE_CURVE('',#2241,#2242,#648,.T.);
#1762=EDGE_CURVE('',#2242,#2243,#2525,.T.);
#1763=EDGE_CURVE('',#2243,#2240,#649,.F.);
#1764=EDGE_CURVE('',#2244,#2245,#2526,.T.);
#1765=EDGE_CURVE('',#2245,#2243,#2527,.T.);
#1766=EDGE_CURVE('',#2242,#2244,#2528,.F.);
#1767=EDGE_CURVE('',#2246,#2247,#2529,.T.);
#1768=EDGE_CURVE('',#2247,#2245,#650,.F.);
#1769=EDGE_CURVE('',#2244,#2246,#651,.T.);
#1770=EDGE_CURVE('',#2248,#2249,#2530,.T.);
#1771=EDGE_CURVE('',#2249,#2247,#2531,.T.);
#1772=EDGE_CURVE('',#2246,#2248,#2532,.F.);
#1773=EDGE_CURVE('',#2250,#2251,#2533,.T.);
#1774=EDGE_CURVE('',#2251,#2249,#652,.F.);
#1775=EDGE_CURVE('',#2248,#2250,#653,.T.);
#1776=EDGE_CURVE('',#2252,#2253,#2534,.T.);
#1777=EDGE_CURVE('',#2253,#2251,#2535,.T.);
#1778=EDGE_CURVE('',#2250,#2252,#2536,.F.);
#1779=EDGE_CURVE('',#2254,#2255,#2537,.T.);
#1780=EDGE_CURVE('',#2255,#2253,#654,.F.);
#1781=EDGE_CURVE('',#2252,#2254,#655,.T.);
#1782=EDGE_CURVE('',#2240,#2255,#2538,.T.);
#1783=EDGE_CURVE('',#2254,#2241,#2539,.F.);
#1784=EDGE_CURVE('',#2256,#2253,#176,.T.);
#1785=EDGE_CURVE('',#2257,#2256,#656,.F.);
#1786=EDGE_CURVE('',#2251,#2257,#177,.T.);
#1787=EDGE_CURVE('',#2255,#2258,#178,.F.);
#1788=EDGE_CURVE('',#2256,#2258,#179,.F.);
#1789=EDGE_CURVE('',#2259,#2240,#180,.T.);
#1790=EDGE_CURVE('',#2258,#2259,#657,.F.);
#1791=EDGE_CURVE('',#2243,#2260,#181,.F.);
#1792=EDGE_CURVE('',#2259,#2260,#182,.F.);
#1793=EDGE_CURVE('',#2261,#2262,#183,.F.);
#1794=EDGE_CURVE('',#2263,#2261,#184,.T.);
#1795=EDGE_CURVE('',#2264,#2263,#185,.T.);
#1796=EDGE_CURVE('',#2264,#2262,#186,.T.);
#1797=EDGE_CURVE('',#2265,#2266,#187,.T.);
#1798=EDGE_CURVE('',#2267,#2265,#188,.T.);
#1799=EDGE_CURVE('',#2268,#2267,#189,.F.);
#1800=EDGE_CURVE('',#2266,#2268,#658,.T.);
#1801=EDGE_CURVE('',#2269,#2270,#190,.T.);
#1802=EDGE_CURVE('',#2271,#2269,#659,.F.);
#1803=EDGE_CURVE('',#2272,#2271,#191,.F.);
#1804=EDGE_CURVE('',#2272,#2270,#192,.T.);
#1805=EDGE_CURVE('',#2273,#2265,#193,.T.);
#1806=EDGE_CURVE('',#2274,#2273,#194,.T.);
#1807=EDGE_CURVE('',#2267,#2274,#195,.F.);
#1808=EDGE_CURVE('',#2275,#2273,#196,.T.);
#1809=EDGE_CURVE('',#2276,#2275,#197,.T.);
#1810=EDGE_CURVE('',#2274,#2276,#198,.F.);
#1811=EDGE_CURVE('',#2277,#2275,#199,.F.);
#1812=EDGE_CURVE('',#2278,#2277,#200,.T.);
#1813=EDGE_CURVE('',#2276,#2278,#201,.T.);
#1814=EDGE_CURVE('',#2279,#2280,#660,.F.);
#1815=EDGE_CURVE('',#2281,#2279,#202,.T.);
#1816=EDGE_CURVE('',#2281,#2282,#203,.T.);
#1817=EDGE_CURVE('',#2280,#2282,#204,.F.);
#1818=EDGE_CURVE('',#2283,#2284,#661,.T.);
#1819=EDGE_CURVE('',#2262,#2283,#205,.F.);
#1820=EDGE_CURVE('',#2284,#2264,#206,.T.);
#1821=EDGE_CURVE('',#2285,#2277,#207,.T.);
#1822=EDGE_CURVE('',#2286,#2285,#662,.F.);
#1823=EDGE_CURVE('',#2278,#2286,#208,.F.);
#1824=EDGE_CURVE('',#2287,#2288,#663,.T.);
#1825=EDGE_CURVE('',#2289,#2287,#209,.T.);
#1826=EDGE_CURVE('',#2290,#2289,#210,.T.);
#1827=EDGE_CURVE('',#2288,#2290,#211,.F.);
#1828=EDGE_CURVE('',#2288,#2291,#212,.T.);
#1829=EDGE_CURVE('',#2290,#2292,#213,.F.);
#1830=EDGE_CURVE('',#2292,#2293,#214,.F.);
#1831=EDGE_CURVE('',#2293,#2294,#215,.T.);
#1832=EDGE_CURVE('',#2294,#2295,#216,.T.);
#1833=EDGE_CURVE('',#2295,#2296,#217,.F.);
#1834=EDGE_CURVE('',#2296,#2291,#218,.T.);
#1835=EDGE_CURVE('',#2268,#2279,#219,.T.);
#1836=EDGE_CURVE('',#2297,#2286,#220,.T.);
#1837=EDGE_CURVE('',#2297,#2298,#221,.T.);
#1838=EDGE_CURVE('',#2298,#2299,#222,.T.);
#1839=EDGE_CURVE('',#2299,#2300,#223,.T.);
#1840=EDGE_CURVE('',#2300,#2281,#224,.F.);
#1841=EDGE_CURVE('',#2284,#2271,#225,.T.);
#1842=EDGE_CURVE('',#2263,#2301,#226,.T.);
#1843=EDGE_CURVE('',#2301,#2302,#227,.F.);
#1844=EDGE_CURVE('',#2302,#2303,#228,.F.);
#1845=EDGE_CURVE('',#2303,#2272,#229,.T.);
#1846=EDGE_CURVE('',#2304,#2297,#664,.T.);
#1847=EDGE_CURVE('',#2305,#2304,#230,.F.);
#1848=EDGE_CURVE('',#2298,#2305,#231,.T.);
#1849=EDGE_CURVE('',#2306,#2307,#232,.F.);
#1850=EDGE_CURVE('',#2291,#2306,#665,.F.);
#1851=EDGE_CURVE('',#2296,#2307,#233,.T.);
#1852=EDGE_CURVE('',#2308,#2261,#234,.F.);
#1853=EDGE_CURVE('',#2301,#2308,#235,.T.);
#1854=EDGE_CURVE('',#2309,#2308,#236,.T.);
#1855=EDGE_CURVE('',#2302,#2309,#237,.T.);
#1856=EDGE_CURVE('',#2310,#2309,#238,.T.);
#1857=EDGE_CURVE('',#2303,#2310,#239,.T.);
#1858=EDGE_CURVE('',#2270,#2310,#240,.F.);
#1859=EDGE_CURVE('',#2311,#2289,#241,.T.);
#1860=EDGE_CURVE('',#2292,#2311,#242,.T.);
#1861=EDGE_CURVE('',#2312,#2311,#243,.T.);
#1862=EDGE_CURVE('',#2293,#2312,#244,.T.);
#1863=EDGE_CURVE('',#2313,#2312,#245,.F.);
#1864=EDGE_CURVE('',#2294,#2313,#246,.T.);
#1865=EDGE_CURVE('',#2314,#2313,#247,.F.);
#1866=EDGE_CURVE('',#2295,#2314,#248,.T.);
#1867=EDGE_CURVE('',#2307,#2314,#249,.T.);
#1868=EDGE_CURVE('',#2315,#2305,#250,.F.);
#1869=EDGE_CURVE('',#2299,#2315,#251,.T.);
#1870=EDGE_CURVE('',#2316,#2315,#252,.F.);
#1871=EDGE_CURVE('',#2300,#2316,#253,.T.);
#1872=EDGE_CURVE('',#2282,#2316,#254,.T.);
#1873=EDGE_CURVE('',#2280,#2317,#255,.T.);
#1874=EDGE_CURVE('',#2318,#2317,#2540,.F.);
#1875=EDGE_CURVE('',#2319,#2318,#2541,.F.);
#1876=EDGE_CURVE('',#2320,#2319,#2542,.F.);
#1877=EDGE_CURVE('',#2320,#2321,#256,.F.);
#1878=EDGE_CURVE('',#2322,#2321,#2543,.F.);
#1879=EDGE_CURVE('',#2323,#2322,#2544,.F.);
#1880=EDGE_CURVE('',#2324,#2323,#2545,.F.);
#1881=EDGE_CURVE('',#2324,#2266,#257,.T.);
#1882=EDGE_CURVE('',#2325,#2326,#258,.T.);
#1883=EDGE_CURVE('',#2327,#2325,#259,.T.);
#1884=EDGE_CURVE('',#2328,#2327,#260,.T.);
#1885=EDGE_CURVE('',#2326,#2328,#261,.T.);
#1886=EDGE_CURVE('',#2329,#2329,#666,.T.);
#1887=EDGE_CURVE('',#2330,#2330,#667,.T.);
#1888=EDGE_CURVE('',#2331,#2331,#668,.T.);
#1889=EDGE_CURVE('',#2332,#2332,#669,.T.);
#1890=EDGE_CURVE('',#2333,#2283,#262,.T.);
#1891=EDGE_CURVE('',#2334,#2333,#670,.T.);
#1892=EDGE_CURVE('',#2335,#2334,#263,.T.);
#1893=EDGE_CURVE('',#2336,#2335,#671,.T.);
#1894=EDGE_CURVE('',#2337,#2336,#264,.T.);
#1895=EDGE_CURVE('',#2338,#2337,#672,.T.);
#1896=EDGE_CURVE('',#2339,#2338,#265,.T.);
#1897=EDGE_CURVE('',#2317,#2339,#673,.T.);
#1898=EDGE_CURVE('',#2340,#2304,#266,.T.);
#1899=EDGE_CURVE('',#2341,#2340,#674,.T.);
#1900=EDGE_CURVE('',#2342,#2341,#267,.T.);
#1901=EDGE_CURVE('',#2343,#2342,#675,.T.);
#1902=EDGE_CURVE('',#2344,#2343,#268,.T.);
#1903=EDGE_CURVE('',#2345,#2344,#676,.T.);
#1904=EDGE_CURVE('',#2346,#2345,#269,.T.);
#1905=EDGE_CURVE('',#2347,#2346,#677,.T.);
#1906=EDGE_CURVE('',#2306,#2347,#270,.T.);
#1907=EDGE_CURVE('',#2348,#2287,#271,.T.);
#1908=EDGE_CURVE('',#2349,#2348,#678,.T.);
#1909=EDGE_CURVE('',#2350,#2349,#272,.T.);
#1910=EDGE_CURVE('',#2351,#2350,#679,.T.);
#1911=EDGE_CURVE('',#2352,#2351,#273,.T.);
#1912=EDGE_CURVE('',#2353,#2352,#680,.T.);
#1913=EDGE_CURVE('',#2354,#2353,#274,.T.);
#1914=EDGE_CURVE('',#2355,#2354,#681,.T.);
#1915=EDGE_CURVE('',#2285,#2355,#275,.T.);
#1916=EDGE_CURVE('',#2356,#2324,#682,.T.);
#1917=EDGE_CURVE('',#2357,#2356,#276,.T.);
#1918=EDGE_CURVE('',#2358,#2357,#683,.T.);
#1919=EDGE_CURVE('',#2359,#2358,#277,.T.);
#1920=EDGE_CURVE('',#2360,#2359,#684,.T.);
#1921=EDGE_CURVE('',#2361,#2360,#278,.T.);
#1922=EDGE_CURVE('',#2362,#2361,#685,.T.);
#1923=EDGE_CURVE('',#2269,#2362,#279,.T.);
#1924=EDGE_CURVE('',#2363,#2363,#686,.T.);
#1925=EDGE_CURVE('',#2364,#2364,#687,.T.);
#1926=EDGE_CURVE('',#2365,#2365,#688,.T.);
#1927=EDGE_CURVE('',#2366,#2366,#689,.T.);
#1928=EDGE_CURVE('',#2367,#2368,#2546,.F.);
#1929=EDGE_CURVE('',#2368,#2325,#2547,.F.);
#1930=EDGE_CURVE('',#2325,#2367,#2548,.F.);
#1931=EDGE_CURVE('',#2369,#2370,#2549,.F.);
#1932=EDGE_CURVE('',#2370,#2327,#2550,.F.);
#1933=EDGE_CURVE('',#2327,#2369,#2551,.F.);
#1934=EDGE_CURVE('',#2371,#2372,#2552,.F.);
#1935=EDGE_CURVE('',#2372,#2328,#2553,.F.);
#1936=EDGE_CURVE('',#2328,#2371,#2554,.F.);
#1937=EDGE_CURVE('',#2373,#2374,#2555,.F.);
#1938=EDGE_CURVE('',#2374,#2326,#2556,.F.);
#1939=EDGE_CURVE('',#2326,#2373,#2557,.F.);
#1940=EDGE_CURVE('',#2374,#2367,#280,.F.);
#1941=EDGE_CURVE('',#2372,#2373,#281,.F.);
#1942=EDGE_CURVE('',#2370,#2371,#282,.F.);
#1943=EDGE_CURVE('',#2368,#2369,#283,.F.);
#1944=EDGE_CURVE('',#2375,#2368,#284,.T.);
#1945=EDGE_CURVE('',#2376,#2375,#285,.F.);
#1946=EDGE_CURVE('',#2376,#2369,#286,.T.);
#1947=EDGE_CURVE('',#2377,#2367,#287,.T.);
#1948=EDGE_CURVE('',#2375,#2377,#690,.T.);
#1949=EDGE_CURVE('',#2378,#2374,#288,.T.);
#1950=EDGE_CURVE('',#2377,#2378,#289,.F.);
#1951=EDGE_CURVE('',#2379,#2373,#290,.T.);
#1952=EDGE_CURVE('',#2378,#2379,#691,.T.);
#1953=EDGE_CURVE('',#2380,#2381,#2558,.F.);
#1954=EDGE_CURVE('',#2381,#2382,#2559,.F.);
#1955=EDGE_CURVE('',#2382,#2383,#2560,.F.);
#1956=EDGE_CURVE('',#2383,#2355,#2561,.F.);
#1957=EDGE_CURVE('',#2355,#2380,#2562,.T.);
#1958=EDGE_CURVE('',#2384,#2385,#2563,.F.);
#1959=EDGE_CURVE('',#2385,#2340,#2564,.T.);
#1960=EDGE_CURVE('',#2340,#2386,#2565,.F.);
#1961=EDGE_CURVE('',#2386,#2387,#2566,.F.);
#1962=EDGE_CURVE('',#2387,#2384,#2567,.F.);
#1963=EDGE_CURVE('',#2388,#2389,#2568,.F.);
#1964=EDGE_CURVE('',#2389,#2390,#2569,.F.);
#1965=EDGE_CURVE('',#2390,#2391,#2570,.F.);
#1966=EDGE_CURVE('',#2391,#2347,#2571,.F.);
#1967=EDGE_CURVE('',#2347,#2388,#2572,.T.);
#1968=EDGE_CURVE('',#2392,#2393,#2573,.F.);
#1969=EDGE_CURVE('',#2393,#2348,#2574,.T.);
#1970=EDGE_CURVE('',#2348,#2394,#2575,.F.);
#1971=EDGE_CURVE('',#2394,#2395,#2576,.F.);
#1972=EDGE_CURVE('',#2395,#2392,#2577,.F.);
#1973=EDGE_CURVE('',#2354,#2396,#692,.F.);
#1974=EDGE_CURVE('',#2396,#2380,#693,.F.);
#1975=EDGE_CURVE('',#2353,#2397,#694,.T.);
#1976=EDGE_CURVE('',#2397,#2396,#291,.F.);
#1977=EDGE_CURVE('',#2352,#2398,#695,.F.);
#1978=EDGE_CURVE('',#2398,#2397,#696,.F.);
#1979=EDGE_CURVE('',#2351,#2399,#697,.T.);
#1980=EDGE_CURVE('',#2399,#2398,#292,.F.);
#1981=EDGE_CURVE('',#2400,#2350,#698,.F.);
#1982=EDGE_CURVE('',#2349,#2401,#699,.T.);
#1983=EDGE_CURVE('',#2401,#2400,#293,.F.);
#1984=EDGE_CURVE('',#2393,#2401,#700,.F.);
#1985=EDGE_CURVE('',#2400,#2399,#701,.F.);
#1986=EDGE_CURVE('',#2389,#2392,#294,.F.);
#1987=EDGE_CURVE('',#2346,#2402,#702,.F.);
#1988=EDGE_CURVE('',#2402,#2388,#703,.F.);
#1989=EDGE_CURVE('',#2345,#2403,#704,.T.);
#1990=EDGE_CURVE('',#2403,#2402,#295,.F.);
#1991=EDGE_CURVE('',#2344,#2404,#705,.F.);
#1992=EDGE_CURVE('',#2404,#2403,#706,.F.);
#1993=EDGE_CURVE('',#2343,#2405,#707,.T.);
#1994=EDGE_CURVE('',#2405,#2404,#296,.F.);
#1995=EDGE_CURVE('',#2342,#2406,#708,.F.);
#1996=EDGE_CURVE('',#2406,#2405,#709,.F.);
#1997=EDGE_CURVE('',#2341,#2407,#710,.T.);
#1998=EDGE_CURVE('',#2407,#2406,#297,.F.);
#1999=EDGE_CURVE('',#2385,#2407,#711,.F.);
#2000=EDGE_CURVE('',#2381,#2384,#298,.F.);
#2001=EDGE_CURVE('',#2408,#2385,#299,.F.);
#2002=EDGE_CURVE('',#2409,#2408,#712,.F.);
#2003=EDGE_CURVE('',#2409,#2407,#300,.T.);
#2004=EDGE_CURVE('',#2384,#2410,#301,.T.);
#2005=EDGE_CURVE('',#2408,#2410,#713,.T.);
#2006=EDGE_CURVE('',#2411,#2381,#302,.T.);
#2007=EDGE_CURVE('',#2410,#2411,#303,.T.);
#2008=EDGE_CURVE('',#2412,#2380,#304,.T.);
#2009=EDGE_CURVE('',#2411,#2412,#714,.F.);
#2010=EDGE_CURVE('',#2396,#2413,#305,.F.);
#2011=EDGE_CURVE('',#2412,#2413,#715,.F.);
#2012=EDGE_CURVE('',#2414,#2397,#306,.T.);
#2013=EDGE_CURVE('',#2413,#2414,#307,.T.);
#2014=EDGE_CURVE('',#2398,#2415,#308,.F.);
#2015=EDGE_CURVE('',#2414,#2415,#2578,.F.);
#2016=EDGE_CURVE('',#2416,#2399,#309,.T.);
#2017=EDGE_CURVE('',#2415,#2416,#310,.T.);
#2018=EDGE_CURVE('',#2400,#2417,#311,.F.);
#2019=EDGE_CURVE('',#2416,#2417,#2579,.F.);
#2020=EDGE_CURVE('',#2418,#2401,#312,.T.);
#2021=EDGE_CURVE('',#2417,#2418,#313,.T.);
#2022=EDGE_CURVE('',#2419,#2420,#2580,.F.);
#2023=EDGE_CURVE('',#2420,#2421,#2581,.F.);
#2024=EDGE_CURVE('',#2421,#2422,#2582,.F.);
#2025=EDGE_CURVE('',#2422,#2362,#2583,.F.);
#2026=EDGE_CURVE('',#2362,#2419,#2584,.T.);
#2027=EDGE_CURVE('',#2423,#2424,#2585,.F.);
#2028=EDGE_CURVE('',#2424,#2333,#2586,.T.);
#2029=EDGE_CURVE('',#2333,#2425,#2587,.F.);
#2030=EDGE_CURVE('',#2425,#2426,#2588,.F.);
#2031=EDGE_CURVE('',#2426,#2423,#2589,.F.);
#2032=EDGE_CURVE('',#2427,#2320,#2590,.F.);
#2033=EDGE_CURVE('',#2317,#2427,#2591,.T.);
#2034=EDGE_CURVE('',#2321,#2428,#2592,.F.);
#2035=EDGE_CURVE('',#2428,#2324,#2593,.T.);
#2036=EDGE_CURVE('',#2361,#2429,#716,.F.);
#2037=EDGE_CURVE('',#2429,#2419,#717,.F.);
#2038=EDGE_CURVE('',#2360,#2430,#718,.T.);
#2039=EDGE_CURVE('',#2430,#2429,#314,.F.);
#2040=EDGE_CURVE('',#2359,#2431,#719,.F.);
#2041=EDGE_CURVE('',#2431,#2430,#720,.F.);
#2042=EDGE_CURVE('',#2358,#2432,#721,.T.);
#2043=EDGE_CURVE('',#2432,#2431,#315,.F.);
#2044=EDGE_CURVE('',#2433,#2357,#722,.F.);
#2045=EDGE_CURVE('',#2356,#2434,#723,.T.);
#2046=EDGE_CURVE('',#2434,#2433,#316,.F.);
#2047=EDGE_CURVE('',#2428,#2434,#724,.F.);
#2048=EDGE_CURVE('',#2433,#2432,#725,.F.);
#2049=EDGE_CURVE('',#2339,#2435,#726,.F.);
#2050=EDGE_CURVE('',#2435,#2427,#727,.F.);
#2051=EDGE_CURVE('',#2338,#2436,#728,.T.);
#2052=EDGE_CURVE('',#2436,#2435,#317,.F.);
#2053=EDGE_CURVE('',#2337,#2437,#729,.F.);
#2054=EDGE_CURVE('',#2437,#2436,#730,.F.);
#2055=EDGE_CURVE('',#2336,#2438,#731,.T.);
#2056=EDGE_CURVE('',#2438,#2437,#318,.F.);
#2057=EDGE_CURVE('',#2335,#2439,#732,.F.);
#2058=EDGE_CURVE('',#2439,#2438,#733,.F.);
#2059=EDGE_CURVE('',#2334,#2440,#734,.T.);
#2060=EDGE_CURVE('',#2440,#2439,#319,.F.);
#2061=EDGE_CURVE('',#2424,#2440,#735,.F.);
#2062=EDGE_CURVE('',#2420,#2423,#320,.F.);
#2063=EDGE_CURVE('',#2441,#2424,#321,.F.);
#2064=EDGE_CURVE('',#2442,#2441,#736,.F.);
#2065=EDGE_CURVE('',#2442,#2440,#322,.T.);
#2066=EDGE_CURVE('',#2423,#2443,#323,.T.);
#2067=EDGE_CURVE('',#2441,#2443,#737,.T.);
#2068=EDGE_CURVE('',#2444,#2420,#324,.T.);
#2069=EDGE_CURVE('',#2443,#2444,#325,.T.);
#2070=EDGE_CURVE('',#2445,#2419,#326,.T.);
#2071=EDGE_CURVE('',#2444,#2445,#738,.F.);
#2072=EDGE_CURVE('',#2429,#2446,#327,.F.);
#2073=EDGE_CURVE('',#2445,#2446,#739,.F.);
#2074=EDGE_CURVE('',#2447,#2430,#328,.T.);
#2075=EDGE_CURVE('',#2446,#2447,#329,.T.);
#2076=EDGE_CURVE('',#2431,#2448,#330,.F.);
#2077=EDGE_CURVE('',#2447,#2448,#2594,.F.);
#2078=EDGE_CURVE('',#2449,#2432,#331,.T.);
#2079=EDGE_CURVE('',#2448,#2449,#332,.T.);
#2080=EDGE_CURVE('',#2433,#2450,#333,.F.);
#2081=EDGE_CURVE('',#2449,#2450,#2595,.F.);
#2082=EDGE_CURVE('',#2451,#2434,#334,.T.);
#2083=EDGE_CURVE('',#2450,#2451,#335,.T.);
#2084=EDGE_CURVE('',#2412,#2452,#740,.F.);
#2085=EDGE_CURVE('',#2452,#2453,#741,.T.);
#2086=EDGE_CURVE('',#2453,#2411,#742,.T.);
#2087=EDGE_CURVE('',#2454,#2410,#743,.T.);
#2088=EDGE_CURVE('',#2453,#2454,#336,.F.);
#2089=EDGE_CURVE('',#2455,#2408,#744,.F.);
#2090=EDGE_CURVE('',#2454,#2455,#745,.F.);
#2091=EDGE_CURVE('',#2456,#2457,#2596,.T.);
#2092=EDGE_CURVE('',#2457,#2409,#337,.T.);
#2093=EDGE_CURVE('',#2409,#2455,#746,.F.);
#2094=EDGE_CURVE('',#2455,#2456,#338,.F.);
#2095=EDGE_CURVE('',#2458,#2459,#2597,.F.);
#2096=EDGE_CURVE('',#2459,#2457,#2598,.F.);
#2097=EDGE_CURVE('',#2456,#2458,#2599,.F.);
#2098=EDGE_CURVE('',#2460,#2461,#2600,.T.);
#2099=EDGE_CURVE('',#2461,#2459,#339,.T.);
#2100=EDGE_CURVE('',#2458,#2460,#340,.F.);
#2101=EDGE_CURVE('',#2462,#2463,#2601,.F.);
#2102=EDGE_CURVE('',#2463,#2461,#2602,.F.);
#2103=EDGE_CURVE('',#2460,#2462,#2603,.F.);
#2104=EDGE_CURVE('',#2464,#2465,#747,.T.);
#2105=EDGE_CURVE('',#2465,#2463,#341,.T.);
#2106=EDGE_CURVE('',#2462,#2464,#342,.F.);
#2107=EDGE_CURVE('',#2466,#2467,#748,.F.);
#2108=EDGE_CURVE('',#2467,#2468,#749,.T.);
#2109=EDGE_CURVE('',#2468,#2464,#750,.T.);
#2110=EDGE_CURVE('',#2464,#2466,#751,.F.);
#2111=EDGE_CURVE('',#2469,#2470,#752,.T.);
#2112=EDGE_CURVE('',#2470,#2467,#343,.T.);
#2113=EDGE_CURVE('',#2466,#2469,#344,.F.);
#2114=EDGE_CURVE('',#2471,#2472,#753,.F.);
#2115=EDGE_CURVE('',#2472,#2470,#754,.T.);
#2116=EDGE_CURVE('',#2469,#2471,#755,.F.);
#2117=EDGE_CURVE('',#2468,#2465,#756,.F.);
#2118=EDGE_CURVE('',#2473,#2417,#2604,.T.);
#2119=EDGE_CURVE('',#2418,#2471,#757,.F.);
#2120=EDGE_CURVE('',#2471,#2473,#345,.F.);
#2121=EDGE_CURVE('',#2474,#2416,#2605,.F.);
#2122=EDGE_CURVE('',#2473,#2474,#2606,.F.);
#2123=EDGE_CURVE('',#2475,#2415,#2607,.T.);
#2124=EDGE_CURVE('',#2474,#2475,#346,.F.);
#2125=EDGE_CURVE('',#2476,#2414,#2608,.F.);
#2126=EDGE_CURVE('',#2475,#2476,#2609,.F.);
#2127=EDGE_CURVE('',#2452,#2413,#758,.T.);
#2128=EDGE_CURVE('',#2476,#2452,#347,.F.);
#2129=EDGE_CURVE('',#2418,#2472,#759,.F.);
#2130=EDGE_CURVE('',#2406,#2457,#348,.F.);
#2131=EDGE_CURVE('',#2459,#2405,#349,.T.);
#2132=EDGE_CURVE('',#2404,#2461,#350,.F.);
#2133=EDGE_CURVE('',#2463,#2403,#351,.T.);
#2134=EDGE_CURVE('',#2402,#2465,#352,.F.);
#2135=EDGE_CURVE('',#2388,#2468,#353,.F.);
#2136=EDGE_CURVE('',#2467,#2389,#354,.T.);
#2137=EDGE_CURVE('',#2392,#2470,#355,.T.);
#2138=EDGE_CURVE('',#2472,#2393,#356,.F.);
#2139=EDGE_CURVE('',#2450,#2477,#2610,.F.);
#2140=EDGE_CURVE('',#2477,#2478,#2611,.F.);
#2141=EDGE_CURVE('',#2478,#2449,#2612,.F.);
#2142=EDGE_CURVE('',#2479,#2448,#2613,.T.);
#2143=EDGE_CURVE('',#2478,#2479,#357,.F.);
#2144=EDGE_CURVE('',#2480,#2447,#2614,.F.);
#2145=EDGE_CURVE('',#2479,#2480,#2615,.F.);
#2146=EDGE_CURVE('',#2481,#2446,#760,.T.);
#2147=EDGE_CURVE('',#2480,#2481,#358,.F.);
#2148=EDGE_CURVE('',#2451,#2482,#761,.F.);
#2149=EDGE_CURVE('',#2482,#2477,#359,.F.);
#2150=EDGE_CURVE('',#2445,#2481,#762,.F.);
#2151=EDGE_CURVE('',#2481,#2483,#763,.T.);
#2152=EDGE_CURVE('',#2483,#2444,#764,.T.);
#2153=EDGE_CURVE('',#2484,#2443,#765,.T.);
#2154=EDGE_CURVE('',#2483,#2484,#360,.F.);
#2155=EDGE_CURVE('',#2485,#2441,#766,.F.);
#2156=EDGE_CURVE('',#2484,#2485,#767,.F.);
#2157=EDGE_CURVE('',#2486,#2487,#2616,.T.);
#2158=EDGE_CURVE('',#2487,#2442,#361,.T.);
#2159=EDGE_CURVE('',#2442,#2485,#768,.F.);
#2160=EDGE_CURVE('',#2485,#2486,#362,.F.);
#2161=EDGE_CURVE('',#2488,#2489,#2617,.F.);
#2162=EDGE_CURVE('',#2489,#2487,#2618,.F.);
#2163=EDGE_CURVE('',#2486,#2488,#2619,.F.);
#2164=EDGE_CURVE('',#2490,#2491,#2620,.T.);
#2165=EDGE_CURVE('',#2491,#2489,#363,.T.);
#2166=EDGE_CURVE('',#2488,#2490,#364,.F.);
#2167=EDGE_CURVE('',#2492,#2493,#2621,.F.);
#2168=EDGE_CURVE('',#2493,#2491,#2622,.F.);
#2169=EDGE_CURVE('',#2490,#2492,#2623,.F.);
#2170=EDGE_CURVE('',#2494,#2495,#769,.T.);
#2171=EDGE_CURVE('',#2495,#2493,#365,.T.);
#2172=EDGE_CURVE('',#2492,#2494,#366,.F.);
#2173=EDGE_CURVE('',#2496,#2497,#770,.F.);
#2174=EDGE_CURVE('',#2497,#2498,#771,.T.);
#2175=EDGE_CURVE('',#2498,#2494,#772,.T.);
#2176=EDGE_CURVE('',#2494,#2496,#773,.F.);
#2177=EDGE_CURVE('',#2499,#2500,#774,.T.);
#2178=EDGE_CURVE('',#2500,#2497,#367,.T.);
#2179=EDGE_CURVE('',#2496,#2499,#368,.F.);
#2180=EDGE_CURVE('',#2482,#2501,#775,.F.);
#2181=EDGE_CURVE('',#2501,#2500,#776,.T.);
#2182=EDGE_CURVE('',#2499,#2482,#777,.F.);
#2183=EDGE_CURVE('',#2498,#2495,#778,.F.);
#2184=EDGE_CURVE('',#2451,#2501,#779,.F.);
#2185=EDGE_CURVE('',#2439,#2487,#369,.F.);
#2186=EDGE_CURVE('',#2489,#2438,#370,.T.);
#2187=EDGE_CURVE('',#2437,#2491,#371,.F.);
#2188=EDGE_CURVE('',#2493,#2436,#372,.T.);
#2189=EDGE_CURVE('',#2435,#2495,#373,.F.);
#2190=EDGE_CURVE('',#2427,#2498,#374,.F.);
#2191=EDGE_CURVE('',#2497,#2320,#375,.T.);
#2192=EDGE_CURVE('',#2321,#2500,#376,.T.);
#2193=EDGE_CURVE('',#2501,#2428,#377,.F.);
#2194=EDGE_CURVE('',#2502,#2376,#780,.T.);
#2195=EDGE_CURVE('',#2502,#2370,#378,.T.);
#2196=EDGE_CURVE('',#2503,#2502,#379,.T.);
#2197=EDGE_CURVE('',#2503,#2371,#380,.T.);
#2198=EDGE_CURVE('',#2504,#2503,#781,.T.);
#2199=EDGE_CURVE('',#2504,#2372,#381,.T.);
#2200=EDGE_CURVE('',#2379,#2504,#382,.T.);
#2201=EDGE_CURVE('',#2505,#2506,#782,.T.);
#2202=EDGE_CURVE('',#2505,#2507,#383,.T.);
#2203=EDGE_CURVE('',#2508,#2507,#783,.T.);
#2204=EDGE_CURVE('',#2508,#2509,#384,.T.);
#2205=EDGE_CURVE('',#2510,#2509,#784,.T.);
#2206=EDGE_CURVE('',#2510,#2511,#385,.F.);
#2207=EDGE_CURVE('',#2512,#2511,#785,.T.);
#2208=EDGE_CURVE('',#2512,#2506,#386,.F.);
#2209=EDGE_CURVE('',#2513,#2514,#786,.T.);
#2210=EDGE_CURVE('',#2514,#2515,#387,.T.);
#2211=EDGE_CURVE('',#2515,#2516,#787,.F.);
#2212=EDGE_CURVE('',#2516,#2513,#388,.F.);
#2213=EDGE_CURVE('',#2515,#2517,#788,.T.);
#2214=EDGE_CURVE('',#2517,#2260,#789,.T.);
#2215=EDGE_CURVE('',#2260,#2516,#790,.F.);
#2216=EDGE_CURVE('',#2517,#2518,#389,.T.);
#2217=EDGE_CURVE('',#2518,#2259,#791,.F.);
#2218=EDGE_CURVE('',#2518,#2519,#792,.T.);
#2219=EDGE_CURVE('',#2519,#2258,#793,.T.);
#2220=EDGE_CURVE('',#2519,#2520,#390,.T.);
#2221=EDGE_CURVE('',#2520,#2256,#794,.F.);
#2222=EDGE_CURVE('',#2520,#2521,#795,.T.);
#2223=EDGE_CURVE('',#2521,#2257,#796,.T.);
#2224=EDGE_CURVE('',#2521,#2522,#391,.T.);
#2225=EDGE_CURVE('',#2522,#2523,#797,.F.);
#2226=EDGE_CURVE('',#2523,#2257,#392,.F.);
#2227=EDGE_CURVE('',#2522,#2514,#798,.T.);
#2228=EDGE_CURVE('',#2513,#2523,#799,.F.);
#2229=EDGE_CURVE('',#2523,#2249,#393,.F.);
#2230=EDGE_CURVE('',#2247,#2513,#394,.T.);
#2231=EDGE_CURVE('',#2516,#2245,#395,.F.);
#2232=EDGE_CURVE('',#2505,#2518,#396,.T.);
#2233=EDGE_CURVE('',#2506,#2519,#397,.T.);
#2234=EDGE_CURVE('',#2507,#2517,#398,.T.);
#2235=EDGE_CURVE('',#2508,#2515,#399,.T.);
#2236=EDGE_CURVE('',#2509,#2514,#400,.T.);
#2237=EDGE_CURVE('',#2510,#2522,#401,.T.);
#2238=EDGE_CURVE('',#2511,#2521,#402,.T.);
#2239=EDGE_CURVE('',#2512,#2520,#403,.T.);
#2240=VERTEX_POINT('',#4613);
#2241=VERTEX_POINT('',#4614);
#2242=VERTEX_POINT('',#4616);
#2243=VERTEX_POINT('',#4621);
#2244=VERTEX_POINT('',#4628);
#2245=VERTEX_POINT('',#4629);
#2246=VERTEX_POINT('',#4643);
#2247=VERTEX_POINT('',#4644);
#2248=VERTEX_POINT('',#4652);
#2249=VERTEX_POINT('',#4653);
#2250=VERTEX_POINT('',#4667);
#2251=VERTEX_POINT('',#4668);
#2252=VERTEX_POINT('',#4676);
#2253=VERTEX_POINT('',#4677);
#2254=VERTEX_POINT('',#4691);
#2255=VERTEX_POINT('',#4692);
#2256=VERTEX_POINT('',#4706);
#2257=VERTEX_POINT('',#4708);
#2258=VERTEX_POINT('',#4712);
#2259=VERTEX_POINT('',#4716);
#2260=VERTEX_POINT('',#4720);
#2261=VERTEX_POINT('',#4725);
#2262=VERTEX_POINT('',#4726);
#2263=VERTEX_POINT('',#4728);
#2264=VERTEX_POINT('',#4730);
#2265=VERTEX_POINT('',#4734);
#2266=VERTEX_POINT('',#4735);
#2267=VERTEX_POINT('',#4737);
#2268=VERTEX_POINT('',#4739);
#2269=VERTEX_POINT('',#4743);
#2270=VERTEX_POINT('',#4744);
#2271=VERTEX_POINT('',#4746);
#2272=VERTEX_POINT('',#4748);
#2273=VERTEX_POINT('',#4752);
#2274=VERTEX_POINT('',#4754);
#2275=VERTEX_POINT('',#4758);
#2276=VERTEX_POINT('',#4760);
#2277=VERTEX_POINT('',#4764);
#2278=VERTEX_POINT('',#4766);
#2279=VERTEX_POINT('',#4770);
#2280=VERTEX_POINT('',#4771);
#2281=VERTEX_POINT('',#4773);
#2282=VERTEX_POINT('',#4775);
#2283=VERTEX_POINT('',#4779);
#2284=VERTEX_POINT('',#4780);
#2285=VERTEX_POINT('',#4785);
#2286=VERTEX_POINT('',#4787);
#2287=VERTEX_POINT('',#4791);
#2288=VERTEX_POINT('',#4792);
#2289=VERTEX_POINT('',#4794);
#2290=VERTEX_POINT('',#4796);
#2291=VERTEX_POINT('',#4800);
#2292=VERTEX_POINT('',#4802);
#2293=VERTEX_POINT('',#4804);
#2294=VERTEX_POINT('',#4806);
#2295=VERTEX_POINT('',#4808);
#2296=VERTEX_POINT('',#4810);
#2297=VERTEX_POINT('',#4815);
#2298=VERTEX_POINT('',#4817);
#2299=VERTEX_POINT('',#4819);
#2300=VERTEX_POINT('',#4821);
#2301=VERTEX_POINT('',#4826);
#2302=VERTEX_POINT('',#4828);
#2303=VERTEX_POINT('',#4830);
#2304=VERTEX_POINT('',#4834);
#2305=VERTEX_POINT('',#4836);
#2306=VERTEX_POINT('',#4840);
#2307=VERTEX_POINT('',#4841);
#2308=VERTEX_POINT('',#4846);
#2309=VERTEX_POINT('',#4850);
#2310=VERTEX_POINT('',#4854);
#2311=VERTEX_POINT('',#4860);
#2312=VERTEX_POINT('',#4864);
#2313=VERTEX_POINT('',#4868);
#2314=VERTEX_POINT('',#4872);
#2315=VERTEX_POINT('',#4878);
#2316=VERTEX_POINT('',#4882);
#2317=VERTEX_POINT('',#4888);
#2318=VERTEX_POINT('',#4893);
#2319=VERTEX_POINT('',#4898);
#2320=VERTEX_POINT('',#4903);
#2321=VERTEX_POINT('',#4905);
#2322=VERTEX_POINT('',#4910);
#2323=VERTEX_POINT('',#4915);
#2324=VERTEX_POINT('',#4920);
#2325=VERTEX_POINT('',#4924);
#2326=VERTEX_POINT('',#4925);
#2327=VERTEX_POINT('',#4927);
#2328=VERTEX_POINT('',#4929);
#2329=VERTEX_POINT('',#4932);
#2330=VERTEX_POINT('',#4934);
#2331=VERTEX_POINT('',#4936);
#2332=VERTEX_POINT('',#4938);
#2333=VERTEX_POINT('',#4940);
#2334=VERTEX_POINT('',#4942);
#2335=VERTEX_POINT('',#4944);
#2336=VERTEX_POINT('',#4946);
#2337=VERTEX_POINT('',#4948);
#2338=VERTEX_POINT('',#4950);
#2339=VERTEX_POINT('',#4952);
#2340=VERTEX_POINT('',#4955);
#2341=VERTEX_POINT('',#4957);
#2342=VERTEX_POINT('',#4959);
#2343=VERTEX_POINT('',#4961);
#2344=VERTEX_POINT('',#4963);
#2345=VERTEX_POINT('',#4965);
#2346=VERTEX_POINT('',#4967);
#2347=VERTEX_POINT('',#4969);
#2348=VERTEX_POINT('',#4972);
#2349=VERTEX_POINT('',#4974);
#2350=VERTEX_POINT('',#4976);
#2351=VERTEX_POINT('',#4978);
#2352=VERTEX_POINT('',#4980);
#2353=VERTEX_POINT('',#4982);
#2354=VERTEX_POINT('',#4984);
#2355=VERTEX_POINT('',#4986);
#2356=VERTEX_POINT('',#4989);
#2357=VERTEX_POINT('',#4991);
#2358=VERTEX_POINT('',#4993);
#2359=VERTEX_POINT('',#4995);
#2360=VERTEX_POINT('',#4997);
#2361=VERTEX_POINT('',#4999);
#2362=VERTEX_POINT('',#5001);
#2363=VERTEX_POINT('',#5005);
#2364=VERTEX_POINT('',#5009);
#2365=VERTEX_POINT('',#5013);
#2366=VERTEX_POINT('',#5017);
#2367=VERTEX_POINT('',#5054);
#2368=VERTEX_POINT('',#5055);
#2369=VERTEX_POINT('',#5101);
#2370=VERTEX_POINT('',#5102);
#2371=VERTEX_POINT('',#5148);
#2372=VERTEX_POINT('',#5149);
#2373=VERTEX_POINT('',#5195);
#2374=VERTEX_POINT('',#5196);
#2375=VERTEX_POINT('',#5217);
#2376=VERTEX_POINT('',#5219);
#2377=VERTEX_POINT('',#5223);
#2378=VERTEX_POINT('',#5227);
#2379=VERTEX_POINT('',#5231);
#2380=VERTEX_POINT('',#5238);
#2381=VERTEX_POINT('',#5239);
#2382=VERTEX_POINT('',#5244);
#2383=VERTEX_POINT('',#5249);
#2384=VERTEX_POINT('',#5263);
#2385=VERTEX_POINT('',#5264);
#2386=VERTEX_POINT('',#5273);
#2387=VERTEX_POINT('',#5278);
#2388=VERTEX_POINT('',#5288);
#2389=VERTEX_POINT('',#5289);
#2390=VERTEX_POINT('',#5294);
#2391=VERTEX_POINT('',#5299);
#2392=VERTEX_POINT('',#5313);
#2393=VERTEX_POINT('',#5314);
#2394=VERTEX_POINT('',#5323);
#2395=VERTEX_POINT('',#5328);
#2396=VERTEX_POINT('',#5335);
#2397=VERTEX_POINT('',#5339);
#2398=VERTEX_POINT('',#5343);
#2399=VERTEX_POINT('',#5347);
#2400=VERTEX_POINT('',#5351);
#2401=VERTEX_POINT('',#5353);
#2402=VERTEX_POINT('',#5363);
#2403=VERTEX_POINT('',#5367);
#2404=VERTEX_POINT('',#5371);
#2405=VERTEX_POINT('',#5375);
#2406=VERTEX_POINT('',#5379);
#2407=VERTEX_POINT('',#5383);
#2408=VERTEX_POINT('',#5391);
#2409=VERTEX_POINT('',#5393);
#2410=VERTEX_POINT('',#5397);
#2411=VERTEX_POINT('',#5401);
#2412=VERTEX_POINT('',#5405);
#2413=VERTEX_POINT('',#5409);
#2414=VERTEX_POINT('',#5413);
#2415=VERTEX_POINT('',#5417);
#2416=VERTEX_POINT('',#5424);
#2417=VERTEX_POINT('',#5428);
#2418=VERTEX_POINT('',#5435);
#2419=VERTEX_POINT('',#5442);
#2420=VERTEX_POINT('',#5443);
#2421=VERTEX_POINT('',#5448);
#2422=VERTEX_POINT('',#5453);
#2423=VERTEX_POINT('',#5467);
#2424=VERTEX_POINT('',#5468);
#2425=VERTEX_POINT('',#5477);
#2426=VERTEX_POINT('',#5482);
#2427=VERTEX_POINT('',#5492);
#2428=VERTEX_POINT('',#5502);
#2429=VERTEX_POINT('',#5509);
#2430=VERTEX_POINT('',#5513);
#2431=VERTEX_POINT('',#5517);
#2432=VERTEX_POINT('',#5521);
#2433=VERTEX_POINT('',#5525);
#2434=VERTEX_POINT('',#5527);
#2435=VERTEX_POINT('',#5535);
#2436=VERTEX_POINT('',#5539);
#2437=VERTEX_POINT('',#5543);
#2438=VERTEX_POINT('',#5547);
#2439=VERTEX_POINT('',#5551);
#2440=VERTEX_POINT('',#5555);
#2441=VERTEX_POINT('',#5563);
#2442=VERTEX_POINT('',#5565);
#2443=VERTEX_POINT('',#5569);
#2444=VERTEX_POINT('',#5573);
#2445=VERTEX_POINT('',#5577);
#2446=VERTEX_POINT('',#5581);
#2447=VERTEX_POINT('',#5585);
#2448=VERTEX_POINT('',#5589);
#2449=VERTEX_POINT('',#5596);
#2450=VERTEX_POINT('',#5600);
#2451=VERTEX_POINT('',#5607);
#2452=VERTEX_POINT('',#5611);
#2453=VERTEX_POINT('',#5613);
#2454=VERTEX_POINT('',#5617);
#2455=VERTEX_POINT('',#5621);
#2456=VERTEX_POINT('',#5628);
#2457=VERTEX_POINT('',#5629);
#2458=VERTEX_POINT('',#5638);
#2459=VERTEX_POINT('',#5639);
#2460=VERTEX_POINT('',#5653);
#2461=VERTEX_POINT('',#5654);
#2462=VERTEX_POINT('',#5662);
#2463=VERTEX_POINT('',#5663);
#2464=VERTEX_POINT('',#5674);
#2465=VERTEX_POINT('',#5675);
#2466=VERTEX_POINT('',#5681);
#2467=VERTEX_POINT('',#5682);
#2468=VERTEX_POINT('',#5684);
#2469=VERTEX_POINT('',#5689);
#2470=VERTEX_POINT('',#5690);
#2471=VERTEX_POINT('',#5695);
#2472=VERTEX_POINT('',#5696);
#2473=VERTEX_POINT('',#5706);
#2474=VERTEX_POINT('',#5714);
#2475=VERTEX_POINT('',#5724);
#2476=VERTEX_POINT('',#5731);
#2477=VERTEX_POINT('',#5766);
#2478=VERTEX_POINT('',#5771);
#2479=VERTEX_POINT('',#5781);
#2480=VERTEX_POINT('',#5788);
#2481=VERTEX_POINT('',#5795);
#2482=VERTEX_POINT('',#5799);
#2483=VERTEX_POINT('',#5804);
#2484=VERTEX_POINT('',#5808);
#2485=VERTEX_POINT('',#5812);
#2486=VERTEX_POINT('',#5820);
#2487=VERTEX_POINT('',#5821);
#2488=VERTEX_POINT('',#5830);
#2489=VERTEX_POINT('',#5831);
#2490=VERTEX_POINT('',#5845);
#2491=VERTEX_POINT('',#5846);
#2492=VERTEX_POINT('',#5854);
#2493=VERTEX_POINT('',#5855);
#2494=VERTEX_POINT('',#5866);
#2495=VERTEX_POINT('',#5867);
#2496=VERTEX_POINT('',#5873);
#2497=VERTEX_POINT('',#5874);
#2498=VERTEX_POINT('',#5876);
#2499=VERTEX_POINT('',#5881);
#2500=VERTEX_POINT('',#5882);
#2501=VERTEX_POINT('',#5887);
#2502=VERTEX_POINT('',#5917);
#2503=VERTEX_POINT('',#5921);
#2504=VERTEX_POINT('',#5925);
#2505=VERTEX_POINT('',#5931);
#2506=VERTEX_POINT('',#5932);
#2507=VERTEX_POINT('',#5934);
#2508=VERTEX_POINT('',#5936);
#2509=VERTEX_POINT('',#5938);
#2510=VERTEX_POINT('',#5940);
#2511=VERTEX_POINT('',#5942);
#2512=VERTEX_POINT('',#5944);
#2513=VERTEX_POINT('',#5948);
#2514=VERTEX_POINT('',#5949);
#2515=VERTEX_POINT('',#5951);
#2516=VERTEX_POINT('',#5953);
#2517=VERTEX_POINT('',#5957);
#2518=VERTEX_POINT('',#5962);
#2519=VERTEX_POINT('',#5966);
#2520=VERTEX_POINT('',#5970);
#2521=VERTEX_POINT('',#5974);
#2522=VERTEX_POINT('',#5978);
#2523=VERTEX_POINT('',#5980);
#2524=B_SPLINE_CURVE_WITH_KNOTS('',3,(#4609,#4610,#4611,#4612),
 .UNSPECIFIED.,.F.,.F.,(4,4),(0.,60.4219236197483),.UNSPECIFIED.);
#2525=B_SPLINE_CURVE_WITH_KNOTS('',3,(#4617,#4618,#4619,#4620),
 .UNSPECIFIED.,.F.,.F.,(4,4),(0.,60.4219236197496),.UNSPECIFIED.);
#2526=B_SPLINE_CURVE_WITH_KNOTS('',3,(#4624,#4625,#4626,#4627),
 .UNSPECIFIED.,.F.,.F.,(4,4),(0.,1.),.UNSPECIFIED.);
#2527=B_SPLINE_CURVE_WITH_KNOTS('',3,(#4630,#4631,#4632,#4633),
 .UNSPECIFIED.,.F.,.F.,(4,4),(0.,1.),.UNSPECIFIED.);
#2528=B_SPLINE_CURVE_WITH_KNOTS('',3,(#4634,#4635,#4636,#4637),
 .UNSPECIFIED.,.F.,.F.,(4,4),(0.,0.0358320368791616),.UNSPECIFIED.);
#2529=B_SPLINE_CURVE_WITH_KNOTS('',3,(#4639,#4640,#4641,#4642),
 .UNSPECIFIED.,.F.,.F.,(4,4),(0.,59.7946063999424),.UNSPECIFIED.);
#2530=B_SPLINE_CURVE_WITH_KNOTS('',3,(#4648,#4649,#4650,#4651),
 .UNSPECIFIED.,.F.,.F.,(4,4),(0.,1.),.UNSPECIFIED.);
#2531=B_SPLINE_CURVE_WITH_KNOTS('',3,(#4654,#4655,#4656,#4657),
 .UNSPECIFIED.,.F.,.F.,(4,4),(0.,1.),.UNSPECIFIED.);
#2532=B_SPLINE_CURVE_WITH_KNOTS('',3,(#4658,#4659,#4660,#4661),
 .UNSPECIFIED.,.F.,.F.,(4,4),(1.52371572546033E-16,0.0366376849633203),
 .UNSPECIFIED.);
#2533=B_SPLINE_CURVE_WITH_KNOTS('',3,(#4663,#4664,#4665,#4666),
 .UNSPECIFIED.,.F.,.F.,(4,4),(0.,60.3723799051626),.UNSPECIFIED.);
#2534=B_SPLINE_CURVE_WITH_KNOTS('',3,(#4672,#4673,#4674,#4675),
 .UNSPECIFIED.,.F.,.F.,(4,4),(0.,1.),.UNSPECIFIED.);
#2535=B_SPLINE_CURVE_WITH_KNOTS('',3,(#4678,#4679,#4680,#4681),
 .UNSPECIFIED.,.F.,.F.,(4,4),(0.,1.),.UNSPECIFIED.);
#2536=B_SPLINE_CURVE_WITH_KNOTS('',3,(#4682,#4683,#4684,#4685),
 .UNSPECIFIED.,.F.,.F.,(4,4),(0.,0.0366376760734536),.UNSPECIFIED.);
#2537=B_SPLINE_CURVE_WITH_KNOTS('',3,(#4687,#4688,#4689,#4690),
 .UNSPECIFIED.,.F.,.F.,(4,4),(0.,59.7946063999445),.UNSPECIFIED.);
#2538=B_SPLINE_CURVE_WITH_KNOTS('',3,(#4696,#4697,#4698,#4699),
 .UNSPECIFIED.,.F.,.F.,(4,4),(0.,1.),.UNSPECIFIED.);
#2539=B_SPLINE_CURVE_WITH_KNOTS('',3,(#4700,#4701,#4702,#4703),
 .UNSPECIFIED.,.F.,.F.,(4,4),(2.93359062085764E-17,0.035832046356828),
 .UNSPECIFIED.);
#2540=B_SPLINE_CURVE_WITH_KNOTS('',3,(#4889,#4890,#4891,#4892),
 .UNSPECIFIED.,.F.,.F.,(4,4),(0.000406376063806136,0.999920568126177),
 .UNSPECIFIED.);
#2541=B_SPLINE_CURVE_WITH_KNOTS('',3,(#4894,#4895,#4896,#4897),
 .UNSPECIFIED.,.F.,.F.,(4,4),(0.,0.999443579966535),.UNSPECIFIED.);
#2542=B_SPLINE_CURVE_WITH_KNOTS('',3,(#4899,#4900,#4901,#4902),
 .UNSPECIFIED.,.F.,.F.,(4,4),(-0.0170170401134202,-0.0116384737145533),
 .UNSPECIFIED.);
#2543=B_SPLINE_CURVE_WITH_KNOTS('',3,(#4906,#4907,#4908,#4909),
 .UNSPECIFIED.,.F.,.F.,(4,4),(-0.00537823453688727,-4.54076290246405E-7),
 .UNSPECIFIED.);
#2544=B_SPLINE_CURVE_WITH_KNOTS('',3,(#4911,#4912,#4913,#4914),
 .UNSPECIFIED.,.F.,.F.,(4,4),(0.,1.),.UNSPECIFIED.);
#2545=B_SPLINE_CURVE_WITH_KNOTS('',3,(#4916,#4917,#4918,#4919),
 .UNSPECIFIED.,.F.,.F.,(4,4),(1.91896419620122E-5,1.),.UNSPECIFIED.);
#2546=B_SPLINE_CURVE_WITH_KNOTS('',3,(#5049,#5050,#5051,#5052,#5053),
 .UNSPECIFIED.,.F.,.F.,(4,1,4),(0.,45.,90.),.UNSPECIFIED.);
#2547=B_SPLINE_CURVE_WITH_KNOTS('',3,(#5056,#5057,#5058,#5059,#5060),
 .UNSPECIFIED.,.F.,.F.,(4,1,4),(0.,45.,90.),.UNSPECIFIED.);
#2548=B_SPLINE_CURVE_WITH_KNOTS('',3,(#5061,#5062,#5063,#5064,#5065),
 .UNSPECIFIED.,.F.,.F.,(4,1,4),(270.,315.,360.),.UNSPECIFIED.);
#2549=B_SPLINE_CURVE_WITH_KNOTS('',3,(#5096,#5097,#5098,#5099,#5100),
 .UNSPECIFIED.,.F.,.F.,(4,1,4),(0.,45.,90.),.UNSPECIFIED.);
#2550=B_SPLINE_CURVE_WITH_KNOTS('',3,(#5103,#5104,#5105,#5106,#5107),
 .UNSPECIFIED.,.F.,.F.,(4,1,4),(0.,45.,90.),.UNSPECIFIED.);
#2551=B_SPLINE_CURVE_WITH_KNOTS('',3,(#5108,#5109,#5110,#5111,#5112),
 .UNSPECIFIED.,.F.,.F.,(4,1,4),(270.,315.,360.),.UNSPECIFIED.);
#2552=B_SPLINE_CURVE_WITH_KNOTS('',3,(#5143,#5144,#5145,#5146,#5147),
 .UNSPECIFIED.,.F.,.F.,(4,1,4),(0.,45.,90.),.UNSPECIFIED.);
#2553=B_SPLINE_CURVE_WITH_KNOTS('',3,(#5150,#5151,#5152,#5153,#5154),
 .UNSPECIFIED.,.F.,.F.,(4,1,4),(0.,45.,90.),.UNSPECIFIED.);
#2554=B_SPLINE_CURVE_WITH_KNOTS('',3,(#5155,#5156,#5157,#5158,#5159),
 .UNSPECIFIED.,.F.,.F.,(4,1,4),(270.,315.,360.),.UNSPECIFIED.);
#2555=B_SPLINE_CURVE_WITH_KNOTS('',3,(#5190,#5191,#5192,#5193,#5194),
 .UNSPECIFIED.,.F.,.F.,(4,1,4),(0.,45.,90.),.UNSPECIFIED.);
#2556=B_SPLINE_CURVE_WITH_KNOTS('',3,(#5197,#5198,#5199,#5200,#5201),
 .UNSPECIFIED.,.F.,.F.,(4,1,4),(0.,45.,90.),.UNSPECIFIED.);
#2557=B_SPLINE_CURVE_WITH_KNOTS('',3,(#5202,#5203,#5204,#5205,#5206),
 .UNSPECIFIED.,.F.,.F.,(4,1,4),(270.,315.,360.),.UNSPECIFIED.);
#2558=B_SPLINE_CURVE_WITH_KNOTS('',3,(#5234,#5235,#5236,#5237),
 .UNSPECIFIED.,.F.,.F.,(4,4),(0.,75.52248781407),.UNSPECIFIED.);
#2559=B_SPLINE_CURVE_WITH_KNOTS('',3,(#5240,#5241,#5242,#5243),
 .UNSPECIFIED.,.F.,.F.,(4,4),(-0.0170170401134217,-0.011638473639151),
 .UNSPECIFIED.);
#2560=B_SPLINE_CURVE_WITH_KNOTS('',3,(#5245,#5246,#5247,#5248),
 .UNSPECIFIED.,.F.,.F.,(4,4),(0.,0.999443589853552),.UNSPECIFIED.);
#2561=B_SPLINE_CURVE_WITH_KNOTS('',3,(#5250,#5251,#5252,#5253),
 .UNSPECIFIED.,.F.,.F.,(4,4),(0.000406382034150264,0.999920568216115),
 .UNSPECIFIED.);
#2562=B_SPLINE_CURVE_WITH_KNOTS('',3,(#5254,#5255,#5256,#5257),
 .UNSPECIFIED.,.F.,.F.,(4,4),(3.78097083091806E-7,1.),.UNSPECIFIED.);
#2563=B_SPLINE_CURVE_WITH_KNOTS('',3,(#5259,#5260,#5261,#5262),
 .UNSPECIFIED.,.F.,.F.,(4,4),(0.,75.499230125866),.UNSPECIFIED.);
#2564=B_SPLINE_CURVE_WITH_KNOTS('',3,(#5265,#5266,#5267,#5268),
 .UNSPECIFIED.,.F.,.F.,(4,4),(0.,0.999999622098681),.UNSPECIFIED.);
#2565=B_SPLINE_CURVE_WITH_KNOTS('',3,(#5269,#5270,#5271,#5272),
 .UNSPECIFIED.,.F.,.F.,(4,4),(1.91896375075301E-5,1.),.UNSPECIFIED.);
#2566=B_SPLINE_CURVE_WITH_KNOTS('',3,(#5274,#5275,#5276,#5277),
 .UNSPECIFIED.,.F.,.F.,(4,4),(0.,1.),.UNSPECIFIED.);
#2567=B_SPLINE_CURVE_WITH_KNOTS('',3,(#5279,#5280,#5281,#5282),
 .UNSPECIFIED.,.F.,.F.,(4,4),(-0.00537823453688484,-4.54077363321595E-7),
 .UNSPECIFIED.);
#2568=B_SPLINE_CURVE_WITH_KNOTS('',3,(#5284,#5285,#5286,#5287),
 .UNSPECIFIED.,.F.,.F.,(4,4),(0.,75.52248781407),.UNSPECIFIED.);
#2569=B_SPLINE_CURVE_WITH_KNOTS('',3,(#5290,#5291,#5292,#5293),
 .UNSPECIFIED.,.F.,.F.,(4,4),(-0.0170170401134202,-0.0116384844145855),
 .UNSPECIFIED.);
#2570=B_SPLINE_CURVE_WITH_KNOTS('',3,(#5295,#5296,#5297,#5298),
 .UNSPECIFIED.,.F.,.F.,(4,4),(0.,0.999441925355553),.UNSPECIFIED.);
#2571=B_SPLINE_CURVE_WITH_KNOTS('',3,(#5300,#5301,#5302,#5303),
 .UNSPECIFIED.,.F.,.F.,(4,4),(0.000405528861897676,0.999920545599203),
 .UNSPECIFIED.);
#2572=B_SPLINE_CURVE_WITH_KNOTS('',3,(#5304,#5305,#5306,#5307),
 .UNSPECIFIED.,.F.,.F.,(4,4),(3.77638459019699E-7,1.),.UNSPECIFIED.);
#2573=B_SPLINE_CURVE_WITH_KNOTS('',3,(#5309,#5310,#5311,#5312),
 .UNSPECIFIED.,.F.,.F.,(4,4),(0.,75.4992254356346),.UNSPECIFIED.);
#2574=B_SPLINE_CURVE_WITH_KNOTS('',3,(#5315,#5316,#5317,#5318),
 .UNSPECIFIED.,.F.,.F.,(4,4),(0.,0.999999622552363),.UNSPECIFIED.);
#2575=B_SPLINE_CURVE_WITH_KNOTS('',3,(#5319,#5320,#5321,#5322),
 .UNSPECIFIED.,.F.,.F.,(4,4),(1.92356070818634E-5,1.),.UNSPECIFIED.);
#2576=B_SPLINE_CURVE_WITH_KNOTS('',3,(#5324,#5325,#5326,#5327),
 .UNSPECIFIED.,.F.,.F.,(4,4),(0.,1.),.UNSPECIFIED.);
#2577=B_SPLINE_CURVE_WITH_KNOTS('',3,(#5329,#5330,#5331,#5332),
 .UNSPECIFIED.,.F.,.F.,(4,4),(-0.00537822497919408,-4.54214914507819E-7),
 .UNSPECIFIED.);
#2578=B_SPLINE_CURVE_WITH_KNOTS('',3,(#5418,#5419,#5420,#5421),
 .UNSPECIFIED.,.F.,.F.,(4,4),(315.,405.),.UNSPECIFIED.);
#2579=B_SPLINE_CURVE_WITH_KNOTS('',3,(#5429,#5430,#5431,#5432),
 .UNSPECIFIED.,.F.,.F.,(4,4),(315.,405.),.UNSPECIFIED.);
#2580=B_SPLINE_CURVE_WITH_KNOTS('',3,(#5438,#5439,#5440,#5441),
 .UNSPECIFIED.,.F.,.F.,(4,4),(0.,75.52248781407),.UNSPECIFIED.);
#2581=B_SPLINE_CURVE_WITH_KNOTS('',3,(#5444,#5445,#5446,#5447),
 .UNSPECIFIED.,.F.,.F.,(4,4),(-0.0170170401134218,-0.0116384843669025),
 .UNSPECIFIED.);
#2582=B_SPLINE_CURVE_WITH_KNOTS('',3,(#5449,#5450,#5451,#5452),
 .UNSPECIFIED.,.F.,.F.,(4,4),(0.,0.999441933998705),.UNSPECIFIED.);
#2583=B_SPLINE_CURVE_WITH_KNOTS('',3,(#5454,#5455,#5456,#5457),
 .UNSPECIFIED.,.F.,.F.,(4,4),(0.00040553263907408,0.999920545699289),
 .UNSPECIFIED.);
#2584=B_SPLINE_CURVE_WITH_KNOTS('',3,(#5458,#5459,#5460,#5461),
 .UNSPECIFIED.,.F.,.F.,(4,4),(3.77640496356881E-7,1.),.UNSPECIFIED.);
#2585=B_SPLINE_CURVE_WITH_KNOTS('',3,(#5463,#5464,#5465,#5466),
 .UNSPECIFIED.,.F.,.F.,(4,4),(0.,75.499225435635),.UNSPECIFIED.);
#2586=B_SPLINE_CURVE_WITH_KNOTS('',3,(#5469,#5470,#5471,#5472),
 .UNSPECIFIED.,.F.,.F.,(4,4),(0.,0.999999622552362),.UNSPECIFIED.);
#2587=B_SPLINE_CURVE_WITH_KNOTS('',3,(#5473,#5474,#5475,#5476),
 .UNSPECIFIED.,.F.,.F.,(4,4),(1.92355266159885E-5,1.),.UNSPECIFIED.);
#2588=B_SPLINE_CURVE_WITH_KNOTS('',3,(#5478,#5479,#5480,#5481),
 .UNSPECIFIED.,.F.,.F.,(4,4),(0.,1.),.UNSPECIFIED.);
#2589=B_SPLINE_CURVE_WITH_KNOTS('',3,(#5483,#5484,#5485,#5486),
 .UNSPECIFIED.,.F.,.F.,(4,4),(-0.00537822497920528,-4.54214914509312E-7),
 .UNSPECIFIED.);
#2590=B_SPLINE_CURVE_WITH_KNOTS('',3,(#5488,#5489,#5490,#5491),
 .UNSPECIFIED.,.F.,.F.,(4,4),(0.,75.52248781407),.UNSPECIFIED.);
#2591=B_SPLINE_CURVE_WITH_KNOTS('',3,(#5493,#5494,#5495,#5496),
 .UNSPECIFIED.,.F.,.F.,(4,4),(3.78093877175681E-7,1.),.UNSPECIFIED.);
#2592=B_SPLINE_CURVE_WITH_KNOTS('',3,(#5498,#5499,#5500,#5501),
 .UNSPECIFIED.,.F.,.F.,(4,4),(0.,75.4992301258658),.UNSPECIFIED.);
#2593=B_SPLINE_CURVE_WITH_KNOTS('',3,(#5503,#5504,#5505,#5506),
 .UNSPECIFIED.,.F.,.F.,(4,4),(0.,0.999999622098683),.UNSPECIFIED.);
#2594=B_SPLINE_CURVE_WITH_KNOTS('',3,(#5590,#5591,#5592,#5593),
 .UNSPECIFIED.,.F.,.F.,(4,4),(315.,405.),.UNSPECIFIED.);
#2595=B_SPLINE_CURVE_WITH_KNOTS('',3,(#5601,#5602,#5603,#5604),
 .UNSPECIFIED.,.F.,.F.,(4,4),(315.,405.),.UNSPECIFIED.);
#2596=B_SPLINE_CURVE_WITH_KNOTS('',3,(#5624,#5625,#5626,#5627),
 .UNSPECIFIED.,.F.,.F.,(4,4),(0.,90.),.UNSPECIFIED.);
#2597=B_SPLINE_CURVE_WITH_KNOTS('',3,(#5634,#5635,#5636,#5637),
 .UNSPECIFIED.,.F.,.F.,(4,4),(0.,89.9999999954358),.UNSPECIFIED.);
#2598=B_SPLINE_CURVE_WITH_KNOTS('',3,(#5640,#5641,#5642,#5643),
 .UNSPECIFIED.,.F.,.F.,(4,4),(315.,405.),.UNSPECIFIED.);
#2599=B_SPLINE_CURVE_WITH_KNOTS('',3,(#5644,#5645,#5646,#5647),
 .UNSPECIFIED.,.F.,.F.,(4,4),(315.,405.),.UNSPECIFIED.);
#2600=B_SPLINE_CURVE_WITH_KNOTS('',3,(#5649,#5650,#5651,#5652),
 .UNSPECIFIED.,.F.,.F.,(4,4),(0.,90.),.UNSPECIFIED.);
#2601=B_SPLINE_CURVE_WITH_KNOTS('',3,(#5658,#5659,#5660,#5661),
 .UNSPECIFIED.,.F.,.F.,(4,4),(0.,89.9999999954334),.UNSPECIFIED.);
#2602=B_SPLINE_CURVE_WITH_KNOTS('',3,(#5664,#5665,#5666,#5667),
 .UNSPECIFIED.,.F.,.F.,(4,4),(315.,405.),.UNSPECIFIED.);
#2603=B_SPLINE_CURVE_WITH_KNOTS('',3,(#5668,#5669,#5670,#5671),
 .UNSPECIFIED.,.F.,.F.,(4,4),(315.,405.),.UNSPECIFIED.);
#2604=B_SPLINE_CURVE_WITH_KNOTS('',3,(#5702,#5703,#5704,#5705),
 .UNSPECIFIED.,.F.,.F.,(4,4),(0.,90.),.UNSPECIFIED.);
#2605=B_SPLINE_CURVE_WITH_KNOTS('',3,(#5710,#5711,#5712,#5713),
 .UNSPECIFIED.,.F.,.F.,(4,4),(0.,89.9999999954358),.UNSPECIFIED.);
#2606=B_SPLINE_CURVE_WITH_KNOTS('',3,(#5715,#5716,#5717,#5718),
 .UNSPECIFIED.,.F.,.F.,(4,4),(315.,405.),.UNSPECIFIED.);
#2607=B_SPLINE_CURVE_WITH_KNOTS('',3,(#5720,#5721,#5722,#5723),
 .UNSPECIFIED.,.F.,.F.,(4,4),(0.,90.),.UNSPECIFIED.);
#2608=B_SPLINE_CURVE_WITH_KNOTS('',3,(#5727,#5728,#5729,#5730),
 .UNSPECIFIED.,.F.,.F.,(4,4),(0.,89.9999999954622),.UNSPECIFIED.);
#2609=B_SPLINE_CURVE_WITH_KNOTS('',3,(#5732,#5733,#5734,#5735),
 .UNSPECIFIED.,.F.,.F.,(4,4),(315.,405.),.UNSPECIFIED.);
#2610=B_SPLINE_CURVE_WITH_KNOTS('',3,(#5762,#5763,#5764,#5765),
 .UNSPECIFIED.,.F.,.F.,(4,4),(0.,90.),.UNSPECIFIED.);
#2611=B_SPLINE_CURVE_WITH_KNOTS('',3,(#5767,#5768,#5769,#5770),
 .UNSPECIFIED.,.F.,.F.,(4,4),(315.,405.),.UNSPECIFIED.);
#2612=B_SPLINE_CURVE_WITH_KNOTS('',3,(#5772,#5773,#5774,#5775),
 .UNSPECIFIED.,.F.,.F.,(4,4),(0.,89.9999999954358),.UNSPECIFIED.);
#2613=B_SPLINE_CURVE_WITH_KNOTS('',3,(#5777,#5778,#5779,#5780),
 .UNSPECIFIED.,.F.,.F.,(4,4),(0.,90.),.UNSPECIFIED.);
#2614=B_SPLINE_CURVE_WITH_KNOTS('',3,(#5784,#5785,#5786,#5787),
 .UNSPECIFIED.,.F.,.F.,(4,4),(0.,89.9999999954334),.UNSPECIFIED.);
#2615=B_SPLINE_CURVE_WITH_KNOTS('',3,(#5789,#5790,#5791,#5792),
 .UNSPECIFIED.,.F.,.F.,(4,4),(315.,405.),.UNSPECIFIED.);
#2616=B_SPLINE_CURVE_WITH_KNOTS('',3,(#5816,#5817,#5818,#5819),
 .UNSPECIFIED.,.F.,.F.,(4,4),(0.,90.),.UNSPECIFIED.);
#2617=B_SPLINE_CURVE_WITH_KNOTS('',3,(#5826,#5827,#5828,#5829),
 .UNSPECIFIED.,.F.,.F.,(4,4),(0.,89.9999999954358),.UNSPECIFIED.);
#2618=B_SPLINE_CURVE_WITH_KNOTS('',3,(#5832,#5833,#5834,#5835),
 .UNSPECIFIED.,.F.,.F.,(4,4),(315.,405.),.UNSPECIFIED.);
#2619=B_SPLINE_CURVE_WITH_KNOTS('',3,(#5836,#5837,#5838,#5839),
 .UNSPECIFIED.,.F.,.F.,(4,4),(315.,405.),.UNSPECIFIED.);
#2620=B_SPLINE_CURVE_WITH_KNOTS('',3,(#5841,#5842,#5843,#5844),
 .UNSPECIFIED.,.F.,.F.,(4,4),(0.,90.),.UNSPECIFIED.);
#2621=B_SPLINE_CURVE_WITH_KNOTS('',3,(#5850,#5851,#5852,#5853),
 .UNSPECIFIED.,.F.,.F.,(4,4),(0.,89.9999999954364),.UNSPECIFIED.);
#2622=B_SPLINE_CURVE_WITH_KNOTS('',3,(#5856,#5857,#5858,#5859),
 .UNSPECIFIED.,.F.,.F.,(4,4),(315.,405.),.UNSPECIFIED.);
#2623=B_SPLINE_CURVE_WITH_KNOTS('',3,(#5860,#5861,#5862,#5863),
 .UNSPECIFIED.,.F.,.F.,(4,4),(315.,405.),.UNSPECIFIED.);
#2624=EDGE_LOOP('',(#800,#801,#802,#803));
#2625=EDGE_LOOP('',(#804,#805,#806,#807));
#2626=EDGE_LOOP('',(#808,#809,#810,#811));
#2627=EDGE_LOOP('',(#812,#813,#814,#815));
#2628=EDGE_LOOP('',(#816,#817,#818,#819));
#2629=EDGE_LOOP('',(#820,#821,#822,#823));
#2630=EDGE_LOOP('',(#824,#825,#826,#827));
#2631=EDGE_LOOP('',(#828,#829,#830,#831));
#2632=EDGE_LOOP('',(#832,#833,#834,#835));
#2633=EDGE_LOOP('',(#836,#837,#838,#839));
#2634=EDGE_LOOP('',(#840,#841,#842,#843));
#2635=EDGE_LOOP('',(#844,#845,#846,#847));
#2636=EDGE_LOOP('',(#848,#849,#850,#851,#852,#853,#854,#855));
#2637=EDGE_LOOP('',(#856,#857,#858,#859));
#2638=EDGE_LOOP('',(#860,#861,#862,#863));
#2639=EDGE_LOOP('',(#864,#865,#866,#867));
#2640=EDGE_LOOP('',(#868,#869,#870,#871));
#2641=EDGE_LOOP('',(#872,#873,#874,#875));
#2642=EDGE_LOOP('',(#876,#877,#878,#879));
#2643=EDGE_LOOP('',(#880,#881,#882,#883));
#2644=EDGE_LOOP('',(#884,#885,#886,#887));
#2645=EDGE_LOOP('',(#888,#889,#890,#891));
#2646=EDGE_LOOP('',(#892,#893,#894,#895));
#2647=EDGE_LOOP('',(#896,#897,#898,#899,#900,#901,#902,#903));
#2648=EDGE_LOOP('',(#904,#905,#906,#907,#908,#909,#910,#911,#912,#913,#914,
#915));
#2649=EDGE_LOOP('',(#916,#917,#918,#919,#920,#921,#922,#923));
#2650=EDGE_LOOP('',(#924,#925,#926,#927));
#2651=EDGE_LOOP('',(#928,#929,#930,#931));
#2652=EDGE_LOOP('',(#932,#933,#934,#935));
#2653=EDGE_LOOP('',(#936,#937,#938,#939));
#2654=EDGE_LOOP('',(#940,#941,#942,#943));
#2655=EDGE_LOOP('',(#944,#945,#946,#947));
#2656=EDGE_LOOP('',(#948,#949,#950,#951));
#2657=EDGE_LOOP('',(#952,#953,#954,#955));
#2658=EDGE_LOOP('',(#956,#957,#958,#959));
#2659=EDGE_LOOP('',(#960,#961,#962,#963));
#2660=EDGE_LOOP('',(#964,#965,#966,#967));
#2661=EDGE_LOOP('',(#968,#969,#970,#971));
#2662=EDGE_LOOP('',(#972,#973,#974,#975));
#2663=EDGE_LOOP('',(#976,#977,#978,#979));
#2664=EDGE_LOOP('',(#980,#981,#982,#983,#984,#985,#986,#987,#988,#989,#990,
#991));
#2665=EDGE_LOOP('',(#992,#993,#994,#995));
#2666=EDGE_LOOP('',(#996));
#2667=EDGE_LOOP('',(#997));
#2668=EDGE_LOOP('',(#998));
#2669=EDGE_LOOP('',(#999));
#2670=EDGE_LOOP('',(#1000,#1001,#1002,#1003,#1004,#1005,#1006,#1007,#1008,
#1009,#1010,#1011,#1012,#1013,#1014,#1015,#1016,#1017,#1018,#1019,#1020,
#1021,#1022,#1023,#1024,#1025,#1026,#1027,#1028,#1029,#1030,#1031,#1032,
#1033,#1034,#1035,#1036,#1037,#1038,#1039,#1040,#1041,#1042,#1043,#1044,
#1045,#1046,#1047,#1048,#1049,#1050,#1051,#1052,#1053,#1054,#1055,#1056,
#1057,#1058,#1059));
#2671=EDGE_LOOP('',(#1060));
#2672=EDGE_LOOP('',(#1061));
#2673=EDGE_LOOP('',(#1062));
#2674=EDGE_LOOP('',(#1063));
#2675=EDGE_LOOP('',(#1064));
#2676=EDGE_LOOP('',(#1065));
#2677=EDGE_LOOP('',(#1066));
#2678=EDGE_LOOP('',(#1067));
#2679=EDGE_LOOP('',(#1068));
#2680=EDGE_LOOP('',(#1069));
#2681=EDGE_LOOP('',(#1070));
#2682=EDGE_LOOP('',(#1071));
#2683=EDGE_LOOP('',(#1072,#1073,#1074));
#2684=EDGE_LOOP('',(#1075,#1076,#1077));
#2685=EDGE_LOOP('',(#1078,#1079,#1080));
#2686=EDGE_LOOP('',(#1081,#1082,#1083));
#2687=EDGE_LOOP('',(#1084,#1085,#1086,#1087));
#2688=EDGE_LOOP('',(#1088,#1089,#1090,#1091));
#2689=EDGE_LOOP('',(#1092,#1093,#1094,#1095));
#2690=EDGE_LOOP('',(#1096,#1097,#1098,#1099));
#2691=EDGE_LOOP('',(#1100,#1101,#1102,#1103));
#2692=EDGE_LOOP('',(#1104,#1105,#1106,#1107));
#2693=EDGE_LOOP('',(#1108,#1109,#1110,#1111));
#2694=EDGE_LOOP('',(#1112,#1113,#1114,#1115));
#2695=EDGE_LOOP('',(#1116,#1117,#1118,#1119,#1120));
#2696=EDGE_LOOP('',(#1121,#1122,#1123,#1124,#1125));
#2697=EDGE_LOOP('',(#1126,#1127,#1128,#1129,#1130));
#2698=EDGE_LOOP('',(#1131,#1132,#1133,#1134,#1135));
#2699=EDGE_LOOP('',(#1136,#1137,#1138,#1139));
#2700=EDGE_LOOP('',(#1140,#1141,#1142,#1143));
#2701=EDGE_LOOP('',(#1144,#1145,#1146,#1147));
#2702=EDGE_LOOP('',(#1148,#1149,#1150,#1151));
#2703=EDGE_LOOP('',(#1152,#1153,#1154,#1155));
#2704=EDGE_LOOP('',(#1156,#1157,#1158,#1159));
#2705=EDGE_LOOP('',(#1160,#1161,#1162,#1163));
#2706=EDGE_LOOP('',(#1164,#1165,#1166,#1167,#1168,#1169,#1170,#1171,#1172,
#1173,#1174,#1175));
#2707=EDGE_LOOP('',(#1176,#1177,#1178,#1179));
#2708=EDGE_LOOP('',(#1180,#1181,#1182,#1183));
#2709=EDGE_LOOP('',(#1184,#1185,#1186,#1187));
#2710=EDGE_LOOP('',(#1188,#1189,#1190,#1191));
#2711=EDGE_LOOP('',(#1192,#1193,#1194,#1195));
#2712=EDGE_LOOP('',(#1196,#1197,#1198,#1199));
#2713=EDGE_LOOP('',(#1200,#1201,#1202,#1203));
#2714=EDGE_LOOP('',(#1204,#1205,#1206,#1207,#1208,#1209,#1210,#1211,#1212,
#1213,#1214,#1215));
#2715=EDGE_LOOP('',(#1216,#1217,#1218,#1219));
#2716=EDGE_LOOP('',(#1220,#1221,#1222,#1223));
#2717=EDGE_LOOP('',(#1224,#1225,#1226,#1227));
#2718=EDGE_LOOP('',(#1228,#1229,#1230,#1231));
#2719=EDGE_LOOP('',(#1232,#1233,#1234,#1235));
#2720=EDGE_LOOP('',(#1236,#1237,#1238,#1239));
#2721=EDGE_LOOP('',(#1240,#1241,#1242,#1243));
#2722=EDGE_LOOP('',(#1244,#1245,#1246,#1247));
#2723=EDGE_LOOP('',(#1248,#1249,#1250,#1251));
#2724=EDGE_LOOP('',(#1252,#1253,#1254,#1255));
#2725=EDGE_LOOP('',(#1256,#1257,#1258,#1259,#1260));
#2726=EDGE_LOOP('',(#1261,#1262,#1263,#1264,#1265));
#2727=EDGE_LOOP('',(#1266,#1267,#1268,#1269,#1270));
#2728=EDGE_LOOP('',(#1271,#1272,#1273,#1274,#1275));
#2729=EDGE_LOOP('',(#1276,#1277,#1278,#1279));
#2730=EDGE_LOOP('',(#1280,#1281,#1282,#1283));
#2731=EDGE_LOOP('',(#1284,#1285,#1286,#1287));
#2732=EDGE_LOOP('',(#1288,#1289,#1290,#1291));
#2733=EDGE_LOOP('',(#1292,#1293,#1294,#1295));
#2734=EDGE_LOOP('',(#1296,#1297,#1298,#1299));
#2735=EDGE_LOOP('',(#1300,#1301,#1302,#1303));
#2736=EDGE_LOOP('',(#1304,#1305,#1306,#1307));
#2737=EDGE_LOOP('',(#1308,#1309,#1310,#1311));
#2738=EDGE_LOOP('',(#1312,#1313,#1314,#1315));
#2739=EDGE_LOOP('',(#1316,#1317,#1318,#1319));
#2740=EDGE_LOOP('',(#1320,#1321,#1322,#1323));
#2741=EDGE_LOOP('',(#1324,#1325,#1326,#1327));
#2742=EDGE_LOOP('',(#1328,#1329,#1330,#1331));
#2743=EDGE_LOOP('',(#1332,#1333,#1334,#1335,#1336,#1337,#1338,#1339,#1340,
#1341,#1342,#1343));
#2744=EDGE_LOOP('',(#1344,#1345,#1346,#1347));
#2745=EDGE_LOOP('',(#1348,#1349,#1350,#1351));
#2746=EDGE_LOOP('',(#1352,#1353,#1354,#1355));
#2747=EDGE_LOOP('',(#1356,#1357,#1358,#1359));
#2748=EDGE_LOOP('',(#1360,#1361,#1362,#1363));
#2749=EDGE_LOOP('',(#1364,#1365,#1366,#1367));
#2750=EDGE_LOOP('',(#1368,#1369,#1370,#1371));
#2751=EDGE_LOOP('',(#1372,#1373,#1374,#1375));
#2752=EDGE_LOOP('',(#1376,#1377,#1378,#1379));
#2753=EDGE_LOOP('',(#1380,#1381,#1382,#1383));
#2754=EDGE_LOOP('',(#1384,#1385,#1386,#1387));
#2755=EDGE_LOOP('',(#1388,#1389,#1390,#1391));
#2756=EDGE_LOOP('',(#1392,#1393,#1394,#1395));
#2757=EDGE_LOOP('',(#1396,#1397,#1398,#1399));
#2758=EDGE_LOOP('',(#1400,#1401,#1402,#1403));
#2759=EDGE_LOOP('',(#1404,#1405,#1406,#1407));
#2760=EDGE_LOOP('',(#1408,#1409,#1410,#1411));
#2761=EDGE_LOOP('',(#1412,#1413,#1414,#1415));
#2762=EDGE_LOOP('',(#1416,#1417,#1418));
#2763=EDGE_LOOP('',(#1419,#1420,#1421,#1422));
#2764=EDGE_LOOP('',(#1423,#1424,#1425,#1426));
#2765=EDGE_LOOP('',(#1427,#1428,#1429,#1430));
#2766=EDGE_LOOP('',(#1431,#1432,#1433));
#2767=EDGE_LOOP('',(#1434,#1435,#1436,#1437));
#2768=EDGE_LOOP('',(#1438,#1439,#1440,#1441));
#2769=EDGE_LOOP('',(#1442,#1443,#1444,#1445));
#2770=EDGE_LOOP('',(#1446,#1447,#1448,#1449));
#2771=EDGE_LOOP('',(#1450,#1451,#1452,#1453));
#2772=EDGE_LOOP('',(#1454,#1455,#1456));
#2773=EDGE_LOOP('',(#1457,#1458,#1459));
#2774=EDGE_LOOP('',(#1460,#1461,#1462,#1463));
#2775=EDGE_LOOP('',(#1464,#1465,#1466,#1467));
#2776=EDGE_LOOP('',(#1468,#1469,#1470,#1471));
#2777=EDGE_LOOP('',(#1472,#1473,#1474,#1475));
#2778=EDGE_LOOP('',(#1476,#1477,#1478,#1479));
#2779=EDGE_LOOP('',(#1480,#1481,#1482,#1483));
#2780=EDGE_LOOP('',(#1484,#1485,#1486,#1487));
#2781=EDGE_LOOP('',(#1488,#1489,#1490,#1491));
#2782=EDGE_LOOP('',(#1492,#1493,#1494,#1495));
#2783=EDGE_LOOP('',(#1496,#1497,#1498,#1499,#1500,#1501,#1502,#1503,#1504,
#1505,#1506,#1507,#1508,#1509,#1510,#1511));
#2784=EDGE_LOOP('',(#1512,#1513,#1514,#1515));
#2785=EDGE_LOOP('',(#1516,#1517,#1518,#1519));
#2786=EDGE_LOOP('',(#1520,#1521,#1522,#1523));
#2787=EDGE_LOOP('',(#1524,#1525,#1526,#1527));
#2788=EDGE_LOOP('',(#1528,#1529,#1530,#1531));
#2789=EDGE_LOOP('',(#1532,#1533,#1534,#1535));
#2790=EDGE_LOOP('',(#1536,#1537,#1538,#1539));
#2791=EDGE_LOOP('',(#1540,#1541,#1542,#1543));
#2792=EDGE_LOOP('',(#1544,#1545,#1546));
#2793=EDGE_LOOP('',(#1547,#1548,#1549,#1550));
#2794=EDGE_LOOP('',(#1551,#1552,#1553,#1554));
#2795=EDGE_LOOP('',(#1555,#1556,#1557,#1558));
#2796=EDGE_LOOP('',(#1559,#1560,#1561,#1562));
#2797=EDGE_LOOP('',(#1563,#1564,#1565,#1566));
#2798=EDGE_LOOP('',(#1567,#1568,#1569));
#2799=EDGE_LOOP('',(#1570,#1571,#1572,#1573));
#2800=EDGE_LOOP('',(#1574,#1575,#1576,#1577));
#2801=EDGE_LOOP('',(#1578,#1579,#1580,#1581));
#2802=EDGE_LOOP('',(#1582,#1583,#1584));
#2803=EDGE_LOOP('',(#1585,#1586,#1587));
#2804=EDGE_LOOP('',(#1588,#1589,#1590,#1591));
#2805=EDGE_LOOP('',(#1592,#1593,#1594,#1595));
#2806=EDGE_LOOP('',(#1596,#1597,#1598,#1599));
#2807=EDGE_LOOP('',(#1600,#1601,#1602,#1603));
#2808=EDGE_LOOP('',(#1604,#1605,#1606,#1607));
#2809=EDGE_LOOP('',(#1608,#1609,#1610,#1611));
#2810=EDGE_LOOP('',(#1612,#1613,#1614,#1615));
#2811=EDGE_LOOP('',(#1616,#1617,#1618,#1619,#1620,#1621,#1622,#1623,#1624,
#1625,#1626,#1627,#1628,#1629,#1630,#1631));
#2812=EDGE_LOOP('',(#1632,#1633,#1634,#1635));
#2813=EDGE_LOOP('',(#1636,#1637,#1638,#1639));
#2814=EDGE_LOOP('',(#1640,#1641,#1642,#1643));
#2815=EDGE_LOOP('',(#1644,#1645,#1646,#1647));
#2816=EDGE_LOOP('',(#1648,#1649,#1650,#1651));
#2817=EDGE_LOOP('',(#1652,#1653,#1654,#1655));
#2818=EDGE_LOOP('',(#1656,#1657,#1658,#1659));
#2819=EDGE_LOOP('',(#1660,#1661,#1662,#1663));
#2820=EDGE_LOOP('',(#1664,#1665,#1666,#1667,#1668,#1669,#1670,#1671));
#2821=EDGE_LOOP('',(#1672,#1673,#1674,#1675,#1676,#1677,#1678,#1679));
#2822=EDGE_LOOP('',(#1680,#1681,#1682,#1683));
#2823=EDGE_LOOP('',(#1684,#1685,#1686,#1687));
#2824=EDGE_LOOP('',(#1688,#1689,#1690,#1691));
#2825=EDGE_LOOP('',(#1692,#1693,#1694,#1695));
#2826=EDGE_LOOP('',(#1696,#1697,#1698,#1699));
#2827=EDGE_LOOP('',(#1700,#1701,#1702,#1703));
#2828=EDGE_LOOP('',(#1704,#1705,#1706,#1707));
#2829=EDGE_LOOP('',(#1708,#1709,#1710,#1711));
#2830=EDGE_LOOP('',(#1712,#1713,#1714,#1715));
#2831=EDGE_LOOP('',(#1716,#1717,#1718,#1719));
#2832=EDGE_LOOP('',(#1720,#1721,#1722,#1723));
#2833=EDGE_LOOP('',(#1724,#1725,#1726,#1727));
#2834=EDGE_LOOP('',(#1728,#1729,#1730,#1731));
#2835=EDGE_LOOP('',(#1732,#1733,#1734,#1735));
#2836=EDGE_LOOP('',(#1736,#1737,#1738,#1739));
#2837=EDGE_LOOP('',(#1740,#1741,#1742,#1743));
#2838=EDGE_LOOP('',(#1744,#1745,#1746,#1747));
#2839=EDGE_LOOP('',(#1748,#1749,#1750,#1751));
#2840=EDGE_LOOP('',(#1752,#1753,#1754,#1755));
#2841=EDGE_LOOP('',(#1756,#1757,#1758,#1759));
#2842=FACE_BOUND('',#2624,.T.);
#2843=FACE_BOUND('',#2625,.T.);
#2844=FACE_BOUND('',#2626,.T.);
#2845=FACE_BOUND('',#2627,.T.);
#2846=FACE_BOUND('',#2628,.T.);
#2847=FACE_BOUND('',#2629,.T.);
#2848=FACE_BOUND('',#2630,.T.);
#2849=FACE_BOUND('',#2631,.T.);
#2850=FACE_BOUND('',#2632,.T.);
#2851=FACE_BOUND('',#2633,.T.);
#2852=FACE_BOUND('',#2634,.T.);
#2853=FACE_BOUND('',#2635,.T.);
#2854=FACE_BOUND('',#2636,.T.);
#2855=FACE_BOUND('',#2637,.T.);
#2856=FACE_BOUND('',#2638,.T.);
#2857=FACE_BOUND('',#2639,.T.);
#2858=FACE_BOUND('',#2640,.T.);
#2859=FACE_BOUND('',#2641,.T.);
#2860=FACE_BOUND('',#2642,.T.);
#2861=FACE_BOUND('',#2643,.T.);
#2862=FACE_BOUND('',#2644,.T.);
#2863=FACE_BOUND('',#2645,.T.);
#2864=FACE_BOUND('',#2646,.T.);
#2865=FACE_BOUND('',#2647,.T.);
#2866=FACE_BOUND('',#2648,.T.);
#2867=FACE_BOUND('',#2649,.T.);
#2868=FACE_BOUND('',#2650,.T.);
#2869=FACE_BOUND('',#2651,.T.);
#2870=FACE_BOUND('',#2652,.T.);
#2871=FACE_BOUND('',#2653,.T.);
#2872=FACE_BOUND('',#2654,.T.);
#2873=FACE_BOUND('',#2655,.T.);
#2874=FACE_BOUND('',#2656,.T.);
#2875=FACE_BOUND('',#2657,.T.);
#2876=FACE_BOUND('',#2658,.T.);
#2877=FACE_BOUND('',#2659,.T.);
#2878=FACE_BOUND('',#2660,.T.);
#2879=FACE_BOUND('',#2661,.T.);
#2880=FACE_BOUND('',#2662,.T.);
#2881=FACE_BOUND('',#2663,.T.);
#2882=FACE_BOUND('',#2664,.T.);
#2883=FACE_BOUND('',#2665,.T.);
#2884=FACE_BOUND('',#2666,.T.);
#2885=FACE_BOUND('',#2667,.T.);
#2886=FACE_BOUND('',#2668,.T.);
#2887=FACE_BOUND('',#2669,.T.);
#2888=FACE_BOUND('',#2670,.T.);
#2889=FACE_BOUND('',#2671,.T.);
#2890=FACE_BOUND('',#2672,.T.);
#2891=FACE_BOUND('',#2673,.T.);
#2892=FACE_BOUND('',#2674,.T.);
#2893=FACE_BOUND('',#2675,.T.);
#2894=FACE_BOUND('',#2676,.T.);
#2895=FACE_BOUND('',#2677,.T.);
#2896=FACE_BOUND('',#2678,.T.);
#2897=FACE_BOUND('',#2679,.T.);
#2898=FACE_BOUND('',#2680,.T.);
#2899=FACE_BOUND('',#2681,.T.);
#2900=FACE_BOUND('',#2682,.T.);
#2901=FACE_BOUND('',#2683,.T.);
#2902=FACE_BOUND('',#2684,.T.);
#2903=FACE_BOUND('',#2685,.T.);
#2904=FACE_BOUND('',#2686,.T.);
#2905=FACE_BOUND('',#2687,.T.);
#2906=FACE_BOUND('',#2688,.T.);
#2907=FACE_BOUND('',#2689,.T.);
#2908=FACE_BOUND('',#2690,.T.);
#2909=FACE_BOUND('',#2691,.T.);
#2910=FACE_BOUND('',#2692,.T.);
#2911=FACE_BOUND('',#2693,.T.);
#2912=FACE_BOUND('',#2694,.T.);
#2913=FACE_BOUND('',#2695,.T.);
#2914=FACE_BOUND('',#2696,.T.);
#2915=FACE_BOUND('',#2697,.T.);
#2916=FACE_BOUND('',#2698,.T.);
#2917=FACE_BOUND('',#2699,.T.);
#2918=FACE_BOUND('',#2700,.T.);
#2919=FACE_BOUND('',#2701,.T.);
#2920=FACE_BOUND('',#2702,.T.);
#2921=FACE_BOUND('',#2703,.T.);
#2922=FACE_BOUND('',#2704,.T.);
#2923=FACE_BOUND('',#2705,.T.);
#2924=FACE_BOUND('',#2706,.T.);
#2925=FACE_BOUND('',#2707,.T.);
#2926=FACE_BOUND('',#2708,.T.);
#2927=FACE_BOUND('',#2709,.T.);
#2928=FACE_BOUND('',#2710,.T.);
#2929=FACE_BOUND('',#2711,.T.);
#2930=FACE_BOUND('',#2712,.T.);
#2931=FACE_BOUND('',#2713,.T.);
#2932=FACE_BOUND('',#2714,.T.);
#2933=FACE_BOUND('',#2715,.T.);
#2934=FACE_BOUND('',#2716,.T.);
#2935=FACE_BOUND('',#2717,.T.);
#2936=FACE_BOUND('',#2718,.T.);
#2937=FACE_BOUND('',#2719,.T.);
#2938=FACE_BOUND('',#2720,.T.);
#2939=FACE_BOUND('',#2721,.T.);
#2940=FACE_BOUND('',#2722,.T.);
#2941=FACE_BOUND('',#2723,.T.);
#2942=FACE_BOUND('',#2724,.T.);
#2943=FACE_BOUND('',#2725,.T.);
#2944=FACE_BOUND('',#2726,.T.);
#2945=FACE_BOUND('',#2727,.T.);
#2946=FACE_BOUND('',#2728,.T.);
#2947=FACE_BOUND('',#2729,.T.);
#2948=FACE_BOUND('',#2730,.T.);
#2949=FACE_BOUND('',#2731,.T.);
#2950=FACE_BOUND('',#2732,.T.);
#2951=FACE_BOUND('',#2733,.T.);
#2952=FACE_BOUND('',#2734,.T.);
#2953=FACE_BOUND('',#2735,.T.);
#2954=FACE_BOUND('',#2736,.T.);
#2955=FACE_BOUND('',#2737,.T.);
#2956=FACE_BOUND('',#2738,.T.);
#2957=FACE_BOUND('',#2739,.T.);
#2958=FACE_BOUND('',#2740,.T.);
#2959=FACE_BOUND('',#2741,.T.);
#2960=FACE_BOUND('',#2742,.T.);
#2961=FACE_BOUND('',#2743,.T.);
#2962=FACE_BOUND('',#2744,.T.);
#2963=FACE_BOUND('',#2745,.T.);
#2964=FACE_BOUND('',#2746,.T.);
#2965=FACE_BOUND('',#2747,.T.);
#2966=FACE_BOUND('',#2748,.T.);
#2967=FACE_BOUND('',#2749,.T.);
#2968=FACE_BOUND('',#2750,.T.);
#2969=FACE_BOUND('',#2751,.T.);
#2970=FACE_BOUND('',#2752,.T.);
#2971=FACE_BOUND('',#2753,.T.);
#2972=FACE_BOUND('',#2754,.T.);
#2973=FACE_BOUND('',#2755,.T.);
#2974=FACE_BOUND('',#2756,.T.);
#2975=FACE_BOUND('',#2757,.T.);
#2976=FACE_BOUND('',#2758,.T.);
#2977=FACE_BOUND('',#2759,.T.);
#2978=FACE_BOUND('',#2760,.T.);
#2979=FACE_BOUND('',#2761,.T.);
#2980=FACE_BOUND('',#2762,.T.);
#2981=FACE_BOUND('',#2763,.T.);
#2982=FACE_BOUND('',#2764,.T.);
#2983=FACE_BOUND('',#2765,.T.);
#2984=FACE_BOUND('',#2766,.T.);
#2985=FACE_BOUND('',#2767,.T.);
#2986=FACE_BOUND('',#2768,.T.);
#2987=FACE_BOUND('',#2769,.T.);
#2988=FACE_BOUND('',#2770,.T.);
#2989=FACE_BOUND('',#2771,.T.);
#2990=FACE_BOUND('',#2772,.T.);
#2991=FACE_BOUND('',#2773,.T.);
#2992=FACE_BOUND('',#2774,.T.);
#2993=FACE_BOUND('',#2775,.T.);
#2994=FACE_BOUND('',#2776,.T.);
#2995=FACE_BOUND('',#2777,.T.);
#2996=FACE_BOUND('',#2778,.T.);
#2997=FACE_BOUND('',#2779,.T.);
#2998=FACE_BOUND('',#2780,.T.);
#2999=FACE_BOUND('',#2781,.T.);
#3000=FACE_BOUND('',#2782,.T.);
#3001=FACE_BOUND('',#2783,.T.);
#3002=FACE_BOUND('',#2784,.T.);
#3003=FACE_BOUND('',#2785,.T.);
#3004=FACE_BOUND('',#2786,.T.);
#3005=FACE_BOUND('',#2787,.T.);
#3006=FACE_BOUND('',#2788,.T.);
#3007=FACE_BOUND('',#2789,.T.);
#3008=FACE_BOUND('',#2790,.T.);
#3009=FACE_BOUND('',#2791,.T.);
#3010=FACE_BOUND('',#2792,.T.);
#3011=FACE_BOUND('',#2793,.T.);
#3012=FACE_BOUND('',#2794,.T.);
#3013=FACE_BOUND('',#2795,.T.);
#3014=FACE_BOUND('',#2796,.T.);
#3015=FACE_BOUND('',#2797,.T.);
#3016=FACE_BOUND('',#2798,.T.);
#3017=FACE_BOUND('',#2799,.T.);
#3018=FACE_BOUND('',#2800,.T.);
#3019=FACE_BOUND('',#2801,.T.);
#3020=FACE_BOUND('',#2802,.T.);
#3021=FACE_BOUND('',#2803,.T.);
#3022=FACE_BOUND('',#2804,.T.);
#3023=FACE_BOUND('',#2805,.T.);
#3024=FACE_BOUND('',#2806,.T.);
#3025=FACE_BOUND('',#2807,.T.);
#3026=FACE_BOUND('',#2808,.T.);
#3027=FACE_BOUND('',#2809,.T.);
#3028=FACE_BOUND('',#2810,.T.);
#3029=FACE_BOUND('',#2811,.T.);
#3030=FACE_BOUND('',#2812,.T.);
#3031=FACE_BOUND('',#2813,.T.);
#3032=FACE_BOUND('',#2814,.T.);
#3033=FACE_BOUND('',#2815,.T.);
#3034=FACE_BOUND('',#2816,.T.);
#3035=FACE_BOUND('',#2817,.T.);
#3036=FACE_BOUND('',#2818,.T.);
#3037=FACE_BOUND('',#2819,.T.);
#3038=FACE_BOUND('',#2820,.T.);
#3039=FACE_BOUND('',#2821,.T.);
#3040=FACE_BOUND('',#2822,.T.);
#3041=FACE_BOUND('',#2823,.T.);
#3042=FACE_BOUND('',#2824,.T.);
#3043=FACE_BOUND('',#2825,.T.);
#3044=FACE_BOUND('',#2826,.T.);
#3045=FACE_BOUND('',#2827,.T.);
#3046=FACE_BOUND('',#2828,.T.);
#3047=FACE_BOUND('',#2829,.T.);
#3048=FACE_BOUND('',#2830,.T.);
#3049=FACE_BOUND('',#2831,.T.);
#3050=FACE_BOUND('',#2832,.T.);
#3051=FACE_BOUND('',#2833,.T.);
#3052=FACE_BOUND('',#2834,.T.);
#3053=FACE_BOUND('',#2835,.T.);
#3054=FACE_BOUND('',#2836,.T.);
#3055=FACE_BOUND('',#2837,.T.);
#3056=FACE_BOUND('',#2838,.T.);
#3057=FACE_BOUND('',#2839,.T.);
#3058=FACE_BOUND('',#2840,.T.);
#3059=FACE_BOUND('',#2841,.T.);
#3060=TOROIDAL_SURFACE('',#3309,0.0365400098090498,0.0004);
#3061=TOROIDAL_SURFACE('',#3313,0.0363107567346435,0.0004);
#3062=TOROIDAL_SURFACE('',#3317,0.0365220630097902,0.0004);
#3063=TOROIDAL_SURFACE('',#3321,0.0363107567346435,0.0004);
#3064=TOROIDAL_SURFACE('',#3415,0.0003,0.0002);
#3065=TOROIDAL_SURFACE('',#3420,0.00035,0.0002);
#3066=TOROIDAL_SURFACE('',#3428,0.0003,0.0002);
#3067=TOROIDAL_SURFACE('',#3430,0.00035,0.0002);
#3068=TOROIDAL_SURFACE('',#3433,0.0003,0.0002);
#3069=TOROIDAL_SURFACE('',#3438,0.00035,0.0002);
#3070=TOROIDAL_SURFACE('',#3443,0.00035,0.0002);
#3071=TOROIDAL_SURFACE('',#3448,0.0003,0.0002);
#3072=TOROIDAL_SURFACE('',#3469,0.0003,0.0002);
#3073=TOROIDAL_SURFACE('',#3474,0.00035,0.0002);
#3074=TOROIDAL_SURFACE('',#3482,0.0003,0.0002);
#3075=TOROIDAL_SURFACE('',#3484,0.00035,0.0002);
#3076=TOROIDAL_SURFACE('',#3486,0.0003,0.0002);
#3077=TOROIDAL_SURFACE('',#3491,0.00035,0.0002);
#3078=TOROIDAL_SURFACE('',#3496,0.00035,0.0002);
#3079=TOROIDAL_SURFACE('',#3501,0.0003,0.0002);
#3080=TOROIDAL_SURFACE('',#3518,0.0002,0.0001);
#3081=TOROIDAL_SURFACE('',#3524,0.0002,0.0001);
#3082=TOROIDAL_SURFACE('',#3535,0.0002,0.0001);
#3083=TOROIDAL_SURFACE('',#3542,0.0002,0.0001);
#3084=TOROIDAL_SURFACE('',#3575,0.0002,0.0001);
#3085=TOROIDAL_SURFACE('',#3581,0.0002,0.0001);
#3086=TOROIDAL_SURFACE('',#3593,0.0002,0.0001);
#3087=TOROIDAL_SURFACE('',#3600,0.0002,0.0001);
#3088=ADVANCED_FACE('',(#2842),#3060,.T.);
#3089=ADVANCED_FACE('',(#2843),#636,.T.);
#3090=ADVANCED_FACE('',(#2844),#3061,.T.);
#3091=ADVANCED_FACE('',(#2845),#637,.T.);
#3092=ADVANCED_FACE('',(#2846),#3062,.T.);
#3093=ADVANCED_FACE('',(#2847),#638,.T.);
#3094=ADVANCED_FACE('',(#2848),#3063,.T.);
#3095=ADVANCED_FACE('',(#2849),#639,.T.);
#3096=ADVANCED_FACE('',(#2850),#632,.T.);
#3097=ADVANCED_FACE('',(#2851),#113,.T.);
#3098=ADVANCED_FACE('',(#2852),#633,.T.);
#3099=ADVANCED_FACE('',(#2853),#114,.T.);
#3100=ADVANCED_FACE('',(#2854),#92,.F.);
#3101=ADVANCED_FACE('',(#2855),#115,.T.);
#3102=ADVANCED_FACE('',(#2856),#116,.T.);
#3103=ADVANCED_FACE('',(#2857),#117,.T.);
#3104=ADVANCED_FACE('',(#2858),#118,.T.);
#3105=ADVANCED_FACE('',(#2859),#119,.T.);
#3106=ADVANCED_FACE('',(#2860),#120,.T.);
#3107=ADVANCED_FACE('',(#2861),#121,.T.);
#3108=ADVANCED_FACE('',(#2862),#122,.T.);
#3109=ADVANCED_FACE('',(#2863),#123,.T.);
#3110=ADVANCED_FACE('',(#2864),#124,.T.);
#3111=ADVANCED_FACE('',(#2865),#125,.F.);
#3112=ADVANCED_FACE('',(#2866),#126,.F.);
#3113=ADVANCED_FACE('',(#2867),#127,.F.);
#3114=ADVANCED_FACE('',(#2868),#128,.T.);
#3115=ADVANCED_FACE('',(#2869),#129,.T.);
#3116=ADVANCED_FACE('',(#2870),#130,.T.);
#3117=ADVANCED_FACE('',(#2871),#131,.T.);
#3118=ADVANCED_FACE('',(#2872),#132,.T.);
#3119=ADVANCED_FACE('',(#2873),#133,.T.);
#3120=ADVANCED_FACE('',(#2874),#134,.T.);
#3121=ADVANCED_FACE('',(#2875),#135,.T.);
#3122=ADVANCED_FACE('',(#2876),#136,.T.);
#3123=ADVANCED_FACE('',(#2877),#137,.T.);
#3124=ADVANCED_FACE('',(#2878),#138,.T.);
#3125=ADVANCED_FACE('',(#2879),#139,.T.);
#3126=ADVANCED_FACE('',(#2880),#140,.T.);
#3127=ADVANCED_FACE('',(#2881),#141,.T.);
#3128=ADVANCED_FACE('',(#2882),#16,.F.);
#3129=ADVANCED_FACE('',(#2883,#2884,#2885,#2886,#2887,#2888),#142,.F.);
#3130=ADVANCED_FACE('',(#2889,#2890),#17,.F.);
#3131=ADVANCED_FACE('',(#2891),#143,.T.);
#3132=ADVANCED_FACE('',(#2892,#2893),#18,.F.);
#3133=ADVANCED_FACE('',(#2894),#144,.T.);
#3134=ADVANCED_FACE('',(#2895,#2896),#19,.F.);
#3135=ADVANCED_FACE('',(#2897),#145,.T.);
#3136=ADVANCED_FACE('',(#2898,#2899),#20,.F.);
#3137=ADVANCED_FACE('',(#2900),#146,.T.);
#3138=ADVANCED_FACE('',(#2901),#12,.T.);
#3139=ADVANCED_FACE('',(#2902),#13,.T.);
#3140=ADVANCED_FACE('',(#2903),#14,.T.);
#3141=ADVANCED_FACE('',(#2904),#15,.T.);
#3142=ADVANCED_FACE('',(#2905),#21,.F.);
#3143=ADVANCED_FACE('',(#2906),#22,.F.);
#3144=ADVANCED_FACE('',(#2907),#23,.F.);
#3145=ADVANCED_FACE('',(#2908),#24,.F.);
#3146=ADVANCED_FACE('',(#2909),#147,.F.);
#3147=ADVANCED_FACE('',(#2910),#25,.F.);
#3148=ADVANCED_FACE('',(#2911),#148,.F.);
#3149=ADVANCED_FACE('',(#2912),#26,.F.);
#3150=ADVANCED_FACE('',(#2913),#93,.F.);
#3151=ADVANCED_FACE('',(#2914),#94,.F.);
#3152=ADVANCED_FACE('',(#2915),#95,.F.);
#3153=ADVANCED_FACE('',(#2916),#96,.F.);
#3154=ADVANCED_FACE('',(#2917),#3064,.F.);
#3155=ADVANCED_FACE('',(#2918),#27,.F.);
#3156=ADVANCED_FACE('',(#2919),#3065,.F.);
#3157=ADVANCED_FACE('',(#2920),#28,.F.);
#3158=ADVANCED_FACE('',(#2921),#29,.F.);
#3159=ADVANCED_FACE('',(#2922),#3066,.F.);
#3160=ADVANCED_FACE('',(#2923),#3067,.F.);
#3161=ADVANCED_FACE('',(#2924),#30,.F.);
#3162=ADVANCED_FACE('',(#2925),#3068,.F.);
#3163=ADVANCED_FACE('',(#2926),#31,.F.);
#3164=ADVANCED_FACE('',(#2927),#3069,.F.);
#3165=ADVANCED_FACE('',(#2928),#32,.F.);
#3166=ADVANCED_FACE('',(#2929),#3070,.F.);
#3167=ADVANCED_FACE('',(#2930),#33,.F.);
#3168=ADVANCED_FACE('',(#2931),#3071,.F.);
#3169=ADVANCED_FACE('',(#2932),#34,.F.);
#3170=ADVANCED_FACE('',(#2933),#35,.T.);
#3171=ADVANCED_FACE('',(#2934),#36,.F.);
#3172=ADVANCED_FACE('',(#2935),#149,.F.);
#3173=ADVANCED_FACE('',(#2936),#37,.F.);
#3174=ADVANCED_FACE('',(#2937),#38,.T.);
#3175=ADVANCED_FACE('',(#2938),#150,.F.);
#3176=ADVANCED_FACE('',(#2939),#39,.T.);
#3177=ADVANCED_FACE('',(#2940),#151,.F.);
#3178=ADVANCED_FACE('',(#2941),#40,.T.);
#3179=ADVANCED_FACE('',(#2942),#152,.F.);
#3180=ADVANCED_FACE('',(#2943),#97,.F.);
#3181=ADVANCED_FACE('',(#2944),#98,.F.);
#3182=ADVANCED_FACE('',(#2945),#99,.F.);
#3183=ADVANCED_FACE('',(#2946),#100,.F.);
#3184=ADVANCED_FACE('',(#2947),#3072,.F.);
#3185=ADVANCED_FACE('',(#2948),#41,.F.);
#3186=ADVANCED_FACE('',(#2949),#3073,.F.);
#3187=ADVANCED_FACE('',(#2950),#42,.F.);
#3188=ADVANCED_FACE('',(#2951),#43,.F.);
#3189=ADVANCED_FACE('',(#2952),#3074,.F.);
#3190=ADVANCED_FACE('',(#2953),#3075,.F.);
#3191=ADVANCED_FACE('',(#2954),#3076,.F.);
#3192=ADVANCED_FACE('',(#2955),#44,.F.);
#3193=ADVANCED_FACE('',(#2956),#3077,.F.);
#3194=ADVANCED_FACE('',(#2957),#45,.F.);
#3195=ADVANCED_FACE('',(#2958),#3078,.F.);
#3196=ADVANCED_FACE('',(#2959),#46,.F.);
#3197=ADVANCED_FACE('',(#2960),#3079,.F.);
#3198=ADVANCED_FACE('',(#2961),#47,.F.);
#3199=ADVANCED_FACE('',(#2962),#48,.T.);
#3200=ADVANCED_FACE('',(#2963),#49,.F.);
#3201=ADVANCED_FACE('',(#2964),#153,.F.);
#3202=ADVANCED_FACE('',(#2965),#50,.F.);
#3203=ADVANCED_FACE('',(#2966),#51,.T.);
#3204=ADVANCED_FACE('',(#2967),#154,.F.);
#3205=ADVANCED_FACE('',(#2968),#52,.T.);
#3206=ADVANCED_FACE('',(#2969),#155,.F.);
#3207=ADVANCED_FACE('',(#2970),#53,.T.);
#3208=ADVANCED_FACE('',(#2971),#156,.F.);
#3209=ADVANCED_FACE('',(#2972),#3080,.T.);
#3210=ADVANCED_FACE('',(#2973),#54,.T.);
#3211=ADVANCED_FACE('',(#2974),#3081,.T.);
#3212=ADVANCED_FACE('',(#2975),#55,.T.);
#3213=ADVANCED_FACE('',(#2976),#640,.T.);
#3214=ADVANCED_FACE('',(#2977),#56,.T.);
#3215=ADVANCED_FACE('',(#2978),#641,.T.);
#3216=ADVANCED_FACE('',(#2979),#57,.T.);
#3217=ADVANCED_FACE('',(#2980),#101,.T.);
#3218=ADVANCED_FACE('',(#2981),#3082,.T.);
#3219=ADVANCED_FACE('',(#2982),#58,.T.);
#3220=ADVANCED_FACE('',(#2983),#3083,.T.);
#3221=ADVANCED_FACE('',(#2984),#102,.T.);
#3222=ADVANCED_FACE('',(#2985),#59,.T.);
#3223=ADVANCED_FACE('',(#2986),#642,.T.);
#3224=ADVANCED_FACE('',(#2987),#60,.T.);
#3225=ADVANCED_FACE('',(#2988),#643,.T.);
#3226=ADVANCED_FACE('',(#2989),#61,.T.);
#3227=ADVANCED_FACE('',(#2990),#103,.T.);
#3228=ADVANCED_FACE('',(#2991),#104,.T.);
#3229=ADVANCED_FACE('',(#2992),#62,.T.);
#3230=ADVANCED_FACE('',(#2993),#157,.F.);
#3231=ADVANCED_FACE('',(#2994),#63,.T.);
#3232=ADVANCED_FACE('',(#2995),#158,.F.);
#3233=ADVANCED_FACE('',(#2996),#64,.T.);
#3234=ADVANCED_FACE('',(#2997),#65,.F.);
#3235=ADVANCED_FACE('',(#2998),#159,.F.);
#3236=ADVANCED_FACE('',(#2999),#66,.F.);
#3237=ADVANCED_FACE('',(#3000),#67,.T.);
#3238=ADVANCED_FACE('',(#3001),#160,.F.);
#3239=ADVANCED_FACE('',(#3002),#644,.T.);
#3240=ADVANCED_FACE('',(#3003),#68,.T.);
#3241=ADVANCED_FACE('',(#3004),#645,.T.);
#3242=ADVANCED_FACE('',(#3005),#69,.T.);
#3243=ADVANCED_FACE('',(#3006),#70,.T.);
#3244=ADVANCED_FACE('',(#3007),#3084,.T.);
#3245=ADVANCED_FACE('',(#3008),#71,.T.);
#3246=ADVANCED_FACE('',(#3009),#3085,.T.);
#3247=ADVANCED_FACE('',(#3010),#105,.T.);
#3248=ADVANCED_FACE('',(#3011),#72,.T.);
#3249=ADVANCED_FACE('',(#3012),#646,.T.);
#3250=ADVANCED_FACE('',(#3013),#73,.T.);
#3251=ADVANCED_FACE('',(#3014),#647,.T.);
#3252=ADVANCED_FACE('',(#3015),#74,.T.);
#3253=ADVANCED_FACE('',(#3016),#106,.T.);
#3254=ADVANCED_FACE('',(#3017),#3086,.T.);
#3255=ADVANCED_FACE('',(#3018),#75,.T.);
#3256=ADVANCED_FACE('',(#3019),#3087,.T.);
#3257=ADVANCED_FACE('',(#3020),#107,.T.);
#3258=ADVANCED_FACE('',(#3021),#108,.T.);
#3259=ADVANCED_FACE('',(#3022),#161,.F.);
#3260=ADVANCED_FACE('',(#3023),#76,.T.);
#3261=ADVANCED_FACE('',(#3024),#162,.F.);
#3262=ADVANCED_FACE('',(#3025),#77,.T.);
#3263=ADVANCED_FACE('',(#3026),#163,.F.);
#3264=ADVANCED_FACE('',(#3027),#78,.T.);
#3265=ADVANCED_FACE('',(#3028),#79,.F.);
#3266=ADVANCED_FACE('',(#3029),#164,.F.);
#3267=ADVANCED_FACE('',(#3030),#165,.F.);
#3268=ADVANCED_FACE('',(#3031),#80,.F.);
#3269=ADVANCED_FACE('',(#3032),#81,.T.);
#3270=ADVANCED_FACE('',(#3033),#166,.F.);
#3271=ADVANCED_FACE('',(#3034),#82,.F.);
#3272=ADVANCED_FACE('',(#3035),#167,.F.);
#3273=ADVANCED_FACE('',(#3036),#83,.F.);
#3274=ADVANCED_FACE('',(#3037),#168,.F.);
#3275=ADVANCED_FACE('',(#3038,#3039),#169,.F.);
#3276=ADVANCED_FACE('',(#3040),#84,.T.);
#3277=ADVANCED_FACE('',(#3041),#109,.T.);
#3278=ADVANCED_FACE('',(#3042),#85,.T.);
#3279=ADVANCED_FACE('',(#3043),#110,.T.);
#3280=ADVANCED_FACE('',(#3044),#86,.T.);
#3281=ADVANCED_FACE('',(#3045),#111,.T.);
#3282=ADVANCED_FACE('',(#3046),#87,.T.);
#3283=ADVANCED_FACE('',(#3047),#112,.T.);
#3284=ADVANCED_FACE('',(#3048),#170,.T.);
#3285=ADVANCED_FACE('',(#3049),#634,.T.);
#3286=ADVANCED_FACE('',(#3050),#171,.T.);
#3287=ADVANCED_FACE('',(#3051),#88,.T.);
#3288=ADVANCED_FACE('',(#3052),#172,.T.);
#3289=ADVANCED_FACE('',(#3053),#89,.T.);
#3290=ADVANCED_FACE('',(#3054),#173,.T.);
#3291=ADVANCED_FACE('',(#3055),#635,.T.);
#3292=ADVANCED_FACE('',(#3056),#90,.T.);
#3293=ADVANCED_FACE('',(#3057),#174,.T.);
#3294=ADVANCED_FACE('',(#3058),#91,.T.);
#3295=ADVANCED_FACE('',(#3059),#175,.T.);
#3296=CLOSED_SHELL('',(#3088,#3089,#3090,#3091,#3092,#3093,#3094,#3095,
#3096,#3097,#3098,#3099,#3100,#3101,#3102,#3103,#3104,#3105,#3106,#3107,
#3108,#3109,#3110,#3111,#3112,#3113,#3114,#3115,#3116,#3117,#3118,#3119,
#3120,#3121,#3122,#3123,#3124,#3125,#3126,#3127,#3128,#3129,#3130,#3131,
#3132,#3133,#3134,#3135,#3136,#3137,#3138,#3139,#3140,#3141,#3142,#3143,
#3144,#3145,#3146,#3147,#3148,#3149,#3150,#3151,#3152,#3153,#3154,#3155,
#3156,#3157,#3158,#3159,#3160,#3161,#3162,#3163,#3164,#3165,#3166,#3167,
#3168,#3169,#3170,#3171,#3172,#3173,#3174,#3175,#3176,#3177,#3178,#3179,
#3180,#3181,#3182,#3183,#3184,#3185,#3186,#3187,#3188,#3189,#3190,#3191,
#3192,#3193,#3194,#3195,#3196,#3197,#3198,#3199,#3200,#3201,#3202,#3203,
#3204,#3205,#3206,#3207,#3208,#3209,#3210,#3211,#3212,#3213,#3214,#3215,
#3216,#3217,#3218,#3219,#3220,#3221,#3222,#3223,#3224,#3225,#3226,#3227,
#3228,#3229,#3230,#3231,#3232,#3233,#3234,#3235,#3236,#3237,#3238,#3239,
#3240,#3241,#3242,#3243,#3244,#3245,#3246,#3247,#3248,#3249,#3250,#3251,
#3252,#3253,#3254,#3255,#3256,#3257,#3258,#3259,#3260,#3261,#3262,#3263,
#3264,#3265,#3266,#3267,#3268,#3269,#3270,#3271,#3272,#3273,#3274,#3275,
#3276,#3277,#3278,#3279,#3280,#3281,#3282,#3283,#3284,#3285,#3286,#3287,
#3288,#3289,#3290,#3291,#3292,#3293,#3294,#3295));
#3297=STYLED_ITEM('',(#3298),#3305);
#3298=PRESENTATION_STYLE_ASSIGNMENT((#3299));
#3299=SURFACE_STYLE_USAGE(.BOTH.,#3300);
#3300=SURFACE_SIDE_STYLE('',(#3301));
#3301=SURFACE_STYLE_FILL_AREA(#3302);
#3302=FILL_AREA_STYLE('',(#3303));
#3303=FILL_AREA_STYLE_COLOUR('',#3304);
#3304=COLOUR_RGB('',0.368627450980392,0.250980392156863,0.643137254901961);
#3305=MANIFOLD_SOLID_BREP('MBK 1u',#3296);
#3306=SHAPE_DEFINITION_REPRESENTATION(#6014,#3307);
#3307=SHAPE_REPRESENTATION('MBK 1u',(#3308),#6009);
#3308=AXIS2_PLACEMENT_3D('',#4607,#3665,#3666);
#3309=AXIS2_PLACEMENT_3D('',#4608,#3667,#3668);
#3310=AXIS2_PLACEMENT_3D('',#4615,#3669,#3670);
#3311=AXIS2_PLACEMENT_3D('',#4622,#3671,#3672);
#3312=AXIS2_PLACEMENT_3D('',#4623,#3673,#3674);
#3313=AXIS2_PLACEMENT_3D('',#4638,#3675,#3676);
#3314=AXIS2_PLACEMENT_3D('',#4645,#3677,#3678);
#3315=AXIS2_PLACEMENT_3D('',#4646,#3679,#3680);
#3316=AXIS2_PLACEMENT_3D('',#4647,#3681,#3682);
#3317=AXIS2_PLACEMENT_3D('',#4662,#3683,#3684);
#3318=AXIS2_PLACEMENT_3D('',#4669,#3685,#3686);
#3319=AXIS2_PLACEMENT_3D('',#4670,#3687,#3688);
#3320=AXIS2_PLACEMENT_3D('',#4671,#3689,#3690);
#3321=AXIS2_PLACEMENT_3D('',#4686,#3691,#3692);
#3322=AXIS2_PLACEMENT_3D('',#4693,#3693,#3694);
#3323=AXIS2_PLACEMENT_3D('',#4694,#3695,#3696);
#3324=AXIS2_PLACEMENT_3D('',#4695,#3697,#3698);
#3325=AXIS2_PLACEMENT_3D('',#4704,#3699,#3700);
#3326=AXIS2_PLACEMENT_3D('',#4707,#3702,#3703);
#3327=AXIS2_PLACEMENT_3D('',#4710,#3705,#3706);
#3328=AXIS2_PLACEMENT_3D('',#4714,#3709,#3710);
#3329=AXIS2_PLACEMENT_3D('',#4717,#3712,#3713);
#3330=AXIS2_PLACEMENT_3D('',#4718,#3714,#3715);
#3331=AXIS2_PLACEMENT_3D('',#4722,#3718,#3719);
#3332=AXIS2_PLACEMENT_3D('',#4723,#3720,#3721);
#3333=AXIS2_PLACEMENT_3D('',#4732,#3726,#3727);
#3334=AXIS2_PLACEMENT_3D('',#4740,#3731,#3732);
#3335=AXIS2_PLACEMENT_3D('',#4741,#3733,#3734);
#3336=AXIS2_PLACEMENT_3D('',#4745,#3736,#3737);
#3337=AXIS2_PLACEMENT_3D('',#4750,#3740,#3741);
#3338=AXIS2_PLACEMENT_3D('',#4756,#3745,#3746);
#3339=AXIS2_PLACEMENT_3D('',#4762,#3750,#3751);
#3340=AXIS2_PLACEMENT_3D('',#4768,#3755,#3756);
#3341=AXIS2_PLACEMENT_3D('',#4769,#3757,#3758);
#3342=AXIS2_PLACEMENT_3D('',#4777,#3762,#3763);
#3343=AXIS2_PLACEMENT_3D('',#4778,#3764,#3765);
#3344=AXIS2_PLACEMENT_3D('',#4783,#3768,#3769);
#3345=AXIS2_PLACEMENT_3D('',#4786,#3771,#3772);
#3346=AXIS2_PLACEMENT_3D('',#4789,#3774,#3775);
#3347=AXIS2_PLACEMENT_3D('',#4790,#3776,#3777);
#3348=AXIS2_PLACEMENT_3D('',#4798,#3781,#3782);
#3349=AXIS2_PLACEMENT_3D('',#4812,#3790,#3791);
#3350=AXIS2_PLACEMENT_3D('',#4823,#3798,#3799);
#3351=AXIS2_PLACEMENT_3D('',#4832,#3805,#3806);
#3352=AXIS2_PLACEMENT_3D('',#4833,#3807,#3808);
#3353=AXIS2_PLACEMENT_3D('',#4838,#3811,#3812);
#3354=AXIS2_PLACEMENT_3D('',#4842,#3814,#3815);
#3355=AXIS2_PLACEMENT_3D('',#4844,#3817,#3818);
#3356=AXIS2_PLACEMENT_3D('',#4848,#3821,#3822);
#3357=AXIS2_PLACEMENT_3D('',#4852,#3825,#3826);
#3358=AXIS2_PLACEMENT_3D('',#4856,#3829,#3830);
#3359=AXIS2_PLACEMENT_3D('',#4858,#3832,#3833);
#3360=AXIS2_PLACEMENT_3D('',#4862,#3836,#3837);
#3361=AXIS2_PLACEMENT_3D('',#4866,#3840,#3841);
#3362=AXIS2_PLACEMENT_3D('',#4870,#3844,#3845);
#3363=AXIS2_PLACEMENT_3D('',#4874,#3848,#3849);
#3364=AXIS2_PLACEMENT_3D('',#4876,#3851,#3852);
#3365=AXIS2_PLACEMENT_3D('',#4880,#3855,#3856);
#3366=AXIS2_PLACEMENT_3D('',#4884,#3859,#3860);
#3367=AXIS2_PLACEMENT_3D('',#4886,#3862,#3863);
#3368=AXIS2_PLACEMENT_3D('',#4922,#3867,#3868);
#3369=AXIS2_PLACEMENT_3D('',#4931,#3873,#3874);
#3370=AXIS2_PLACEMENT_3D('',#4933,#3875,#3876);
#3371=AXIS2_PLACEMENT_3D('',#4935,#3877,#3878);
#3372=AXIS2_PLACEMENT_3D('',#4937,#3879,#3880);
#3373=AXIS2_PLACEMENT_3D('',#4941,#3882,#3883);
#3374=AXIS2_PLACEMENT_3D('',#4945,#3885,#3886);
#3375=AXIS2_PLACEMENT_3D('',#4949,#3888,#3889);
#3376=AXIS2_PLACEMENT_3D('',#4953,#3891,#3892);
#3377=AXIS2_PLACEMENT_3D('',#4956,#3894,#3895);
#3378=AXIS2_PLACEMENT_3D('',#4960,#3897,#3898);
#3379=AXIS2_PLACEMENT_3D('',#4964,#3900,#3901);
#3380=AXIS2_PLACEMENT_3D('',#4968,#3903,#3904);
#3381=AXIS2_PLACEMENT_3D('',#4973,#3907,#3908);
#3382=AXIS2_PLACEMENT_3D('',#4977,#3910,#3911);
#3383=AXIS2_PLACEMENT_3D('',#4981,#3913,#3914);
#3384=AXIS2_PLACEMENT_3D('',#4985,#3916,#3917);
#3385=AXIS2_PLACEMENT_3D('',#4988,#3919,#3920);
#3386=AXIS2_PLACEMENT_3D('',#4992,#3922,#3923);
#3387=AXIS2_PLACEMENT_3D('',#4996,#3925,#3926);
#3388=AXIS2_PLACEMENT_3D('',#5000,#3928,#3929);
#3389=AXIS2_PLACEMENT_3D('',#5003,#3931,#3932);
#3390=AXIS2_PLACEMENT_3D('',#5004,#3933,#3934);
#3391=AXIS2_PLACEMENT_3D('',#5006,#3935,#3936);
#3392=AXIS2_PLACEMENT_3D('',#5007,#3937,#3938);
#3393=AXIS2_PLACEMENT_3D('',#5008,#3939,#3940);
#3394=AXIS2_PLACEMENT_3D('',#5010,#3941,#3942);
#3395=AXIS2_PLACEMENT_3D('',#5011,#3943,#3944);
#3396=AXIS2_PLACEMENT_3D('',#5012,#3945,#3946);
#3397=AXIS2_PLACEMENT_3D('',#5014,#3947,#3948);
#3398=AXIS2_PLACEMENT_3D('',#5015,#3949,#3950);
#3399=AXIS2_PLACEMENT_3D('',#5016,#3951,#3952);
#3400=AXIS2_PLACEMENT_3D('',#5018,#3953,#3954);
#3401=AXIS2_PLACEMENT_3D('',#5207,#3955,#3956);
#3402=AXIS2_PLACEMENT_3D('',#5209,#3958,#3959);
#3403=AXIS2_PLACEMENT_3D('',#5211,#3961,#3962);
#3404=AXIS2_PLACEMENT_3D('',#5213,#3964,#3965);
#3405=AXIS2_PLACEMENT_3D('',#5215,#3967,#3968);
#3406=AXIS2_PLACEMENT_3D('',#5221,#3972,#3973);
#3407=AXIS2_PLACEMENT_3D('',#5224,#3975,#3976);
#3408=AXIS2_PLACEMENT_3D('',#5225,#3977,#3978);
#3409=AXIS2_PLACEMENT_3D('',#5229,#3981,#3982);
#3410=AXIS2_PLACEMENT_3D('',#5232,#3984,#3985);
#3411=AXIS2_PLACEMENT_3D('',#5233,#3986,#3987);
#3412=AXIS2_PLACEMENT_3D('',#5258,#3988,#3989);
#3413=AXIS2_PLACEMENT_3D('',#5283,#3990,#3991);
#3414=AXIS2_PLACEMENT_3D('',#5308,#3992,#3993);
#3415=AXIS2_PLACEMENT_3D('',#5333,#3994,#3995);
#3416=AXIS2_PLACEMENT_3D('',#5334,#3996,#3997);
#3417=AXIS2_PLACEMENT_3D('',#5336,#3998,#3999);
#3418=AXIS2_PLACEMENT_3D('',#5337,#4000,#4001);
#3419=AXIS2_PLACEMENT_3D('',#5338,#4002,#4003);
#3420=AXIS2_PLACEMENT_3D('',#5341,#4005,#4006);
#3421=AXIS2_PLACEMENT_3D('',#5342,#4007,#4008);
#3422=AXIS2_PLACEMENT_3D('',#5344,#4009,#4010);
#3423=AXIS2_PLACEMENT_3D('',#5345,#4011,#4012);
#3424=AXIS2_PLACEMENT_3D('',#5346,#4013,#4014);
#3425=AXIS2_PLACEMENT_3D('',#5349,#4016,#4017);
#3426=AXIS2_PLACEMENT_3D('',#5350,#4018,#4019);
#3427=AXIS2_PLACEMENT_3D('',#5352,#4020,#4021);
#3428=AXIS2_PLACEMENT_3D('',#5355,#4023,#4024);
#3429=AXIS2_PLACEMENT_3D('',#5356,#4025,#4026);
#3430=AXIS2_PLACEMENT_3D('',#5357,#4027,#4028);
#3431=AXIS2_PLACEMENT_3D('',#5358,#4029,#4030);
#3432=AXIS2_PLACEMENT_3D('',#5359,#4031,#4032);
#3433=AXIS2_PLACEMENT_3D('',#5361,#4034,#4035);
#3434=AXIS2_PLACEMENT_3D('',#5362,#4036,#4037);
#3435=AXIS2_PLACEMENT_3D('',#5364,#4038,#4039);
#3436=AXIS2_PLACEMENT_3D('',#5365,#4040,#4041);
#3437=AXIS2_PLACEMENT_3D('',#5366,#4042,#4043);
#3438=AXIS2_PLACEMENT_3D('',#5369,#4045,#4046);
#3439=AXIS2_PLACEMENT_3D('',#5370,#4047,#4048);
#3440=AXIS2_PLACEMENT_3D('',#5372,#4049,#4050);
#3441=AXIS2_PLACEMENT_3D('',#5373,#4051,#4052);
#3442=AXIS2_PLACEMENT_3D('',#5374,#4053,#4054);
#3443=AXIS2_PLACEMENT_3D('',#5377,#4056,#4057);
#3444=AXIS2_PLACEMENT_3D('',#5378,#4058,#4059);
#3445=AXIS2_PLACEMENT_3D('',#5380,#4060,#4061);
#3446=AXIS2_PLACEMENT_3D('',#5381,#4062,#4063);
#3447=AXIS2_PLACEMENT_3D('',#5382,#4064,#4065);
#3448=AXIS2_PLACEMENT_3D('',#5385,#4067,#4068);
#3449=AXIS2_PLACEMENT_3D('',#5386,#4069,#4070);
#3450=AXIS2_PLACEMENT_3D('',#5387,#4071,#4072);
#3451=AXIS2_PLACEMENT_3D('',#5389,#4074,#4075);
#3452=AXIS2_PLACEMENT_3D('',#5392,#4077,#4078);
#3453=AXIS2_PLACEMENT_3D('',#5395,#4080,#4081);
#3454=AXIS2_PLACEMENT_3D('',#5398,#4083,#4084);
#3455=AXIS2_PLACEMENT_3D('',#5399,#4085,#4086);
#3456=AXIS2_PLACEMENT_3D('',#5403,#4089,#4090);
#3457=AXIS2_PLACEMENT_3D('',#5406,#4092,#4093);
#3458=AXIS2_PLACEMENT_3D('',#5407,#4094,#4095);
#3459=AXIS2_PLACEMENT_3D('',#5410,#4097,#4098);
#3460=AXIS2_PLACEMENT_3D('',#5411,#4099,#4100);
#3461=AXIS2_PLACEMENT_3D('',#5415,#4103,#4104);
#3462=AXIS2_PLACEMENT_3D('',#5422,#4106,#4107);
#3463=AXIS2_PLACEMENT_3D('',#5426,#4110,#4111);
#3464=AXIS2_PLACEMENT_3D('',#5433,#4113,#4114);
#3465=AXIS2_PLACEMENT_3D('',#5437,#4117,#4118);
#3466=AXIS2_PLACEMENT_3D('',#5462,#4119,#4120);
#3467=AXIS2_PLACEMENT_3D('',#5487,#4121,#4122);
#3468=AXIS2_PLACEMENT_3D('',#5497,#4123,#4124);
#3469=AXIS2_PLACEMENT_3D('',#5507,#4125,#4126);
#3470=AXIS2_PLACEMENT_3D('',#5508,#4127,#4128);
#3471=AXIS2_PLACEMENT_3D('',#5510,#4129,#4130);
#3472=AXIS2_PLACEMENT_3D('',#5511,#4131,#4132);
#3473=AXIS2_PLACEMENT_3D('',#5512,#4133,#4134);
#3474=AXIS2_PLACEMENT_3D('',#5515,#4136,#4137);
#3475=AXIS2_PLACEMENT_3D('',#5516,#4138,#4139);
#3476=AXIS2_PLACEMENT_3D('',#5518,#4140,#4141);
#3477=AXIS2_PLACEMENT_3D('',#5519,#4142,#4143);
#3478=AXIS2_PLACEMENT_3D('',#5520,#4144,#4145);
#3479=AXIS2_PLACEMENT_3D('',#5523,#4147,#4148);
#3480=AXIS2_PLACEMENT_3D('',#5524,#4149,#4150);
#3481=AXIS2_PLACEMENT_3D('',#5526,#4151,#4152);
#3482=AXIS2_PLACEMENT_3D('',#5529,#4154,#4155);
#3483=AXIS2_PLACEMENT_3D('',#5530,#4156,#4157);
#3484=AXIS2_PLACEMENT_3D('',#5531,#4158,#4159);
#3485=AXIS2_PLACEMENT_3D('',#5532,#4160,#4161);
#3486=AXIS2_PLACEMENT_3D('',#5533,#4162,#4163);
#3487=AXIS2_PLACEMENT_3D('',#5534,#4164,#4165);
#3488=AXIS2_PLACEMENT_3D('',#5536,#4166,#4167);
#3489=AXIS2_PLACEMENT_3D('',#5537,#4168,#4169);
#3490=AXIS2_PLACEMENT_3D('',#5538,#4170,#4171);
#3491=AXIS2_PLACEMENT_3D('',#5541,#4173,#4174);
#3492=AXIS2_PLACEMENT_3D('',#5542,#4175,#4176);
#3493=AXIS2_PLACEMENT_3D('',#5544,#4177,#4178);
#3494=AXIS2_PLACEMENT_3D('',#5545,#4179,#4180);
#3495=AXIS2_PLACEMENT_3D('',#5546,#4181,#4182);
#3496=AXIS2_PLACEMENT_3D('',#5549,#4184,#4185);
#3497=AXIS2_PLACEMENT_3D('',#5550,#4186,#4187);
#3498=AXIS2_PLACEMENT_3D('',#5552,#4188,#4189);
#3499=AXIS2_PLACEMENT_3D('',#5553,#4190,#4191);
#3500=AXIS2_PLACEMENT_3D('',#5554,#4192,#4193);
#3501=AXIS2_PLACEMENT_3D('',#5557,#4195,#4196);
#3502=AXIS2_PLACEMENT_3D('',#5558,#4197,#4198);
#3503=AXIS2_PLACEMENT_3D('',#5559,#4199,#4200);
#3504=AXIS2_PLACEMENT_3D('',#5561,#4202,#4203);
#3505=AXIS2_PLACEMENT_3D('',#5564,#4205,#4206);
#3506=AXIS2_PLACEMENT_3D('',#5567,#4208,#4209);
#3507=AXIS2_PLACEMENT_3D('',#5570,#4211,#4212);
#3508=AXIS2_PLACEMENT_3D('',#5571,#4213,#4214);
#3509=AXIS2_PLACEMENT_3D('',#5575,#4217,#4218);
#3510=AXIS2_PLACEMENT_3D('',#5578,#4220,#4221);
#3511=AXIS2_PLACEMENT_3D('',#5579,#4222,#4223);
#3512=AXIS2_PLACEMENT_3D('',#5582,#4225,#4226);
#3513=AXIS2_PLACEMENT_3D('',#5583,#4227,#4228);
#3514=AXIS2_PLACEMENT_3D('',#5587,#4231,#4232);
#3515=AXIS2_PLACEMENT_3D('',#5594,#4234,#4235);
#3516=AXIS2_PLACEMENT_3D('',#5598,#4238,#4239);
#3517=AXIS2_PLACEMENT_3D('',#5605,#4241,#4242);
#3518=AXIS2_PLACEMENT_3D('',#5609,#4245,#4246);
#3519=AXIS2_PLACEMENT_3D('',#5610,#4247,#4248);
#3520=AXIS2_PLACEMENT_3D('',#5612,#4249,#4250);
#3521=AXIS2_PLACEMENT_3D('',#5614,#4251,#4252);
#3522=AXIS2_PLACEMENT_3D('',#5615,#4253,#4254);
#3523=AXIS2_PLACEMENT_3D('',#5616,#4255,#4256);
#3524=AXIS2_PLACEMENT_3D('',#5619,#4258,#4259);
#3525=AXIS2_PLACEMENT_3D('',#5620,#4260,#4261);
#3526=AXIS2_PLACEMENT_3D('',#5622,#4262,#4263);
#3527=AXIS2_PLACEMENT_3D('',#5623,#4264,#4265);
#3528=AXIS2_PLACEMENT_3D('',#5631,#4267,#4268);
#3529=AXIS2_PLACEMENT_3D('',#5633,#4270,#4271);
#3530=AXIS2_PLACEMENT_3D('',#5648,#4272,#4273);
#3531=AXIS2_PLACEMENT_3D('',#5657,#4276,#4277);
#3532=AXIS2_PLACEMENT_3D('',#5672,#4278,#4279);
#3533=AXIS2_PLACEMENT_3D('',#5673,#4280,#4281);
#3534=AXIS2_PLACEMENT_3D('',#5678,#4284,#4285);
#3535=AXIS2_PLACEMENT_3D('',#5679,#4286,#4287);
#3536=AXIS2_PLACEMENT_3D('',#5680,#4288,#4289);
#3537=AXIS2_PLACEMENT_3D('',#5683,#4290,#4291);
#3538=AXIS2_PLACEMENT_3D('',#5685,#4292,#4293);
#3539=AXIS2_PLACEMENT_3D('',#5686,#4294,#4295);
#3540=AXIS2_PLACEMENT_3D('',#5687,#4296,#4297);
#3541=AXIS2_PLACEMENT_3D('',#5688,#4298,#4299);
#3542=AXIS2_PLACEMENT_3D('',#5693,#4302,#4303);
#3543=AXIS2_PLACEMENT_3D('',#5694,#4304,#4305);
#3544=AXIS2_PLACEMENT_3D('',#5697,#4306,#4307);
#3545=AXIS2_PLACEMENT_3D('',#5698,#4308,#4309);
#3546=AXIS2_PLACEMENT_3D('',#5699,#4310,#4311);
#3547=AXIS2_PLACEMENT_3D('',#5700,#4312,#4313);
#3548=AXIS2_PLACEMENT_3D('',#5701,#4314,#4315);
#3549=AXIS2_PLACEMENT_3D('',#5707,#4316,#4317);
#3550=AXIS2_PLACEMENT_3D('',#5709,#4319,#4320);
#3551=AXIS2_PLACEMENT_3D('',#5719,#4321,#4322);
#3552=AXIS2_PLACEMENT_3D('',#5726,#4324,#4325);
#3553=AXIS2_PLACEMENT_3D('',#5736,#4326,#4327);
#3554=AXIS2_PLACEMENT_3D('',#5737,#4328,#4329);
#3555=AXIS2_PLACEMENT_3D('',#5739,#4331,#4332);
#3556=AXIS2_PLACEMENT_3D('',#5740,#4333,#4334);
#3557=AXIS2_PLACEMENT_3D('',#5741,#4335,#4336);
#3558=AXIS2_PLACEMENT_3D('',#5742,#4337,#4338);
#3559=AXIS2_PLACEMENT_3D('',#5745,#4341,#4342);
#3560=AXIS2_PLACEMENT_3D('',#5747,#4344,#4345);
#3561=AXIS2_PLACEMENT_3D('',#5749,#4347,#4348);
#3562=AXIS2_PLACEMENT_3D('',#5751,#4350,#4351);
#3563=AXIS2_PLACEMENT_3D('',#5753,#4353,#4354);
#3564=AXIS2_PLACEMENT_3D('',#5755,#4356,#4357);
#3565=AXIS2_PLACEMENT_3D('',#5757,#4359,#4360);
#3566=AXIS2_PLACEMENT_3D('',#5759,#4362,#4363);
#3567=AXIS2_PLACEMENT_3D('',#5760,#4364,#4365);
#3568=AXIS2_PLACEMENT_3D('',#5761,#4366,#4367);
#3569=AXIS2_PLACEMENT_3D('',#5776,#4368,#4369);
#3570=AXIS2_PLACEMENT_3D('',#5783,#4371,#4372);
#3571=AXIS2_PLACEMENT_3D('',#5793,#4373,#4374);
#3572=AXIS2_PLACEMENT_3D('',#5794,#4375,#4376);
#3573=AXIS2_PLACEMENT_3D('',#5797,#4378,#4379);
#3574=AXIS2_PLACEMENT_3D('',#5798,#4380,#4381);
#3575=AXIS2_PLACEMENT_3D('',#5801,#4383,#4384);
#3576=AXIS2_PLACEMENT_3D('',#5802,#4385,#4386);
#3577=AXIS2_PLACEMENT_3D('',#5803,#4387,#4388);
#3578=AXIS2_PLACEMENT_3D('',#5805,#4389,#4390);
#3579=AXIS2_PLACEMENT_3D('',#5806,#4391,#4392);
#3580=AXIS2_PLACEMENT_3D('',#5807,#4393,#4394);
#3581=AXIS2_PLACEMENT_3D('',#5810,#4396,#4397);
#3582=AXIS2_PLACEMENT_3D('',#5811,#4398,#4399);
#3583=AXIS2_PLACEMENT_3D('',#5813,#4400,#4401);
#3584=AXIS2_PLACEMENT_3D('',#5814,#4402,#4403);
#3585=AXIS2_PLACEMENT_3D('',#5815,#4404,#4405);
#3586=AXIS2_PLACEMENT_3D('',#5823,#4407,#4408);
#3587=AXIS2_PLACEMENT_3D('',#5825,#4410,#4411);
#3588=AXIS2_PLACEMENT_3D('',#5840,#4412,#4413);
#3589=AXIS2_PLACEMENT_3D('',#5849,#4416,#4417);
#3590=AXIS2_PLACEMENT_3D('',#5864,#4418,#4419);
#3591=AXIS2_PLACEMENT_3D('',#5865,#4420,#4421);
#3592=AXIS2_PLACEMENT_3D('',#5870,#4424,#4425);
#3593=AXIS2_PLACEMENT_3D('',#5871,#4426,#4427);
#3594=AXIS2_PLACEMENT_3D('',#5872,#4428,#4429);
#3595=AXIS2_PLACEMENT_3D('',#5875,#4430,#4431);
#3596=AXIS2_PLACEMENT_3D('',#5877,#4432,#4433);
#3597=AXIS2_PLACEMENT_3D('',#5878,#4434,#4435);
#3598=AXIS2_PLACEMENT_3D('',#5879,#4436,#4437);
#3599=AXIS2_PLACEMENT_3D('',#5880,#4438,#4439);
#3600=AXIS2_PLACEMENT_3D('',#5885,#4442,#4443);
#3601=AXIS2_PLACEMENT_3D('',#5886,#4444,#4445);
#3602=AXIS2_PLACEMENT_3D('',#5888,#4446,#4447);
#3603=AXIS2_PLACEMENT_3D('',#5889,#4448,#4449);
#3604=AXIS2_PLACEMENT_3D('',#5890,#4450,#4451);
#3605=AXIS2_PLACEMENT_3D('',#5891,#4452,#4453);
#3606=AXIS2_PLACEMENT_3D('',#5892,#4454,#4455);
#3607=AXIS2_PLACEMENT_3D('',#5893,#4456,#4457);
#3608=AXIS2_PLACEMENT_3D('',#5894,#4458,#4459);
#3609=AXIS2_PLACEMENT_3D('',#5896,#4461,#4462);
#3610=AXIS2_PLACEMENT_3D('',#5898,#4464,#4465);
#3611=AXIS2_PLACEMENT_3D('',#5900,#4467,#4468);
#3612=AXIS2_PLACEMENT_3D('',#5902,#4470,#4471);
#3613=AXIS2_PLACEMENT_3D('',#5904,#4473,#4474);
#3614=AXIS2_PLACEMENT_3D('',#5906,#4476,#4477);
#3615=AXIS2_PLACEMENT_3D('',#5908,#4479,#4480);
#3616=AXIS2_PLACEMENT_3D('',#5909,#4481,#4482);
#3617=AXIS2_PLACEMENT_3D('',#5911,#4484,#4485);
#3618=AXIS2_PLACEMENT_3D('',#5913,#4487,#4488);
#3619=AXIS2_PLACEMENT_3D('',#5914,#4489,#4490);
#3620=AXIS2_PLACEMENT_3D('',#5915,#4491,#4492);
#3621=AXIS2_PLACEMENT_3D('',#5916,#4493,#4494);
#3622=AXIS2_PLACEMENT_3D('',#5919,#4496,#4497);
#3623=AXIS2_PLACEMENT_3D('',#5923,#4500,#4501);
#3624=AXIS2_PLACEMENT_3D('',#5924,#4502,#4503);
#3625=AXIS2_PLACEMENT_3D('',#5927,#4505,#4506);
#3626=AXIS2_PLACEMENT_3D('',#5929,#4508,#4509);
#3627=AXIS2_PLACEMENT_3D('',#5930,#4510,#4511);
#3628=AXIS2_PLACEMENT_3D('',#5935,#4513,#4514);
#3629=AXIS2_PLACEMENT_3D('',#5939,#4516,#4517);
#3630=AXIS2_PLACEMENT_3D('',#5943,#4519,#4520);
#3631=AXIS2_PLACEMENT_3D('',#5946,#4522,#4523);
#3632=AXIS2_PLACEMENT_3D('',#5947,#4524,#4525);
#3633=AXIS2_PLACEMENT_3D('',#5952,#4527,#4528);
#3634=AXIS2_PLACEMENT_3D('',#5955,#4530,#4531);
#3635=AXIS2_PLACEMENT_3D('',#5956,#4532,#4533);
#3636=AXIS2_PLACEMENT_3D('',#5958,#4534,#4535);
#3637=AXIS2_PLACEMENT_3D('',#5959,#4536,#4537);
#3638=AXIS2_PLACEMENT_3D('',#5960,#4538,#4539);
#3639=AXIS2_PLACEMENT_3D('',#5963,#4541,#4542);
#3640=AXIS2_PLACEMENT_3D('',#5964,#4543,#4544);
#3641=AXIS2_PLACEMENT_3D('',#5965,#4545,#4546);
#3642=AXIS2_PLACEMENT_3D('',#5967,#4547,#4548);
#3643=AXIS2_PLACEMENT_3D('',#5968,#4549,#4550);
#3644=AXIS2_PLACEMENT_3D('',#5971,#4552,#4553);
#3645=AXIS2_PLACEMENT_3D('',#5972,#4554,#4555);
#3646=AXIS2_PLACEMENT_3D('',#5973,#4556,#4557);
#3647=AXIS2_PLACEMENT_3D('',#5975,#4558,#4559);
#3648=AXIS2_PLACEMENT_3D('',#5976,#4560,#4561);
#3649=AXIS2_PLACEMENT_3D('',#5979,#4563,#4564);
#3650=AXIS2_PLACEMENT_3D('',#5982,#4566,#4567);
#3651=AXIS2_PLACEMENT_3D('',#5983,#4568,#4569);
#3652=AXIS2_PLACEMENT_3D('',#5984,#4570,#4571);
#3653=AXIS2_PLACEMENT_3D('',#5985,#4572,#4573);
#3654=AXIS2_PLACEMENT_3D('',#5987,#4575,#4576);
#3655=AXIS2_PLACEMENT_3D('',#5989,#4578,#4579);
#3656=AXIS2_PLACEMENT_3D('',#5991,#4581,#4582);
#3657=AXIS2_PLACEMENT_3D('',#5994,#4585,#4586);
#3658=AXIS2_PLACEMENT_3D('',#5996,#4588,#4589);
#3659=AXIS2_PLACEMENT_3D('',#5998,#4591,#4592);
#3660=AXIS2_PLACEMENT_3D('',#6000,#4594,#4595);
#3661=AXIS2_PLACEMENT_3D('',#6001,#4596,#4597);
#3662=AXIS2_PLACEMENT_3D('',#6003,#4599,#4600);
#3663=AXIS2_PLACEMENT_3D('',#6005,#4602,#4603);
#3664=AXIS2_PLACEMENT_3D('',#6007,#4605,#4606);
#3665=DIRECTION('',(0.,0.,1.));
#3666=DIRECTION('',(1.,0.,0.));
#3667=DIRECTION('',(0.766044443118978,6.56741450684823E-17,-0.642787609686539));
#3668=DIRECTION('',(-0.642787609686539,0.,-0.766044443118978));
#3669=DIRECTION('',(0.766044443118978,6.56741450684823E-17,-0.642787609686539));
#3670=DIRECTION('',(-0.642787609686539,0.,-0.766044443118978));
#3671=DIRECTION('',(0.766044443118978,6.56741450684823E-17,-0.642787609686539));
#3672=DIRECTION('',(-0.642787609686539,0.,-0.766044443118978));
#3673=DIRECTION('',(0.166653547557594,-0.153928913610133,0.973926324031378));
#3674=DIRECTION('',(0.985673657079258,0.,-0.168663694196476));
#3675=DIRECTION('',(1.82898963147709E-16,-0.766044443118978,-0.642787609686539));
#3676=DIRECTION('',(-1.,2.84963613028227E-18,-2.87936338972806E-16));
#3677=DIRECTION('',(1.82898963147709E-16,-0.766044443118978,-0.642787609686539));
#3678=DIRECTION('',(0.,0.642787609686539,-0.766044443118978));
#3679=DIRECTION('',(1.82898963147709E-16,-0.766044443118978,-0.642787609686539));
#3680=DIRECTION('',(0.,0.642787609686539,-0.766044443118978));
#3681=DIRECTION('',(-0.165181782749763,-0.154172963546869,0.97413842751366));
#3682=DIRECTION('',(0.985926286237896,0.,0.167180615219437));
#3683=DIRECTION('',(-0.766044443118978,-6.56741450684823E-17,-0.64278760968654));
#3684=DIRECTION('',(0.64278760968654,-1.22464679914735E-16,-0.766044443118978));
#3685=DIRECTION('',(-0.766044443118978,-6.56741450684823E-17,-0.64278760968654));
#3686=DIRECTION('',(-0.64278760968654,0.,0.766044443118978));
#3687=DIRECTION('',(-0.766044443118978,-6.56741450684823E-17,-0.64278760968654));
#3688=DIRECTION('',(-0.64278760968654,0.,0.766044443118978));
#3689=DIRECTION('',(-0.165182114881074,0.154172050436913,0.974138515708877));
#3690=DIRECTION('',(0.98592623332577,0.,0.167180927261634));
#3691=DIRECTION('',(6.09663210492362E-17,0.766044443118978,-0.642787609686539));
#3692=DIRECTION('',(-1.,-9.4987871009412E-19,-9.59787796576017E-17));
#3693=DIRECTION('',(6.09663210492362E-17,0.766044443118978,-0.642787609686539));
#3694=DIRECTION('',(0.,0.642787609686539,0.766044443118978));
#3695=DIRECTION('',(6.09663210492362E-17,0.766044443118978,-0.642787609686539));
#3696=DIRECTION('',(0.,0.642787609686539,0.766044443118978));
#3697=DIRECTION('',(0.166652222213858,0.153928850385259,0.973926560809518));
#3698=DIRECTION('',(0.985673886887857,0.,-0.168662351185388));
#3699=DIRECTION('',(0.,0.,-1.));
#3700=DIRECTION('',(0.,-1.,0.));
#3701=DIRECTION('',(-7.26568321376793E-17,0.642787609686539,0.766044443118978));
#3702=DIRECTION('',(0.,0.,1.));
#3703=DIRECTION('',(1.,0.,0.));
#3704=DIRECTION('',(0.64278760968654,1.23259516440783E-32,-0.766044443118978));
#3705=DIRECTION('',(-6.09663210492362E-17,-0.766044443118978,0.642787609686539));
#3706=DIRECTION('',(1.,-6.16297582203916E-33,9.48467582923183E-17));
#3707=DIRECTION('',(-7.26568321376793E-17,0.642787609686539,0.766044443118978));
#3708=DIRECTION('',(1.,-7.95858799014449E-17,0.));
#3709=DIRECTION('',(0.,0.,-1.));
#3710=DIRECTION('',(-1.,0.,0.));
#3711=DIRECTION('',(0.642787609686539,0.,0.766044443118978));
#3712=DIRECTION('',(0.,0.,1.));
#3713=DIRECTION('',(1.,0.,0.));
#3714=DIRECTION('',(-0.766044443118978,-6.56741450684823E-17,0.642787609686539));
#3715=DIRECTION('',(0.642787609686539,0.,0.766044443118978));
#3716=DIRECTION('',(0.642787609686539,0.,0.766044443118978));
#3717=DIRECTION('',(8.57315076930623E-17,-1.,3.08148791101957E-33));
#3718=DIRECTION('',(1.,-1.22464679914735E-16,0.));
#3719=DIRECTION('',(-1.22464679914735E-16,-1.,0.));
#3720=DIRECTION('',(-1.,0.,0.));
#3721=DIRECTION('',(0.,-1.,0.));
#3722=DIRECTION('',(0.,1.,0.));
#3723=DIRECTION('',(0.,0.,1.));
#3724=DIRECTION('',(0.,1.,0.));
#3725=DIRECTION('',(0.,0.,1.));
#3726=DIRECTION('',(0.,-1.,0.));
#3727=DIRECTION('',(1.,0.,0.));
#3728=DIRECTION('',(1.,0.,0.));
#3729=DIRECTION('',(0.,0.,1.));
#3730=DIRECTION('',(1.,0.,0.));
#3731=DIRECTION('',(0.,1.,0.));
#3732=DIRECTION('',(0.,0.,1.));
#3733=DIRECTION('',(0.,-1.,0.));
#3734=DIRECTION('',(1.,0.,0.));
#3735=DIRECTION('',(1.,0.,0.));
#3736=DIRECTION('',(0.,-1.,0.));
#3737=DIRECTION('',(0.,0.,-1.));
#3738=DIRECTION('',(1.,0.,0.));
#3739=DIRECTION('',(0.,0.,1.));
#3740=DIRECTION('',(1.,0.,0.));
#3741=DIRECTION('',(0.,1.,0.));
#3742=DIRECTION('',(0.,1.,0.));
#3743=DIRECTION('',(0.,0.,1.));
#3744=DIRECTION('',(0.,1.,0.));
#3745=DIRECTION('',(0.,-1.,0.));
#3746=DIRECTION('',(1.,0.,0.));
#3747=DIRECTION('',(1.,0.,0.));
#3748=DIRECTION('',(0.,0.,1.));
#3749=DIRECTION('',(1.,0.,0.));
#3750=DIRECTION('',(-1.,9.32090804952426E-16,0.));
#3751=DIRECTION('',(-9.32090804952426E-16,-1.,0.));
#3752=DIRECTION('',(0.,1.,0.));
#3753=DIRECTION('',(0.,0.,1.));
#3754=DIRECTION('',(0.,1.,0.));
#3755=DIRECTION('',(0.,1.,0.));
#3756=DIRECTION('',(-1.,0.,0.));
#3757=DIRECTION('',(0.,1.,0.));
#3758=DIRECTION('',(0.,0.,1.));
#3759=DIRECTION('',(1.,0.,0.));
#3760=DIRECTION('',(0.,0.,1.));
#3761=DIRECTION('',(1.,0.,0.));
#3762=DIRECTION('',(0.,1.,0.));
#3763=DIRECTION('',(-1.,0.,0.));
#3764=DIRECTION('',(0.,-1.,0.));
#3765=DIRECTION('',(0.,0.,-1.));
#3766=DIRECTION('',(1.,0.,0.));
#3767=DIRECTION('',(1.,0.,0.));
#3768=DIRECTION('',(0.,-1.,0.));
#3769=DIRECTION('',(1.,0.,0.));
#3770=DIRECTION('',(1.,0.,0.));
#3771=DIRECTION('',(0.,-1.,0.));
#3772=DIRECTION('',(0.,0.,-1.));
#3773=DIRECTION('',(1.,0.,0.));
#3774=DIRECTION('',(0.,-1.,0.));
#3775=DIRECTION('',(1.,0.,0.));
#3776=DIRECTION('',(0.,1.,0.));
#3777=DIRECTION('',(0.,0.,1.));
#3778=DIRECTION('',(1.,0.,0.));
#3779=DIRECTION('',(0.,0.,1.));
#3780=DIRECTION('',(1.,0.,0.));
#3781=DIRECTION('',(0.,0.,1.));
#3782=DIRECTION('',(1.,0.,0.));
#3783=DIRECTION('',(0.,1.,0.));
#3784=DIRECTION('',(0.,1.,0.));
#3785=DIRECTION('',(1.,0.,0.));
#3786=DIRECTION('',(0.,1.,0.));
#3787=DIRECTION('',(1.,0.,0.));
#3788=DIRECTION('',(0.,1.,0.));
#3789=DIRECTION('',(1.,0.,0.));
#3790=DIRECTION('',(0.,0.,1.));
#3791=DIRECTION('',(1.,0.,0.));
#3792=DIRECTION('',(0.,1.,0.));
#3793=DIRECTION('',(0.,-1.,0.));
#3794=DIRECTION('',(1.,0.,0.));
#3795=DIRECTION('',(0.,1.,0.));
#3796=DIRECTION('',(1.,0.,0.));
#3797=DIRECTION('',(0.,1.,0.));
#3798=DIRECTION('',(0.,0.,1.));
#3799=DIRECTION('',(1.,0.,0.));
#3800=DIRECTION('',(0.,-1.,0.));
#3801=DIRECTION('',(1.,0.,0.));
#3802=DIRECTION('',(0.,1.,0.));
#3803=DIRECTION('',(1.,0.,0.));
#3804=DIRECTION('',(0.,1.,0.));
#3805=DIRECTION('',(-1.80231010491097E-17,1.,0.));
#3806=DIRECTION('',(-1.,-1.80231010491097E-17,0.));
#3807=DIRECTION('',(0.,-1.,0.));
#3808=DIRECTION('',(0.,0.,-1.));
#3809=DIRECTION('',(1.,0.,0.));
#3810=DIRECTION('',(0.,0.,1.));
#3811=DIRECTION('',(-1.80231010491097E-17,1.,0.));
#3812=DIRECTION('',(-1.,-1.80231010491097E-17,0.));
#3813=DIRECTION('',(1.,0.,0.));
#3814=DIRECTION('',(0.,1.,0.));
#3815=DIRECTION('',(0.,0.,1.));
#3816=DIRECTION('',(0.,0.,1.));
#3817=DIRECTION('',(0.,1.,0.));
#3818=DIRECTION('',(-1.,0.,0.));
#3819=DIRECTION('',(1.,0.,0.));
#3820=DIRECTION('',(0.,0.,1.));
#3821=DIRECTION('',(1.,0.,0.));
#3822=DIRECTION('',(0.,1.,0.));
#3823=DIRECTION('',(0.,1.,0.));
#3824=DIRECTION('',(0.,0.,1.));
#3825=DIRECTION('',(0.,-1.,0.));
#3826=DIRECTION('',(1.,0.,0.));
#3827=DIRECTION('',(1.,0.,0.));
#3828=DIRECTION('',(0.,0.,1.));
#3829=DIRECTION('',(-1.,0.,0.));
#3830=DIRECTION('',(0.,-1.,0.));
#3831=DIRECTION('',(0.,1.,0.));
#3832=DIRECTION('',(1.,0.,0.));
#3833=DIRECTION('',(0.,1.,0.));
#3834=DIRECTION('',(0.,1.,0.));
#3835=DIRECTION('',(0.,0.,1.));
#3836=DIRECTION('',(0.,-1.,0.));
#3837=DIRECTION('',(1.,0.,0.));
#3838=DIRECTION('',(1.,0.,0.));
#3839=DIRECTION('',(0.,0.,1.));
#3840=DIRECTION('',(-1.,0.,0.));
#3841=DIRECTION('',(0.,-1.,0.));
#3842=DIRECTION('',(0.,1.,0.));
#3843=DIRECTION('',(0.,0.,1.));
#3844=DIRECTION('',(0.,1.,0.));
#3845=DIRECTION('',(-1.,0.,0.));
#3846=DIRECTION('',(1.,0.,0.));
#3847=DIRECTION('',(0.,0.,1.));
#3848=DIRECTION('',(1.,0.,0.));
#3849=DIRECTION('',(0.,1.,0.));
#3850=DIRECTION('',(0.,1.,0.));
#3851=DIRECTION('',(-1.,0.,0.));
#3852=DIRECTION('',(0.,-1.,0.));
#3853=DIRECTION('',(0.,1.,0.));
#3854=DIRECTION('',(0.,0.,1.));
#3855=DIRECTION('',(0.,1.,0.));
#3856=DIRECTION('',(-1.,0.,0.));
#3857=DIRECTION('',(1.,0.,0.));
#3858=DIRECTION('',(0.,0.,1.));
#3859=DIRECTION('',(1.,0.,0.));
#3860=DIRECTION('',(0.,1.,0.));
#3861=DIRECTION('',(0.,1.,0.));
#3862=DIRECTION('',(0.,1.,0.));
#3863=DIRECTION('',(0.707106781186548,0.,0.707106781186548));
#3864=DIRECTION('',(0.,1.,0.));
#3865=DIRECTION('',(0.,1.,0.));
#3866=DIRECTION('',(0.,1.,0.));
#3867=DIRECTION('',(0.,0.,1.));
#3868=DIRECTION('',(1.,0.,0.));
#3869=DIRECTION('',(8.57315076930623E-17,-1.,2.46519032881566E-32));
#3870=DIRECTION('',(-1.,-2.38757639704335E-16,0.));
#3871=DIRECTION('',(-8.57315076930623E-17,1.,-2.46519032881566E-32));
#3872=DIRECTION('',(1.,-7.95858799014449E-17,6.16297582203916E-33));
#3873=DIRECTION('',(0.,0.,1.));
#3874=DIRECTION('',(1.,0.,0.));
#3875=DIRECTION('',(0.,0.,1.));
#3876=DIRECTION('',(1.,0.,0.));
#3877=DIRECTION('',(0.,0.,1.));
#3878=DIRECTION('',(1.,0.,0.));
#3879=DIRECTION('',(0.,0.,1.));
#3880=DIRECTION('',(1.,0.,0.));
#3881=DIRECTION('',(0.,-1.,0.));
#3882=DIRECTION('',(0.,0.,-1.));
#3883=DIRECTION('',(-1.,0.,0.));
#3884=DIRECTION('',(0.,-1.,0.));
#3885=DIRECTION('',(0.,0.,-1.));
#3886=DIRECTION('',(-1.,0.,0.));
#3887=DIRECTION('',(1.,0.,0.));
#3888=DIRECTION('',(0.,0.,-1.));
#3889=DIRECTION('',(-1.,0.,0.));
#3890=DIRECTION('',(0.,1.,0.));
#3891=DIRECTION('',(0.,0.,-1.));
#3892=DIRECTION('',(-1.,0.,0.));
#3893=DIRECTION('',(0.,-1.,0.));
#3894=DIRECTION('',(0.,0.,-1.));
#3895=DIRECTION('',(-1.,0.,0.));
#3896=DIRECTION('',(0.,-1.,0.));
#3897=DIRECTION('',(0.,0.,-1.));
#3898=DIRECTION('',(-1.,0.,0.));
#3899=DIRECTION('',(1.,0.,0.));
#3900=DIRECTION('',(0.,0.,-1.));
#3901=DIRECTION('',(-1.,0.,0.));
#3902=DIRECTION('',(0.,1.,0.));
#3903=DIRECTION('',(0.,0.,-1.));
#3904=DIRECTION('',(-1.,0.,0.));
#3905=DIRECTION('',(0.,1.,0.));
#3906=DIRECTION('',(0.,1.,0.));
#3907=DIRECTION('',(0.,0.,-1.));
#3908=DIRECTION('',(-1.,0.,0.));
#3909=DIRECTION('',(0.,1.,0.));
#3910=DIRECTION('',(0.,0.,-1.));
#3911=DIRECTION('',(-1.,0.,0.));
#3912=DIRECTION('',(-1.,0.,0.));
#3913=DIRECTION('',(0.,0.,-1.));
#3914=DIRECTION('',(-1.,0.,0.));
#3915=DIRECTION('',(0.,-1.,0.));
#3916=DIRECTION('',(0.,0.,-1.));
#3917=DIRECTION('',(-1.,0.,0.));
#3918=DIRECTION('',(0.,-1.,0.));
#3919=DIRECTION('',(0.,0.,-1.));
#3920=DIRECTION('',(-1.,0.,0.));
#3921=DIRECTION('',(0.,1.,0.));
#3922=DIRECTION('',(0.,0.,-1.));
#3923=DIRECTION('',(-1.,0.,0.));
#3924=DIRECTION('',(-1.,0.,0.));
#3925=DIRECTION('',(0.,0.,-1.));
#3926=DIRECTION('',(-1.,0.,0.));
#3927=DIRECTION('',(0.,-1.,0.));
#3928=DIRECTION('',(0.,0.,-1.));
#3929=DIRECTION('',(-1.,0.,0.));
#3930=DIRECTION('',(0.,-1.,0.));
#3931=DIRECTION('',(0.,0.,1.));
#3932=DIRECTION('',(1.,0.,0.));
#3933=DIRECTION('',(0.,0.,1.));
#3934=DIRECTION('',(1.,0.,0.));
#3935=DIRECTION('',(0.,0.,-1.));
#3936=DIRECTION('',(-1.,0.,0.));
#3937=DIRECTION('',(0.,0.,1.));
#3938=DIRECTION('',(1.,0.,0.));
#3939=DIRECTION('',(0.,0.,1.));
#3940=DIRECTION('',(1.,0.,0.));
#3941=DIRECTION('',(0.,0.,-1.));
#3942=DIRECTION('',(-1.,0.,0.));
#3943=DIRECTION('',(0.,0.,1.));
#3944=DIRECTION('',(1.,0.,0.));
#3945=DIRECTION('',(0.,0.,1.));
#3946=DIRECTION('',(1.,0.,0.));
#3947=DIRECTION('',(0.,0.,-1.));
#3948=DIRECTION('',(-1.,0.,0.));
#3949=DIRECTION('',(0.,0.,1.));
#3950=DIRECTION('',(1.,0.,0.));
#3951=DIRECTION('',(0.,0.,1.));
#3952=DIRECTION('',(1.,0.,0.));
#3953=DIRECTION('',(0.,0.,-1.));
#3954=DIRECTION('',(-1.,0.,0.));
#3955=DIRECTION('',(8.57315076930623E-17,-1.,2.46519032881566E-32));
#3956=DIRECTION('',(-0.707106781186548,-6.0621330451111E-17,0.707106781186547));
#3957=DIRECTION('',(8.57315076930623E-17,-1.,2.46519032881566E-32));
#3958=DIRECTION('',(1.,-7.95858799014449E-17,6.16297582203916E-33));
#3959=DIRECTION('',(-5.62757153650099E-17,-0.707106781186548,0.707106781186547));
#3960=DIRECTION('',(1.,-7.95858799014449E-17,6.16297582203916E-33));
#3961=DIRECTION('',(-8.57315076930623E-17,1.,-2.46519032881566E-32));
#3962=DIRECTION('',(0.707106781186547,6.0621330451111E-17,0.707106781186548));
#3963=DIRECTION('',(-8.57315076930623E-17,1.,-2.46519032881566E-32));
#3964=DIRECTION('',(-1.,-2.38757639704335E-16,0.));
#3965=DIRECTION('',(-1.68827146095029E-16,0.707106781186547,0.707106781186548));
#3966=DIRECTION('',(-1.,-2.38757639704335E-16,0.));
#3967=DIRECTION('',(-2.38757639704335E-16,1.,0.));
#3968=DIRECTION('',(-1.,-2.38757639704335E-16,0.));
#3969=DIRECTION('',(0.,0.,1.));
#3970=DIRECTION('',(1.,0.,0.));
#3971=DIRECTION('',(0.,0.,1.));
#3972=DIRECTION('',(0.,0.,1.));
#3973=DIRECTION('',(0.,1.,0.));
#3974=DIRECTION('',(0.,0.,1.));
#3975=DIRECTION('',(0.,0.,1.));
#3976=DIRECTION('',(1.,0.,0.));
#3977=DIRECTION('',(-1.,-8.57315076930623E-17,0.));
#3978=DIRECTION('',(8.57315076930623E-17,-1.,0.));
#3979=DIRECTION('',(0.,0.,1.));
#3980=DIRECTION('',(0.,1.,0.));
#3981=DIRECTION('',(0.,0.,1.));
#3982=DIRECTION('',(-1.,0.,0.));
#3983=DIRECTION('',(0.,0.,1.));
#3984=DIRECTION('',(0.,0.,1.));
#3985=DIRECTION('',(1.,0.,0.));
#3986=DIRECTION('',(1.,0.,0.));
#3987=DIRECTION('',(0.,0.,-1.));
#3988=DIRECTION('',(1.,0.,0.));
#3989=DIRECTION('',(0.,0.,-1.));
#3990=DIRECTION('',(1.,0.,0.));
#3991=DIRECTION('',(0.,0.,-1.));
#3992=DIRECTION('',(1.,0.,0.));
#3993=DIRECTION('',(0.,0.,-1.));
#3994=DIRECTION('',(0.,0.,-1.));
#3995=DIRECTION('',(-1.,0.,0.));
#3996=DIRECTION('',(7.6571373978539E-16,1.,0.));
#3997=DIRECTION('',(-1.,7.6571373978539E-16,0.));
#3998=DIRECTION('',(0.,0.,-1.));
#3999=DIRECTION('',(-1.,0.,0.));
#4000=DIRECTION('',(0.,-1.,0.));
#4001=DIRECTION('',(-0.707106781186548,0.,0.707106781186548));
#4002=DIRECTION('',(0.,-1.,0.));
#4003=DIRECTION('',(0.,0.,-1.));
#4004=DIRECTION('',(0.,-1.,0.));
#4005=DIRECTION('',(0.,0.,-1.));
#4006=DIRECTION('',(-1.,0.,0.));
#4007=DIRECTION('',(1.,1.83697019872103E-16,0.));
#4008=DIRECTION('',(-1.83697019872103E-16,1.,0.));
#4009=DIRECTION('',(0.,0.,-1.));
#4010=DIRECTION('',(-1.,0.,0.));
#4011=DIRECTION('',(-1.,0.,0.));
#4012=DIRECTION('',(0.,0.707106781186548,0.707106781186548));
#4013=DIRECTION('',(-1.,0.,0.));
#4014=DIRECTION('',(0.,0.,1.));
#4015=DIRECTION('',(-1.,0.,0.));
#4016=DIRECTION('',(0.,1.,0.));
#4017=DIRECTION('',(0.707106781186548,0.,0.707106781186548));
#4018=DIRECTION('',(0.,1.,0.));
#4019=DIRECTION('',(0.,0.,1.));
#4020=DIRECTION('',(0.,1.,0.));
#4021=DIRECTION('',(0.,0.,1.));
#4022=DIRECTION('',(0.,1.,0.));
#4023=DIRECTION('',(0.,0.,-1.));
#4024=DIRECTION('',(-1.,0.,0.));
#4025=DIRECTION('',(0.,0.,-1.));
#4026=DIRECTION('',(-1.,0.,0.));
#4027=DIRECTION('',(0.,0.,-1.));
#4028=DIRECTION('',(-1.,0.,0.));
#4029=DIRECTION('',(0.,0.,-1.));
#4030=DIRECTION('',(-1.,0.,0.));
#4031=DIRECTION('',(0.,1.,0.));
#4032=DIRECTION('',(0.707106781186548,0.,0.707106781186548));
#4033=DIRECTION('',(0.,1.,0.));
#4034=DIRECTION('',(0.,0.,-1.));
#4035=DIRECTION('',(-1.,0.,0.));
#4036=DIRECTION('',(0.,-1.,0.));
#4037=DIRECTION('',(0.,0.,-1.));
#4038=DIRECTION('',(0.,0.,-1.));
#4039=DIRECTION('',(-1.,0.,0.));
#4040=DIRECTION('',(0.,1.,0.));
#4041=DIRECTION('',(0.707106781186548,0.,0.707106781186548));
#4042=DIRECTION('',(0.,1.,0.));
#4043=DIRECTION('',(0.,0.,1.));
#4044=DIRECTION('',(0.,1.,0.));
#4045=DIRECTION('',(0.,0.,-1.));
#4046=DIRECTION('',(-1.,0.,0.));
#4047=DIRECTION('',(-1.,-7.27366154732462E-16,0.));
#4048=DIRECTION('',(7.27366154732462E-16,-1.,0.));
#4049=DIRECTION('',(0.,0.,-1.));
#4050=DIRECTION('',(-1.,0.,0.));
#4051=DIRECTION('',(1.,0.,0.));
#4052=DIRECTION('',(0.,-0.707106781186548,0.707106781186548));
#4053=DIRECTION('',(1.,0.,0.));
#4054=DIRECTION('',(0.,0.,-1.));
#4055=DIRECTION('',(1.,0.,0.));
#4056=DIRECTION('',(0.,0.,-1.));
#4057=DIRECTION('',(-1.,0.,0.));
#4058=DIRECTION('',(-1.22464679914735E-16,1.,0.));
#4059=DIRECTION('',(-1.,-1.22464679914735E-16,0.));
#4060=DIRECTION('',(0.,0.,-1.));
#4061=DIRECTION('',(-1.,0.,0.));
#4062=DIRECTION('',(0.,-1.,0.));
#4063=DIRECTION('',(-0.707106781186548,0.,0.707106781186548));
#4064=DIRECTION('',(0.,-1.,0.));
#4065=DIRECTION('',(0.,0.,-1.));
#4066=DIRECTION('',(0.,-1.,0.));
#4067=DIRECTION('',(0.,0.,-1.));
#4068=DIRECTION('',(-1.,0.,0.));
#4069=DIRECTION('',(0.,0.,-1.));
#4070=DIRECTION('',(-1.,0.,0.));
#4071=DIRECTION('',(0.,-1.,0.));
#4072=DIRECTION('',(-0.707106781186548,0.,0.707106781186548));
#4073=DIRECTION('',(0.,-1.,0.));
#4074=DIRECTION('',(0.,0.,1.));
#4075=DIRECTION('',(0.707106781186548,-0.707106781186548,0.));
#4076=DIRECTION('',(0.,0.,-1.));
#4077=DIRECTION('',(0.,0.,1.));
#4078=DIRECTION('',(1.,0.,0.));
#4079=DIRECTION('',(0.,0.,1.));
#4080=DIRECTION('',(0.,0.,-1.));
#4081=DIRECTION('',(1.,0.,0.));
#4082=DIRECTION('',(0.,0.,-1.));
#4083=DIRECTION('',(0.,0.,1.));
#4084=DIRECTION('',(1.,0.,0.));
#4085=DIRECTION('',(-1.,0.,0.));
#4086=DIRECTION('',(0.,-1.,0.));
#4087=DIRECTION('',(0.,0.,1.));
#4088=DIRECTION('',(0.,-1.,0.));
#4089=DIRECTION('',(0.,0.,1.));
#4090=DIRECTION('',(-0.707106781186548,-0.707106781186548,0.));
#4091=DIRECTION('',(0.,0.,1.));
#4092=DIRECTION('',(0.,0.,-1.));
#4093=DIRECTION('',(-1.,0.,0.));
#4094=DIRECTION('',(0.,0.,1.));
#4095=DIRECTION('',(-1.,0.,0.));
#4096=DIRECTION('',(0.,0.,1.));
#4097=DIRECTION('',(0.,0.,1.));
#4098=DIRECTION('',(1.,0.,0.));
#4099=DIRECTION('',(-1.,0.,0.));
#4100=DIRECTION('',(0.,-1.,0.));
#4101=DIRECTION('',(0.,0.,1.));
#4102=DIRECTION('',(0.,-1.,0.));
#4103=DIRECTION('',(0.,0.,1.));
#4104=DIRECTION('',(0.707106781186548,-0.707106781186548,0.));
#4105=DIRECTION('',(0.,0.,1.));
#4106=DIRECTION('',(0.,1.,0.));
#4107=DIRECTION('',(-1.,0.,0.));
#4108=DIRECTION('',(0.,0.,1.));
#4109=DIRECTION('',(-1.,0.,0.));
#4110=DIRECTION('',(0.,0.,1.));
#4111=DIRECTION('',(-0.707106781186548,-0.707106781186548,0.));
#4112=DIRECTION('',(0.,0.,1.));
#4113=DIRECTION('',(1.,0.,0.));
#4114=DIRECTION('',(0.,1.,0.));
#4115=DIRECTION('',(0.,0.,1.));
#4116=DIRECTION('',(0.,1.,0.));
#4117=DIRECTION('',(1.,0.,0.));
#4118=DIRECTION('',(0.,0.,-1.));
#4119=DIRECTION('',(1.,0.,0.));
#4120=DIRECTION('',(0.,0.,-1.));
#4121=DIRECTION('',(1.,0.,0.));
#4122=DIRECTION('',(0.,0.,-1.));
#4123=DIRECTION('',(1.,0.,0.));
#4124=DIRECTION('',(0.,0.,-1.));
#4125=DIRECTION('',(0.,0.,-1.));
#4126=DIRECTION('',(-1.,0.,0.));
#4127=DIRECTION('',(-1.22464679914735E-16,1.,0.));
#4128=DIRECTION('',(-1.,-1.22464679914735E-16,0.));
#4129=DIRECTION('',(0.,0.,-1.));
#4130=DIRECTION('',(-1.,0.,0.));
#4131=DIRECTION('',(0.,-1.,0.));
#4132=DIRECTION('',(-0.707106781186548,0.,0.707106781186548));
#4133=DIRECTION('',(0.,-1.,0.));
#4134=DIRECTION('',(0.,0.,-1.));
#4135=DIRECTION('',(0.,-1.,0.));
#4136=DIRECTION('',(0.,0.,-1.));
#4137=DIRECTION('',(-1.,0.,0.));
#4138=DIRECTION('',(1.,1.83697019872103E-16,0.));
#4139=DIRECTION('',(-1.83697019872103E-16,1.,0.));
#4140=DIRECTION('',(0.,0.,-1.));
#4141=DIRECTION('',(-1.,0.,0.));
#4142=DIRECTION('',(-1.,0.,0.));
#4143=DIRECTION('',(0.,0.707106781186548,0.707106781186548));
#4144=DIRECTION('',(-1.,0.,0.));
#4145=DIRECTION('',(0.,0.,1.));
#4146=DIRECTION('',(-1.,0.,0.));
#4147=DIRECTION('',(0.,1.,0.));
#4148=DIRECTION('',(0.707106781186548,0.,0.707106781186548));
#4149=DIRECTION('',(0.,1.,0.));
#4150=DIRECTION('',(0.,0.,1.));
#4151=DIRECTION('',(0.,1.,0.));
#4152=DIRECTION('',(0.,0.,1.));
#4153=DIRECTION('',(0.,1.,0.));
#4154=DIRECTION('',(0.,0.,-1.));
#4155=DIRECTION('',(-1.,0.,0.));
#4156=DIRECTION('',(0.,0.,-1.));
#4157=DIRECTION('',(-1.,0.,0.));
#4158=DIRECTION('',(0.,0.,-1.));
#4159=DIRECTION('',(-1.,0.,0.));
#4160=DIRECTION('',(0.,0.,-1.));
#4161=DIRECTION('',(-1.,0.,0.));
#4162=DIRECTION('',(0.,0.,-1.));
#4163=DIRECTION('',(-1.,0.,0.));
#4164=DIRECTION('',(0.,-1.,0.));
#4165=DIRECTION('',(0.,0.,-1.));
#4166=DIRECTION('',(0.,0.,-1.));
#4167=DIRECTION('',(-1.,0.,0.));
#4168=DIRECTION('',(0.,1.,0.));
#4169=DIRECTION('',(0.707106781186548,0.,0.707106781186548));
#4170=DIRECTION('',(0.,1.,0.));
#4171=DIRECTION('',(0.,0.,1.));
#4172=DIRECTION('',(0.,1.,0.));
#4173=DIRECTION('',(0.,0.,-1.));
#4174=DIRECTION('',(-1.,0.,0.));
#4175=DIRECTION('',(-1.,3.82856869892695E-16,0.));
#4176=DIRECTION('',(-3.82856869892695E-16,-1.,0.));
#4177=DIRECTION('',(0.,0.,-1.));
#4178=DIRECTION('',(-1.,0.,0.));
#4179=DIRECTION('',(1.,0.,0.));
#4180=DIRECTION('',(0.,-0.707106781186548,0.707106781186548));
#4181=DIRECTION('',(1.,0.,0.));
#4182=DIRECTION('',(0.,0.,-1.));
#4183=DIRECTION('',(1.,0.,0.));
#4184=DIRECTION('',(0.,0.,-1.));
#4185=DIRECTION('',(-1.,0.,0.));
#4186=DIRECTION('',(7.6571373978539E-16,1.,0.));
#4187=DIRECTION('',(-1.,7.6571373978539E-16,0.));
#4188=DIRECTION('',(0.,0.,-1.));
#4189=DIRECTION('',(-1.,0.,0.));
#4190=DIRECTION('',(0.,-1.,0.));
#4191=DIRECTION('',(-0.707106781186548,0.,0.707106781186548));
#4192=DIRECTION('',(0.,-1.,0.));
#4193=DIRECTION('',(0.,0.,-1.));
#4194=DIRECTION('',(0.,-1.,0.));
#4195=DIRECTION('',(0.,0.,-1.));
#4196=DIRECTION('',(-1.,0.,0.));
#4197=DIRECTION('',(0.,0.,-1.));
#4198=DIRECTION('',(-1.,0.,0.));
#4199=DIRECTION('',(0.,-1.,0.));
#4200=DIRECTION('',(-0.707106781186548,0.,0.707106781186548));
#4201=DIRECTION('',(0.,-1.,0.));
#4202=DIRECTION('',(0.,0.,1.));
#4203=DIRECTION('',(0.707106781186548,-0.707106781186548,0.));
#4204=DIRECTION('',(0.,0.,-1.));
#4205=DIRECTION('',(0.,0.,1.));
#4206=DIRECTION('',(1.,0.,0.));
#4207=DIRECTION('',(0.,0.,1.));
#4208=DIRECTION('',(0.,0.,-1.));
#4209=DIRECTION('',(1.,0.,0.));
#4210=DIRECTION('',(0.,0.,-1.));
#4211=DIRECTION('',(0.,0.,1.));
#4212=DIRECTION('',(1.,0.,0.));
#4213=DIRECTION('',(-1.,0.,0.));
#4214=DIRECTION('',(0.,-1.,0.));
#4215=DIRECTION('',(0.,0.,1.));
#4216=DIRECTION('',(0.,-1.,0.));
#4217=DIRECTION('',(0.,0.,1.));
#4218=DIRECTION('',(-0.707106781186548,-0.707106781186548,0.));
#4219=DIRECTION('',(0.,0.,1.));
#4220=DIRECTION('',(0.,0.,-1.));
#4221=DIRECTION('',(-1.,0.,0.));
#4222=DIRECTION('',(0.,0.,1.));
#4223=DIRECTION('',(-1.,0.,0.));
#4224=DIRECTION('',(0.,0.,1.));
#4225=DIRECTION('',(0.,0.,1.));
#4226=DIRECTION('',(1.,0.,0.));
#4227=DIRECTION('',(-1.,0.,0.));
#4228=DIRECTION('',(0.,-1.,0.));
#4229=DIRECTION('',(0.,0.,1.));
#4230=DIRECTION('',(0.,-1.,0.));
#4231=DIRECTION('',(0.,0.,1.));
#4232=DIRECTION('',(0.707106781186548,-0.707106781186548,0.));
#4233=DIRECTION('',(0.,0.,1.));
#4234=DIRECTION('',(0.,1.,0.));
#4235=DIRECTION('',(-1.,0.,0.));
#4236=DIRECTION('',(0.,0.,1.));
#4237=DIRECTION('',(-1.,0.,0.));
#4238=DIRECTION('',(0.,0.,1.));
#4239=DIRECTION('',(-0.707106781186548,-0.707106781186548,0.));
#4240=DIRECTION('',(0.,0.,1.));
#4241=DIRECTION('',(1.,0.,0.));
#4242=DIRECTION('',(0.,1.,0.));
#4243=DIRECTION('',(0.,0.,1.));
#4244=DIRECTION('',(0.,1.,0.));
#4245=DIRECTION('',(0.,0.,-1.));
#4246=DIRECTION('',(-1.,0.,0.));
#4247=DIRECTION('',(0.968245836551854,-0.25,0.));
#4248=DIRECTION('',(0.25,0.968245836551854,0.));
#4249=DIRECTION('',(0.,0.,-1.));
#4250=DIRECTION('',(-1.,0.,0.));
#4251=DIRECTION('',(0.,-1.,0.));
#4252=DIRECTION('',(0.,0.,-1.));
#4253=DIRECTION('',(0.,-1.,0.));
#4254=DIRECTION('',(0.707106781186548,0.,-0.707106781186548));
#4255=DIRECTION('',(0.,-1.,0.));
#4256=DIRECTION('',(0.,0.,-1.));
#4257=DIRECTION('',(0.,-1.,0.));
#4258=DIRECTION('',(0.,0.,1.));
#4259=DIRECTION('',(1.,0.,0.));
#4260=DIRECTION('',(0.968245836551854,0.25,0.));
#4261=DIRECTION('',(-0.25,0.968245836551854,0.));
#4262=DIRECTION('',(0.,0.,1.));
#4263=DIRECTION('',(1.,0.,0.));
#4264=DIRECTION('',(0.,-1.,0.));
#4265=DIRECTION('',(0.707106781186548,0.,-0.707106781186548));
#4266=DIRECTION('',(0.,-1.,0.));
#4267=DIRECTION('',(0.,-1.,0.));
#4268=DIRECTION('',(0.,0.,-1.));
#4269=DIRECTION('',(0.,-1.,0.));
#4270=DIRECTION('',(9.23762086044295E-15,1.35912404635565E-14,1.));
#4271=DIRECTION('',(0.,-1.,1.35912404635565E-14));
#4272=DIRECTION('',(1.,0.,0.));
#4273=DIRECTION('',(0.,0.707106781186548,-0.707106781186548));
#4274=DIRECTION('',(1.,0.,0.));
#4275=DIRECTION('',(1.,0.,0.));
#4276=DIRECTION('',(7.81324074237696E-14,-7.58108505079809E-14,1.));
#4277=DIRECTION('',(1.,0.,-7.81324074237696E-14));
#4278=DIRECTION('',(0.,1.,0.));
#4279=DIRECTION('',(-0.707106781186548,0.,-0.707106781186548));
#4280=DIRECTION('',(0.,1.,0.));
#4281=DIRECTION('',(0.,0.,1.));
#4282=DIRECTION('',(0.,1.,0.));
#4283=DIRECTION('',(0.,1.,0.));
#4284=DIRECTION('',(-0.422577127364257,0.327326835353988,-0.845154254728518));
#4285=DIRECTION('',(0.668153104781063,-0.517549169506765,-0.534522483824847));
#4286=DIRECTION('',(0.,0.,1.));
#4287=DIRECTION('',(1.,0.,0.));
#4288=DIRECTION('',(-4.96052408605672E-16,-1.,0.));
#4289=DIRECTION('',(1.,-4.96052408605672E-16,0.));
#4290=DIRECTION('',(0.,0.,1.));
#4291=DIRECTION('',(1.,0.,0.));
#4292=DIRECTION('',(0.968245836551855,-0.25,0.));
#4293=DIRECTION('',(0.25,0.968245836551855,0.));
#4294=DIRECTION('',(0.,0.,1.));
#4295=DIRECTION('',(1.,0.,0.));
#4296=DIRECTION('',(0.,1.,0.));
#4297=DIRECTION('',(-0.707106781186548,0.,-0.707106781186548));
#4298=DIRECTION('',(0.,1.,0.));
#4299=DIRECTION('',(0.,0.,1.));
#4300=DIRECTION('',(0.,1.,0.));
#4301=DIRECTION('',(0.,1.,0.));
#4302=DIRECTION('',(0.,0.,1.));
#4303=DIRECTION('',(1.,0.,0.));
#4304=DIRECTION('',(-0.968245836551854,-0.25,0.));
#4305=DIRECTION('',(0.25,-0.968245836551854,0.));
#4306=DIRECTION('',(0.,0.,1.));
#4307=DIRECTION('',(1.,0.,0.));
#4308=DIRECTION('',(0.,0.,1.));
#4309=DIRECTION('',(1.,0.,0.));
#4310=DIRECTION('',(0.42257712736426,0.327326835353988,-0.845154254728516));
#4311=DIRECTION('',(-0.668153104781061,-0.517549169506765,-0.53452248382485));
#4312=DIRECTION('',(0.,0.,1.));
#4313=DIRECTION('',(1.,0.,0.));
#4314=DIRECTION('',(0.,1.,0.));
#4315=DIRECTION('',(-0.707106781186548,0.,-0.707106781186548));
#4316=DIRECTION('',(0.,1.,0.));
#4317=DIRECTION('',(0.,0.,1.));
#4318=DIRECTION('',(0.,1.,0.));
#4319=DIRECTION('',(-3.6404519316096E-14,-3.84831297917979E-14,1.));
#4320=DIRECTION('',(0.,-1.,-3.84831297917979E-14));
#4321=DIRECTION('',(-1.,0.,0.));
#4322=DIRECTION('',(0.,-0.707106781186548,-0.707106781186548));
#4323=DIRECTION('',(-1.,0.,0.));
#4324=DIRECTION('',(-4.95889498579937E-15,3.51003612315087E-15,1.));
#4325=DIRECTION('',(1.,0.,4.95889498579937E-15));
#4326=DIRECTION('',(0.,-1.,0.));
#4327=DIRECTION('',(0.707106781186548,0.,-0.707106781186548));
#4328=DIRECTION('',(0.,-1.,0.));
#4329=DIRECTION('',(0.,0.,-1.));
#4330=DIRECTION('',(0.,-1.,0.));
#4331=DIRECTION('',(0.42257712736426,-0.327326835353988,-0.845154254728516));
#4332=DIRECTION('',(-0.668153104781061,0.517549169506765,-0.53452248382485));
#4333=DIRECTION('',(0.,0.,1.));
#4334=DIRECTION('',(1.,0.,0.));
#4335=DIRECTION('',(-0.422577127364257,-0.327326835353988,-0.845154254728518));
#4336=DIRECTION('',(0.668153104781061,0.517549169506768,-0.534522483824847));
#4337=DIRECTION('',(0.,0.,1.));
#4338=DIRECTION('',(0.707106781186548,0.707106781186548,0.));
#4339=DIRECTION('',(0.,0.,1.));
#4340=DIRECTION('',(0.,0.,1.));
#4341=DIRECTION('',(0.,-1.,0.));
#4342=DIRECTION('',(1.,0.,0.));
#4343=DIRECTION('',(0.,0.,1.));
#4344=DIRECTION('',(0.,0.,1.));
#4345=DIRECTION('',(-0.707106781186548,0.707106781186548,0.));
#4346=DIRECTION('',(0.,0.,1.));
#4347=DIRECTION('',(1.,0.,0.));
#4348=DIRECTION('',(0.,1.,0.));
#4349=DIRECTION('',(0.,0.,1.));
#4350=DIRECTION('',(0.,0.,1.));
#4351=DIRECTION('',(-0.707106781186548,-0.707106781186548,0.));
#4352=DIRECTION('',(0.,0.,1.));
#4353=DIRECTION('',(0.,0.,1.));
#4354=DIRECTION('',(-1.,0.,0.));
#4355=DIRECTION('',(0.,0.,1.));
#4356=DIRECTION('',(1.,0.,0.));
#4357=DIRECTION('',(0.,1.,0.));
#4358=DIRECTION('',(0.,0.,-1.));
#4359=DIRECTION('',(0.,0.,-1.));
#4360=DIRECTION('',(-1.,0.,0.));
#4361=DIRECTION('',(0.,0.,-1.));
#4362=DIRECTION('',(0.,0.,1.));
#4363=DIRECTION('',(-0.707106781186548,0.707106781186548,0.));
#4364=DIRECTION('',(0.,0.,1.));
#4365=DIRECTION('',(1.,0.,0.));
#4366=DIRECTION('',(6.26715875771141E-15,2.86652840544669E-15,1.));
#4367=DIRECTION('',(1.,0.,-6.26715875771141E-15));
#4368=DIRECTION('',(-1.,0.,0.));
#4369=DIRECTION('',(0.,-0.707106781186548,-0.707106781186548));
#4370=DIRECTION('',(-1.,0.,0.));
#4371=DIRECTION('',(-1.79704338738421E-14,1.71911739753297E-14,1.));
#4372=DIRECTION('',(1.,0.,1.79704338738421E-14));
#4373=DIRECTION('',(0.,-1.,0.));
#4374=DIRECTION('',(0.707106781186548,0.,-0.707106781186548));
#4375=DIRECTION('',(0.,-1.,0.));
#4376=DIRECTION('',(0.,0.,-1.));
#4377=DIRECTION('',(0.,-1.,0.));
#4378=DIRECTION('',(0.,1.,0.));
#4379=DIRECTION('',(-0.707106781186548,0.,-0.707106781186548));
#4380=DIRECTION('',(0.,1.,0.));
#4381=DIRECTION('',(0.,0.,1.));
#4382=DIRECTION('',(0.,1.,0.));
#4383=DIRECTION('',(0.,0.,-1.));
#4384=DIRECTION('',(-1.,0.,0.));
#4385=DIRECTION('',(0.968245836551855,-0.249999999999998,0.));
#4386=DIRECTION('',(0.249999999999998,0.968245836551855,0.));
#4387=DIRECTION('',(0.,0.,-1.));
#4388=DIRECTION('',(-1.,0.,0.));
#4389=DIRECTION('',(-8.88178419700125E-16,-1.,0.));
#4390=DIRECTION('',(1.,-8.88178419700125E-16,0.));
#4391=DIRECTION('',(0.,-1.,0.));
#4392=DIRECTION('',(0.707106781186548,0.,-0.707106781186548));
#4393=DIRECTION('',(0.,-1.,0.));
#4394=DIRECTION('',(0.,0.,-1.));
#4395=DIRECTION('',(0.,-1.,0.));
#4396=DIRECTION('',(0.,0.,1.));
#4397=DIRECTION('',(1.,0.,0.));
#4398=DIRECTION('',(0.968245836551854,0.25,0.));
#4399=DIRECTION('',(-0.25,0.968245836551855,0.));
#4400=DIRECTION('',(0.,0.,1.));
#4401=DIRECTION('',(1.,0.,0.));
#4402=DIRECTION('',(-0.422577127364257,-0.327326835353988,-0.845154254728518));
#4403=DIRECTION('',(0.668153104781061,0.517549169506768,-0.534522483824847));
#4404=DIRECTION('',(0.,-1.,0.));
#4405=DIRECTION('',(0.707106781186548,0.,-0.707106781186548));
#4406=DIRECTION('',(0.,-1.,0.));
#4407=DIRECTION('',(0.,-1.,0.));
#4408=DIRECTION('',(0.,0.,-1.));
#4409=DIRECTION('',(0.,-1.,0.));
#4410=DIRECTION('',(-4.21350181485823E-14,-2.5391749230937E-14,1.));
#4411=DIRECTION('',(1.,0.,4.21350181485823E-14));
#4412=DIRECTION('',(1.,0.,0.));
#4413=DIRECTION('',(0.,0.707106781186548,-0.707106781186548));
#4414=DIRECTION('',(1.,0.,0.));
#4415=DIRECTION('',(1.,0.,0.));
#4416=DIRECTION('',(-1.27865769669192E-14,2.0292712030407E-14,1.));
#4417=DIRECTION('',(0.,-1.,2.0292712030407E-14));
#4418=DIRECTION('',(0.,1.,0.));
#4419=DIRECTION('',(-0.707106781186548,0.,-0.707106781186548));
#4420=DIRECTION('',(0.,1.,0.));
#4421=DIRECTION('',(0.,0.,1.));
#4422=DIRECTION('',(0.,1.,0.));
#4423=DIRECTION('',(0.,1.,0.));
#4424=DIRECTION('',(-0.42257712736426,0.327326835353988,-0.845154254728516));
#4425=DIRECTION('',(0.668153104781061,-0.517549169506765,-0.53452248382485));
#4426=DIRECTION('',(0.,0.,1.));
#4427=DIRECTION('',(1.,0.,0.));
#4428=DIRECTION('',(0.,-1.,0.));
#4429=DIRECTION('',(0.,0.,-1.));
#4430=DIRECTION('',(0.,0.,1.));
#4431=DIRECTION('',(1.,0.,0.));
#4432=DIRECTION('',(0.968245836551854,-0.25,0.));
#4433=DIRECTION('',(0.25,0.968245836551854,0.));
#4434=DIRECTION('',(0.,0.,1.));
#4435=DIRECTION('',(1.,0.,0.));
#4436=DIRECTION('',(0.,1.,0.));
#4437=DIRECTION('',(-0.707106781186548,0.,-0.707106781186548));
#4438=DIRECTION('',(0.,1.,0.));
#4439=DIRECTION('',(0.,0.,1.));
#4440=DIRECTION('',(0.,1.,0.));
#4441=DIRECTION('',(0.,1.,0.));
#4442=DIRECTION('',(0.,0.,1.));
#4443=DIRECTION('',(1.,0.,0.));
#4444=DIRECTION('',(-0.968245836551854,-0.25,0.));
#4445=DIRECTION('',(0.25,-0.968245836551854,0.));
#4446=DIRECTION('',(0.,0.,1.));
#4447=DIRECTION('',(1.,0.,0.));
#4448=DIRECTION('',(0.,0.,1.));
#4449=DIRECTION('',(1.,0.,0.));
#4450=DIRECTION('',(0.422577127364257,0.327326835353988,-0.845154254728518));
#4451=DIRECTION('',(-0.668153104781063,-0.517549169506765,-0.534522483824847));
#4452=DIRECTION('',(0.,0.,1.));
#4453=DIRECTION('',(1.,0.,0.));
#4454=DIRECTION('',(0.422577127364257,-0.327326835353988,-0.845154254728518));
#4455=DIRECTION('',(-0.668153104781063,0.517549169506765,-0.534522483824847));
#4456=DIRECTION('',(0.,0.,1.));
#4457=DIRECTION('',(1.,0.,0.));
#4458=DIRECTION('',(-1.,0.,0.));
#4459=DIRECTION('',(0.,-1.,0.));
#4460=DIRECTION('',(0.,0.,1.));
#4461=DIRECTION('',(0.,0.,1.));
#4462=DIRECTION('',(0.707106781186548,0.707106781186548,0.));
#4463=DIRECTION('',(0.,0.,1.));
#4464=DIRECTION('',(0.,-1.,0.));
#4465=DIRECTION('',(1.,0.,0.));
#4466=DIRECTION('',(0.,0.,1.));
#4467=DIRECTION('',(0.,0.,1.));
#4468=DIRECTION('',(-0.707106781186548,0.707106781186548,0.));
#4469=DIRECTION('',(0.,0.,1.));
#4470=DIRECTION('',(1.,0.,0.));
#4471=DIRECTION('',(0.,1.,0.));
#4472=DIRECTION('',(0.,0.,1.));
#4473=DIRECTION('',(0.,0.,1.));
#4474=DIRECTION('',(-0.707106781186548,-0.707106781186548,0.));
#4475=DIRECTION('',(0.,0.,1.));
#4476=DIRECTION('',(0.,0.,1.));
#4477=DIRECTION('',(-1.,0.,0.));
#4478=DIRECTION('',(0.,0.,1.));
#4479=DIRECTION('',(0.,0.,1.));
#4480=DIRECTION('',(1.,0.,0.));
#4481=DIRECTION('',(1.,0.,0.));
#4482=DIRECTION('',(0.,1.,0.));
#4483=DIRECTION('',(0.,0.,-1.));
#4484=DIRECTION('',(0.,0.,-1.));
#4485=DIRECTION('',(-1.,0.,0.));
#4486=DIRECTION('',(0.,0.,-1.));
#4487=DIRECTION('',(0.,0.,1.));
#4488=DIRECTION('',(-0.707106781186548,0.707106781186548,0.));
#4489=DIRECTION('',(-1.,0.,0.));
#4490=DIRECTION('',(0.,-1.,0.));
#4491=DIRECTION('',(0.,0.,1.));
#4492=DIRECTION('',(1.,0.,0.));
#4493=DIRECTION('',(0.,0.,1.));
#4494=DIRECTION('',(1.,0.,0.));
#4495=DIRECTION('',(0.,0.,1.));
#4496=DIRECTION('',(1.,8.57315076930623E-17,0.));
#4497=DIRECTION('',(-8.57315076930623E-17,1.,0.));
#4498=DIRECTION('',(0.,1.,0.));
#4499=DIRECTION('',(0.,0.,1.));
#4500=DIRECTION('',(0.,0.,1.));
#4501=DIRECTION('',(0.,-1.,0.));
#4502=DIRECTION('',(0.,0.,1.));
#4503=DIRECTION('',(1.,0.,0.));
#4504=DIRECTION('',(0.,0.,1.));
#4505=DIRECTION('',(-7.95858799014449E-17,-1.,0.));
#4506=DIRECTION('',(1.,-7.95858799014449E-17,0.));
#4507=DIRECTION('',(1.,0.,0.));
#4508=DIRECTION('',(0.,0.,1.));
#4509=DIRECTION('',(1.,0.,0.));
#4510=DIRECTION('',(0.,0.,1.));
#4511=DIRECTION('',(1.,0.,0.));
#4512=DIRECTION('',(0.,1.,0.));
#4513=DIRECTION('',(0.,0.,1.));
#4514=DIRECTION('',(1.,0.,0.));
#4515=DIRECTION('',(1.,0.,0.));
#4516=DIRECTION('',(0.,0.,1.));
#4517=DIRECTION('',(1.,0.,0.));
#4518=DIRECTION('',(0.,1.,0.));
#4519=DIRECTION('',(0.,0.,1.));
#4520=DIRECTION('',(1.,0.,0.));
#4521=DIRECTION('',(1.,0.,0.));
#4522=DIRECTION('',(-1.,-2.38757639704335E-16,0.));
#4523=DIRECTION('',(-2.24358792186425E-16,0.939692620785908,0.342020143325669));
#4524=DIRECTION('',(-1.,-2.38757639704335E-16,0.));
#4525=DIRECTION('',(2.38757639704335E-16,-1.,0.));
#4526=DIRECTION('',(-1.,-2.38757639704335E-16,0.));
#4527=DIRECTION('',(-1.,-2.38757639704335E-16,0.));
#4528=DIRECTION('',(2.38757639704335E-16,-1.,0.));
#4529=DIRECTION('',(-1.,-2.38757639704335E-16,0.));
#4530=DIRECTION('',(0.,0.,1.));
#4531=DIRECTION('',(1.,0.,0.));
#4532=DIRECTION('',(0.,0.,1.));
#4533=DIRECTION('',(1.,0.,0.));
#4534=DIRECTION('',(1.22464679914735E-16,1.,0.));
#4535=DIRECTION('',(-1.,1.22464679914735E-16,0.));
#4536=DIRECTION('',(0.,0.,1.));
#4537=DIRECTION('',(1.,0.,0.));
#4538=DIRECTION('',(8.57315076930623E-17,-1.,3.08148791101957E-33));
#4539=DIRECTION('',(-0.939692620785908,-8.0561265148021E-17,0.342020143325669));
#4540=DIRECTION('',(8.57315076930623E-17,-1.,3.08148791101957E-33));
#4541=DIRECTION('',(8.57315076930623E-17,-1.,3.08148791101957E-33));
#4542=DIRECTION('',(1.,8.57315076930623E-17,0.));
#4543=DIRECTION('',(0.,0.,1.));
#4544=DIRECTION('',(1.,0.,0.));
#4545=DIRECTION('',(0.,0.,1.));
#4546=DIRECTION('',(1.,0.,0.));
#4547=DIRECTION('',(-1.,1.83697019872103E-16,0.));
#4548=DIRECTION('',(-1.83697019872103E-16,-1.,0.));
#4549=DIRECTION('',(1.,-7.95858799014449E-17,0.));
#4550=DIRECTION('',(-7.47862640621413E-17,-0.939692620785908,0.342020143325669));
#4551=DIRECTION('',(1.,-7.95858799014449E-17,0.));
#4552=DIRECTION('',(1.,-7.95858799014449E-17,0.));
#4553=DIRECTION('',(7.95858799014449E-17,1.,0.));
#4554=DIRECTION('',(0.,0.,1.));
#4555=DIRECTION('',(1.,0.,0.));
#4556=DIRECTION('',(0.,0.,1.));
#4557=DIRECTION('',(1.,0.,0.));
#4558=DIRECTION('',(0.,-1.,0.));
#4559=DIRECTION('',(0.,0.,-1.));
#4560=DIRECTION('',(-8.57315076930623E-17,1.,2.46519032881566E-32));
#4561=DIRECTION('',(0.939692620785908,8.0561265148021E-17,0.342020143325669));
#4562=DIRECTION('',(-8.57315076930623E-17,1.,2.46519032881566E-32));
#4563=DIRECTION('',(-8.57315076930623E-17,1.,2.46519032881566E-32));
#4564=DIRECTION('',(-1.,-8.57315076930623E-17,0.));
#4565=DIRECTION('',(-8.57315076930623E-17,1.,2.46519032881566E-32));
#4566=DIRECTION('',(0.,0.,1.));
#4567=DIRECTION('',(1.,0.,0.));
#4568=DIRECTION('',(0.,0.,1.));
#4569=DIRECTION('',(1.,0.,0.));
#4570=DIRECTION('',(0.,0.,1.));
#4571=DIRECTION('',(1.,0.,0.));
#4572=DIRECTION('',(0.766044443118978,6.56741450684823E-17,0.64278760968654));
#4573=DIRECTION('',(0.64278760968654,1.23259516440783E-32,-0.766044443118978));
#4574=DIRECTION('',(0.64278760968654,1.23259516440783E-32,-0.766044443118978));
#4575=DIRECTION('',(0.,0.,-1.));
#4576=DIRECTION('',(1.,0.,0.));
#4577=DIRECTION('',(2.17970496413038E-16,0.642787609686539,-0.766044443118978));
#4578=DIRECTION('',(-1.82898963147709E-16,0.766044443118978,0.642787609686539));
#4579=DIRECTION('',(1.,3.45126646034193E-31,2.84540274876955E-16));
#4580=DIRECTION('',(2.17970496413038E-16,0.642787609686539,-0.766044443118978));
#4581=DIRECTION('',(0.,0.,1.));
#4582=DIRECTION('',(-1.,0.,0.));
#4583=DIRECTION('',(0.,0.,1.));
#4584=DIRECTION('',(0.,0.,1.));
#4585=DIRECTION('',(-1.,-8.57315076930623E-17,0.));
#4586=DIRECTION('',(8.57315076930623E-17,-1.,0.));
#4587=DIRECTION('',(0.,0.,1.));
#4588=DIRECTION('',(0.,0.,1.));
#4589=DIRECTION('',(0.,1.,0.));
#4590=DIRECTION('',(0.,0.,1.));
#4591=DIRECTION('',(-2.38757639704335E-16,1.,0.));
#4592=DIRECTION('',(-1.,-2.38757639704335E-16,0.));
#4593=DIRECTION('',(0.,0.,1.));
#4594=DIRECTION('',(0.,0.,-1.));
#4595=DIRECTION('',(0.,1.,0.));
#4596=DIRECTION('',(0.,0.,1.));
#4597=DIRECTION('',(1.,0.,0.));
#4598=DIRECTION('',(0.,0.,1.));
#4599=DIRECTION('',(1.,8.57315076930623E-17,0.));
#4600=DIRECTION('',(-8.57315076930623E-17,1.,0.));
#4601=DIRECTION('',(0.,0.,1.));
#4602=DIRECTION('',(0.,0.,1.));
#4603=DIRECTION('',(0.,-1.,0.));
#4604=DIRECTION('',(0.,0.,1.));
#4605=DIRECTION('',(-7.95858799014449E-17,-1.,0.));
#4606=DIRECTION('',(1.,-7.95858799014449E-17,0.));
#4607=CARTESIAN_POINT('',(0.,0.,0.));
#4608=CARTESIAN_POINT('',(0.015907709271765,1.36202429794048E-18,0.0311552614521706));
#4609=CARTESIAN_POINT('',(-0.0075144689356816,-0.00647499999999991,0.00386408595780845));
#4610=CARTESIAN_POINT('',(-0.00742551807042497,-0.00645008380248714,0.00397009347104243));
#4611=CARTESIAN_POINT('',(-0.00727681418762718,-0.00642565462025864,0.00402243131578321));
#4612=CARTESIAN_POINT('',(-0.00713923172594918,-0.00641335575774475,0.00399615451213562));
#4613=CARTESIAN_POINT('',(-0.00751446903621932,-0.00647499993769,0.00386408583799228));
#4614=CARTESIAN_POINT('',(-0.0071392317262657,-0.0064133557555949,0.00399615451185103));
#4615=CARTESIAN_POINT('',(0.0157564586600998,1.34905735496292E-18,0.0312821757846342));
#4616=CARTESIAN_POINT('',(-0.00713923172626858,0.00641335575559515,0.00399615451185157));
#4617=CARTESIAN_POINT('',(-0.00713923172594916,0.00641335575774486,0.00399615451213563));
#4618=CARTESIAN_POINT('',(-0.00727681418762717,0.00642565462025874,0.00402243131578322));
#4619=CARTESIAN_POINT('',(-0.00742551807042495,0.00645008380248725,0.00397009347104245));
#4620=CARTESIAN_POINT('',(-0.00751446893568158,0.00647500000000002,0.00386408595780848));
#4621=CARTESIAN_POINT('',(-0.00751446903621932,0.00647499993768998,0.00386408583799228));
#4622=CARTESIAN_POINT('',(0.0156012914945174,1.33575463991309E-18,0.0314123764960452));
#4623=CARTESIAN_POINT('',(-0.00694935125962137,0.00645204864723801,0.00355909345745675));
#4624=CARTESIAN_POINT('',(-0.00690841864465562,0.00664637481921217,0.00399345811673512));
#4625=CARTESIAN_POINT('',(-0.00692193036285156,0.00678263159859768,0.00401820002949676));
#4626=CARTESIAN_POINT('',(-0.00694822405027695,0.00692890859627026,0.00396608953370932));
#4627=CARTESIAN_POINT('',(-0.00697499999626832,0.00701671690411768,0.0038615266307893));
#4628=CARTESIAN_POINT('',(-0.00690839929312441,0.00664635630352685,0.0039935706532927));
#4629=CARTESIAN_POINT('',(-0.00697499993787324,0.00701665799132396,0.0038614771428823));
#4630=CARTESIAN_POINT('',(-0.00697499989375018,0.00701671681816254,0.00386152673309723));
#4631=CARTESIAN_POINT('',(-0.00726252832639858,0.00700104100258835,0.00388037813988324));
#4632=CARTESIAN_POINT('',(-0.00749944999699259,0.00677024232616464,0.00388146227564023));
#4633=CARTESIAN_POINT('',(-0.00751409074498939,0.00647500015879663,0.00386376911967463));
#4634=CARTESIAN_POINT('',(-0.00690839929524772,0.00664635630318988,0.00399357065360073));
#4635=CARTESIAN_POINT('',(-0.00702448597569492,0.00663170574821894,0.00401103050512124));
#4636=CARTESIAN_POINT('',(-0.00712575655106293,0.00652978654364409,0.00401221360021767));
#4637=CARTESIAN_POINT('',(-0.00713923172594917,0.00641335575774482,0.00399615451213558));
#4638=CARTESIAN_POINT('',(2.0617879218538E-5,-0.0161926025051493,0.030898907190265));
#4639=CARTESIAN_POINT('',(0.00690879187394766,0.00665149508495961,0.00398744649196512));
#4640=CARTESIAN_POINT('',(0.00692219965189165,0.00678778219301323,0.00401211071423896));
#4641=CARTESIAN_POINT('',(0.00694834974518749,0.00693405899101748,0.00395991479824222));
#4642=CARTESIAN_POINT('',(0.0069750000000001,0.00702184606502088,0.00385529423741533));
#4643=CARTESIAN_POINT('',(0.00690879187182308,0.00665149508529639,0.00398744649165905));
#4644=CARTESIAN_POINT('',(0.00697499993784921,0.00702184616625925,0.00385529411676416));
#4645=CARTESIAN_POINT('',(2.06178792185379E-5,-0.0158861847279017,0.0311560222341396));
#4646=CARTESIAN_POINT('',(2.06178792185379E-5,-0.0160384433218954,0.031028262104076));
#4647=CARTESIAN_POINT('',(0.00694984138087468,0.00645075605098927,0.00355204600474314));
#4648=CARTESIAN_POINT('',(0.00714490852323065,0.00641337269702623,0.00398977291955699));
#4649=CARTESIAN_POINT('',(0.00728236096672554,0.0064258807436199,0.00401600472184977));
#4650=CARTESIAN_POINT('',(0.00743091650442012,0.00645028570757768,0.0039637193472029));
#4651=CARTESIAN_POINT('',(0.00751985572755906,0.00647500006162617,0.00385780977143713));
#4652=CARTESIAN_POINT('',(0.00714488974243807,0.00641335575559733,0.00398987940782767));
#4653=CARTESIAN_POINT('',(0.00751978508431397,0.00647499993767441,0.00385775041857712));
#4654=CARTESIAN_POINT('',(0.00751985564088811,0.00647499996208456,0.00385780987469173));
#4655=CARTESIAN_POINT('',(0.00750416731162182,0.00678265106304439,0.00387630090717142));
#4656=CARTESIAN_POINT('',(0.00726003030688077,0.00700605483209089,0.00387396632620997));
#4657=CARTESIAN_POINT('',(0.00697500069378341,0.00702143777324687,0.00385495238077912));
#4658=CARTESIAN_POINT('',(0.007144889742121,0.00641335575774473,0.00398987940811196));
#4659=CARTESIAN_POINT('',(0.0071311048206595,0.00653240247828997,0.00400630763778763));
#4660=CARTESIAN_POINT('',(0.00702751553750469,0.00663660342623411,0.00400519367975251));
#4661=CARTESIAN_POINT('',(0.00690879187394773,0.00665149508495963,0.00398744649196511));
#4662=CARTESIAN_POINT('',(-0.0158906716497,-1.36409884065503E-18,0.0311349568048655));
#4663=CARTESIAN_POINT('',(0.00714488974212108,-0.00641335575774484,0.00398987940811203));
#4664=CARTESIAN_POINT('',(0.00728237954101769,-0.0064256693009374,0.00401601729105432));
#4665=CARTESIAN_POINT('',(0.00743090847112447,-0.00645009199915324,0.00396366944164343));
#4666=CARTESIAN_POINT('',(0.00751978498377225,-0.006475,0.00385775053839818));
#4667=CARTESIAN_POINT('',(0.00714488974243749,-0.00641335575559639,0.00398987940782742));
#4668=CARTESIAN_POINT('',(0.00751978508431398,-0.00647499993767436,0.00385775041857711));
#4669=CARTESIAN_POINT('',(-0.0155842538724524,-1.33782918262764E-18,0.0313920718487401));
#4670=CARTESIAN_POINT('',(-0.0157391906633969,-1.35111214731243E-18,0.0312620644446028));
#4671=CARTESIAN_POINT('',(0.00694984075880819,-0.00645075860274408,0.0035520463994735));
#4672=CARTESIAN_POINT('',(0.00690879503991637,-0.00665149811333437,0.00398742788048991));
#4673=CARTESIAN_POINT('',(0.00692188382887819,-0.00678775777679559,0.00401182594761812));
#4674=CARTESIAN_POINT('',(0.00694804239236545,-0.00693384105525046,0.00395951552607728));
#4675=CARTESIAN_POINT('',(0.00697500079425209,-0.00702143864998081,0.00385495293938749));
#4676=CARTESIAN_POINT('',(0.00690879187182288,-0.00665149508529437,0.00398744649165869));
#4677=CARTESIAN_POINT('',(0.00697499993784921,-0.00702184616625925,0.00385529411676416));
#4678=CARTESIAN_POINT('',(0.00697500069190813,-0.00702143856422403,0.00385495304158198));
#4679=CARTESIAN_POINT('',(0.0072599853517232,-0.00700605785015771,0.00387396382272496));
#4680=CARTESIAN_POINT('',(0.0075041649176716,-0.0067826942331996,0.0038763033403058));
#4681=CARTESIAN_POINT('',(0.00751985467907194,-0.00647499996131383,0.00385780906653601));
#4682=CARTESIAN_POINT('',(0.00690879187394775,-0.00665149508495956,0.00398744649196509));
#4683=CARTESIAN_POINT('',(0.00702751550869711,-0.0066366034298475,0.00400519367544626));
#4684=CARTESIAN_POINT('',(0.00713110482400428,-0.00653240244940287,0.00400630763380123));
#4685=CARTESIAN_POINT('',(0.007144889742121,-0.0064133557577449,0.00398987940811199));
#4686=CARTESIAN_POINT('',(2.06178792185354E-5,0.0161926025051493,0.030898907190265));
#4687=CARTESIAN_POINT('',(-0.00690839929524778,-0.00664635630318986,0.00399357065360077));
#4688=CARTESIAN_POINT('',(-0.00692188657412838,-0.00678263340864412,0.00401824679650834));
#4689=CARTESIAN_POINT('',(-0.00694819172346099,-0.00692889069790442,0.00396607413012729));
#4690=CARTESIAN_POINT('',(-0.00697500000000007,-0.00701665789002858,0.0038614772636014));
#4691=CARTESIAN_POINT('',(-0.00690839929312332,-0.00664635630352554,0.0039935706532923));
#4692=CARTESIAN_POINT('',(-0.0069749999378732,-0.00701665799132397,0.00386147714288228));
#4693=CARTESIAN_POINT('',(2.06178792185354E-5,0.0158861847279017,0.0311560222341396));
#4694=CARTESIAN_POINT('',(2.06178792185354E-5,0.0160384433218954,0.031028262104076));
#4695=CARTESIAN_POINT('',(-0.00694935425899656,-0.00645204853352307,0.00355909414468081));
#4696=CARTESIAN_POINT('',(-0.00751409149487015,-0.00647500015825206,0.00386376974669142));
#4697=CARTESIAN_POINT('',(-0.00749945281377608,-0.00677019920685939,0.00388146025928756));
#4698=CARTESIAN_POINT('',(-0.007262581808676,-0.00700103796042752,0.00388038153961697));
#4699=CARTESIAN_POINT('',(-0.00697499989399196,-0.00701671585932442,0.00386152592772798));
#4700=CARTESIAN_POINT('',(-0.00713923172594917,-0.00641335575774483,0.00399615451213558));
#4701=CARTESIAN_POINT('',(-0.00712575654749856,-0.00652978657444096,0.00401221360446541));
#4702=CARTESIAN_POINT('',(-0.00702448600640018,-0.00663170574434368,0.0040110305097394));
#4703=CARTESIAN_POINT('',(-0.00690839929524772,-0.00664635630318987,0.00399357065360073));
#4704=CARTESIAN_POINT('',(0.006975,-0.006475,0.00242143121296013));
#4705=CARTESIAN_POINT('',(0.006975,-0.00735,0.00346421560648007));
#4706=CARTESIAN_POINT('',(0.006975,-0.00781557777545821,0.00290936161994572));
#4707=CARTESIAN_POINT('',(0.006975,-0.006475,0.00290936161994572));
#4708=CARTESIAN_POINT('',(0.00831557777545821,-0.006475,0.00290936161994572));
#4709=CARTESIAN_POINT('',(0.00785,-0.006475,0.00346421560648007));
#4710=CARTESIAN_POINT('',(-0.0034875,-0.00735,0.00346421560648007));
#4711=CARTESIAN_POINT('',(-0.006975,-0.00735,0.00346421560648007));
#4712=CARTESIAN_POINT('',(-0.006975,-0.00781557777545821,0.00290936161994572));
#4713=CARTESIAN_POINT('',(-0.00523125,-0.00781557777545821,0.00290936161994572));
#4714=CARTESIAN_POINT('',(-0.006975,-0.006475,0.00242143121296013));
#4715=CARTESIAN_POINT('',(-0.00785,-0.006475,0.00346421560648007));
#4716=CARTESIAN_POINT('',(-0.00831557777545821,-0.006475,0.00290936161994572));
#4717=CARTESIAN_POINT('',(-0.006975,-0.006475,0.00290936161994572));
#4718=CARTESIAN_POINT('',(-0.00785,0.0032375,0.00346421560648007));
#4719=CARTESIAN_POINT('',(-0.00785,0.006475,0.00346421560648007));
#4720=CARTESIAN_POINT('',(-0.00831557777545821,0.006475,0.00290936161994572));
#4721=CARTESIAN_POINT('',(-0.00831557777545821,0.00485625,0.00290936161994572));
#4722=CARTESIAN_POINT('',(2.06178792185341E-5,0.,0.044486113980136));
#4723=CARTESIAN_POINT('',(0.004015765799889,0.00173965807699289,0.0005));
#4724=CARTESIAN_POINT('',(0.004015765799889,1.11022302462516E-18,0.0015));
#4725=CARTESIAN_POINT('',(0.004015765799889,0.00173965807699289,0.0015));
#4726=CARTESIAN_POINT('',(0.004015765799889,0.000145482521520984,0.0015));
#4727=CARTESIAN_POINT('',(0.004015765799889,0.00173965807699289,0.0005));
#4728=CARTESIAN_POINT('',(0.004015765799889,0.00173965807699289,0.0014));
#4729=CARTESIAN_POINT('',(0.00401576579988901,-0.000110341923007105,0.0014));
#4730=CARTESIAN_POINT('',(0.004015765799889,0.000145482521520984,0.0014));
#4731=CARTESIAN_POINT('',(0.004015765799889,0.000145482521520984,0.0005));
#4732=CARTESIAN_POINT('',(0.000265765799889,-0.000304517478479016,0.0005));
#4733=CARTESIAN_POINT('',(0.,-0.000304517478479016,0.0015));
#4734=CARTESIAN_POINT('',(0.000265765799889,-0.000304517478479017,0.0015));
#4735=CARTESIAN_POINT('',(0.0022,-0.000304517478479016,0.0015));
#4736=CARTESIAN_POINT('',(0.000265765799889,-0.000304517478479017,0.0005));
#4737=CARTESIAN_POINT('',(0.000265765799889005,-0.000304517478479016,0.0014));
#4738=CARTESIAN_POINT('',(-9.23420011098963E-6,-0.000304517478479016,0.0014));
#4739=CARTESIAN_POINT('',(0.00237320508075689,-0.000304517478479016,0.0014));
#4740=CARTESIAN_POINT('',(0.0022,-0.000304517478479016,0.0013));
#4741=CARTESIAN_POINT('',(0.000265765799889,-0.000304517478479016,0.0005));
#4742=CARTESIAN_POINT('',(0.,-0.000304517478479016,0.0015));
#4743=CARTESIAN_POINT('',(0.0035,-0.000304517478479017,0.0015));
#4744=CARTESIAN_POINT('',(0.004015765799889,-0.000304517478479016,0.0015));
#4745=CARTESIAN_POINT('',(0.0035,-0.000304517478479017,0.0013));
#4746=CARTESIAN_POINT('',(0.00332679491924311,-0.000304517478479017,0.0014));
#4747=CARTESIAN_POINT('',(-9.23420011098963E-6,-0.000304517478479016,0.0014));
#4748=CARTESIAN_POINT('',(0.004015765799889,-0.000304517478479016,0.0014));
#4749=CARTESIAN_POINT('',(0.004015765799889,-0.000304517478479016,0.0005));
#4750=CARTESIAN_POINT('',(0.000265765799889,-0.00196034192300711,0.0005));
#4751=CARTESIAN_POINT('',(0.000265765799889,1.11022302462516E-18,0.0015));
#4752=CARTESIAN_POINT('',(0.000265765799889005,-0.00196034192300711,0.0015));
#4753=CARTESIAN_POINT('',(0.00026576579988901,-0.00196034192300711,0.0005));
#4754=CARTESIAN_POINT('',(0.00026576579988901,-0.00196034192300711,0.0014));
#4755=CARTESIAN_POINT('',(0.00026576579988901,-0.000110341923007105,0.0014));
#4756=CARTESIAN_POINT('',(-0.00018423420011099,-0.00196034192300711,0.0005));
#4757=CARTESIAN_POINT('',(0.,-0.00196034192300711,0.0015));
#4758=CARTESIAN_POINT('',(-0.00018423420011099,-0.00196034192300711,0.0015));
#4759=CARTESIAN_POINT('',(-0.00018423420011099,-0.00196034192300711,0.0005));
#4760=CARTESIAN_POINT('',(-0.00018423420011099,-0.00196034192300711,0.0014));
#4761=CARTESIAN_POINT('',(-9.23420011098963E-6,-0.00196034192300711,0.0014));
#4762=CARTESIAN_POINT('',(-0.000184234200110989,-0.000304517478479016,0.0005));
#4763=CARTESIAN_POINT('',(-0.000184234200110989,1.11022302462516E-18,0.0015));
#4764=CARTESIAN_POINT('',(-0.00018423420011099,-0.000304517478479016,0.0015));
#4765=CARTESIAN_POINT('',(-0.00018423420011099,-0.000304517478479016,0.0005));
#4766=CARTESIAN_POINT('',(-0.00018423420011099,-0.000304517478479016,0.0014));
#4767=CARTESIAN_POINT('',(-0.00018423420011099,-0.000110341923007105,0.0014));
#4768=CARTESIAN_POINT('',(0.004015765799889,0.000145482521520984,0.0005));
#4769=CARTESIAN_POINT('',(0.0022,0.000145482521520984,0.0013));
#4770=CARTESIAN_POINT('',(0.00237320508075689,0.000145482521520984,0.0014));
#4771=CARTESIAN_POINT('',(0.0022,0.000145482521520984,0.0015));
#4772=CARTESIAN_POINT('',(-9.23420011098963E-6,0.000145482521520984,0.0014));
#4773=CARTESIAN_POINT('',(0.000265765799889005,0.000145482521520984,0.0014));
#4774=CARTESIAN_POINT('',(0.000265765799889,0.000145482521520984,0.0005));
#4775=CARTESIAN_POINT('',(0.000265765799889,0.000145482521520984,0.0015));
#4776=CARTESIAN_POINT('',(0.,0.000145482521520984,0.0015));
#4777=CARTESIAN_POINT('',(0.004015765799889,0.000145482521520984,0.0005));
#4778=CARTESIAN_POINT('',(0.0035,0.000145482521520983,0.0013));
#4779=CARTESIAN_POINT('',(0.0035,0.000145482521520983,0.0015));
#4780=CARTESIAN_POINT('',(0.00332679491924311,0.000145482521520983,0.0014));
#4781=CARTESIAN_POINT('',(0.,0.000145482521520984,0.0015));
#4782=CARTESIAN_POINT('',(-9.23420011098963E-6,0.000145482521520984,0.0014));
#4783=CARTESIAN_POINT('',(-0.00403423420011099,-0.000304517478479016,0.0005));
#4784=CARTESIAN_POINT('',(0.,-0.000304517478479016,0.0015));
#4785=CARTESIAN_POINT('',(-0.0022,-0.000304517478479017,0.0015));
#4786=CARTESIAN_POINT('',(-0.0022,-0.000304517478479017,0.0013));
#4787=CARTESIAN_POINT('',(-0.00237320508075689,-0.000304517478479017,0.0014));
#4788=CARTESIAN_POINT('',(-9.23420011098963E-6,-0.000304517478479016,0.0014));
#4789=CARTESIAN_POINT('',(-0.00403423420011099,-0.000304517478479016,0.0005));
#4790=CARTESIAN_POINT('',(-0.0035,-0.000304517478479016,0.0013));
#4791=CARTESIAN_POINT('',(-0.0035,-0.000304517478479016,0.0015));
#4792=CARTESIAN_POINT('',(-0.00332679491924311,-0.000304517478479016,0.0014));
#4793=CARTESIAN_POINT('',(0.,-0.000304517478479016,0.0015));
#4794=CARTESIAN_POINT('',(-0.00403423420011099,-0.000304517478479017,0.0015));
#4795=CARTESIAN_POINT('',(-0.00403423420011099,-0.000304517478479017,0.0005));
#4796=CARTESIAN_POINT('',(-0.00403423420011099,-0.000304517478479016,0.0014));
#4797=CARTESIAN_POINT('',(-9.23420011098963E-6,-0.000304517478479016,0.0014));
#4798=CARTESIAN_POINT('',(-9.23420011098963E-6,-0.000110341923007105,0.0014));
#4799=CARTESIAN_POINT('',(-0.00332679491924311,-0.00035,0.0014));
#4800=CARTESIAN_POINT('',(-0.00332679491924311,0.000145482521520984,0.0014));
#4801=CARTESIAN_POINT('',(-0.00403423420011099,-0.000110341923007105,0.0014));
#4802=CARTESIAN_POINT('',(-0.00403423420011099,-0.00196034192300711,0.0014));
#4803=CARTESIAN_POINT('',(-9.23420011098963E-6,-0.00196034192300711,0.0014));
#4804=CARTESIAN_POINT('',(-0.00448423420011099,-0.00196034192300711,0.0014));
#4805=CARTESIAN_POINT('',(-0.00448423420011099,-0.000110341923007105,0.0014));
#4806=CARTESIAN_POINT('',(-0.00448423420011099,0.00173965807699289,0.0014));
#4807=CARTESIAN_POINT('',(-9.23420011098963E-6,0.00173965807699289,0.0014));
#4808=CARTESIAN_POINT('',(-0.00403423420011099,0.00173965807699289,0.0014));
#4809=CARTESIAN_POINT('',(-0.00403423420011099,-0.000110341923007105,0.0014));
#4810=CARTESIAN_POINT('',(-0.00403423420011099,0.000145482521520984,0.0014));
#4811=CARTESIAN_POINT('',(-9.23420011098963E-6,0.000145482521520984,0.0014));
#4812=CARTESIAN_POINT('',(-9.23420011098963E-6,-0.000110341923007105,0.0014));
#4813=CARTESIAN_POINT('',(0.00237320508075689,-0.00035,0.0014));
#4814=CARTESIAN_POINT('',(-0.00237320508075689,0.00035,0.0014));
#4815=CARTESIAN_POINT('',(-0.00237320508075689,0.000145482521520983,0.0014));
#4816=CARTESIAN_POINT('',(-9.23420011098963E-6,0.000145482521520984,0.0014));
#4817=CARTESIAN_POINT('',(-0.00018423420011099,0.000145482521520984,0.0014));
#4818=CARTESIAN_POINT('',(-0.00018423420011099,-0.000110341923007105,0.0014));
#4819=CARTESIAN_POINT('',(-0.000184234200110995,0.00173965807699289,0.0014));
#4820=CARTESIAN_POINT('',(-9.23420011098963E-6,0.00173965807699289,0.0014));
#4821=CARTESIAN_POINT('',(0.000265765799889005,0.00173965807699289,0.0014));
#4822=CARTESIAN_POINT('',(0.00026576579988901,-0.000110341923007105,0.0014));
#4823=CARTESIAN_POINT('',(-9.23420011098963E-6,-0.000110341923007105,0.0014));
#4824=CARTESIAN_POINT('',(0.00332679491924311,0.00035,0.0014));
#4825=CARTESIAN_POINT('',(-9.23420011098963E-6,0.00173965807699289,0.0014));
#4826=CARTESIAN_POINT('',(0.00446576579988901,0.00173965807699289,0.0014));
#4827=CARTESIAN_POINT('',(0.00446576579988901,-0.000110341923007105,0.0014));
#4828=CARTESIAN_POINT('',(0.00446576579988901,-0.00196034192300711,0.0014));
#4829=CARTESIAN_POINT('',(-9.23420011098963E-6,-0.00196034192300711,0.0014));
#4830=CARTESIAN_POINT('',(0.004015765799889,-0.00196034192300711,0.0014));
#4831=CARTESIAN_POINT('',(0.00401576579988901,-0.000110341923007105,0.0014));
#4832=CARTESIAN_POINT('',(-0.00018423420011099,0.000145482521520984,0.0005));
#4833=CARTESIAN_POINT('',(-0.0022,0.000145482521520983,0.0013));
#4834=CARTESIAN_POINT('',(-0.0022,0.000145482521520983,0.0015));
#4835=CARTESIAN_POINT('',(0.,0.000145482521520984,0.0015));
#4836=CARTESIAN_POINT('',(-0.00018423420011099,0.000145482521520984,0.0015));
#4837=CARTESIAN_POINT('',(-0.00018423420011099,0.000145482521520984,0.0005));
#4838=CARTESIAN_POINT('',(-0.00018423420011099,0.000145482521520984,0.0005));
#4839=CARTESIAN_POINT('',(0.,0.000145482521520984,0.0015));
#4840=CARTESIAN_POINT('',(-0.0035,0.000145482521520984,0.0015));
#4841=CARTESIAN_POINT('',(-0.00403423420011099,0.000145482521520984,0.0015));
#4842=CARTESIAN_POINT('',(-0.0035,0.000145482521520984,0.0013));
#4843=CARTESIAN_POINT('',(-0.00403423420011099,0.000145482521520984,0.0005));
#4844=CARTESIAN_POINT('',(0.004465765799889,0.00173965807699289,0.0005));
#4845=CARTESIAN_POINT('',(0.,0.00173965807699289,0.0015));
#4846=CARTESIAN_POINT('',(0.004465765799889,0.00173965807699289,0.0015));
#4847=CARTESIAN_POINT('',(0.004465765799889,0.00173965807699289,0.0005));
#4848=CARTESIAN_POINT('',(0.004465765799889,-0.00196034192300711,0.0005));
#4849=CARTESIAN_POINT('',(0.004465765799889,1.11022302462516E-18,0.0015));
#4850=CARTESIAN_POINT('',(0.004465765799889,-0.00196034192300711,0.0015));
#4851=CARTESIAN_POINT('',(0.004465765799889,-0.00196034192300711,0.0005));
#4852=CARTESIAN_POINT('',(0.004015765799889,-0.00196034192300711,0.0005));
#4853=CARTESIAN_POINT('',(0.,-0.00196034192300711,0.0015));
#4854=CARTESIAN_POINT('',(0.004015765799889,-0.00196034192300711,0.0015));
#4855=CARTESIAN_POINT('',(0.004015765799889,-0.00196034192300711,0.0005));
#4856=CARTESIAN_POINT('',(0.004015765799889,-0.000304517478479016,0.0005));
#4857=CARTESIAN_POINT('',(0.004015765799889,1.11022302462516E-18,0.0015));
#4858=CARTESIAN_POINT('',(-0.00403423420011099,-0.00196034192300711,0.0005));
#4859=CARTESIAN_POINT('',(-0.00403423420011099,1.11022302462516E-18,0.0015));
#4860=CARTESIAN_POINT('',(-0.00403423420011099,-0.00196034192300711,0.0015));
#4861=CARTESIAN_POINT('',(-0.00403423420011099,-0.00196034192300711,0.0005));
#4862=CARTESIAN_POINT('',(-0.00448423420011099,-0.00196034192300711,0.0005));
#4863=CARTESIAN_POINT('',(0.,-0.00196034192300711,0.0015));
#4864=CARTESIAN_POINT('',(-0.00448423420011099,-0.00196034192300711,0.0015));
#4865=CARTESIAN_POINT('',(-0.00448423420011099,-0.00196034192300711,0.0005));
#4866=CARTESIAN_POINT('',(-0.00448423420011099,0.00173965807699289,0.0005));
#4867=CARTESIAN_POINT('',(-0.00448423420011099,1.11022302462516E-18,0.0015));
#4868=CARTESIAN_POINT('',(-0.00448423420011099,0.00173965807699289,0.0015));
#4869=CARTESIAN_POINT('',(-0.00448423420011099,0.00173965807699289,0.0005));
#4870=CARTESIAN_POINT('',(-0.00403423420011099,0.00173965807699289,0.0005));
#4871=CARTESIAN_POINT('',(0.,0.00173965807699289,0.0015));
#4872=CARTESIAN_POINT('',(-0.00403423420011099,0.00173965807699289,0.0015));
#4873=CARTESIAN_POINT('',(-0.00403423420011099,0.00173965807699289,0.0005));
#4874=CARTESIAN_POINT('',(-0.00403423420011099,0.000145482521520984,0.0005));
#4875=CARTESIAN_POINT('',(-0.00403423420011099,1.11022302462516E-18,0.0015));
#4876=CARTESIAN_POINT('',(-0.00018423420011099,0.00173965807699289,0.0005));
#4877=CARTESIAN_POINT('',(-0.00018423420011099,1.11022302462516E-18,0.0015));
#4878=CARTESIAN_POINT('',(-0.000184234200110995,0.00173965807699289,0.0015));
#4879=CARTESIAN_POINT('',(-0.000184234200111,0.00173965807699289,0.0005));
#4880=CARTESIAN_POINT('',(0.000265765799889,0.00173965807699289,0.0005));
#4881=CARTESIAN_POINT('',(0.,0.00173965807699289,0.0015));
#4882=CARTESIAN_POINT('',(0.000265765799889,0.00173965807699289,0.0015));
#4883=CARTESIAN_POINT('',(0.000265765799889,0.00173965807699289,0.0005));
#4884=CARTESIAN_POINT('',(0.000265765799889,0.000145482521520984,0.0005));
#4885=CARTESIAN_POINT('',(0.000265765799889,1.11022302462516E-18,0.0015));
#4886=CARTESIAN_POINT('',(0.0022,-0.00035,0.0013));
#4887=CARTESIAN_POINT('',(0.0022,-0.00035,0.0015));
#4888=CARTESIAN_POINT('',(0.00220256504760895,0.000542647537035066,0.00149997968664413));
#4889=CARTESIAN_POINT('',(0.00220346811566339,0.000541191417859005,0.00149996992817358));
#4890=CARTESIAN_POINT('',(0.00223812747666808,0.000551443318012916,0.00149936882442822));
#4891=CARTESIAN_POINT('',(0.00227258544834438,0.000561695218166828,0.00148955997815892));
#4892=CARTESIAN_POINT('',(0.00230236538724099,0.000571947118320739,0.00147181771589391));
#4893=CARTESIAN_POINT('',(0.00230207896304063,0.000571946158745375,0.00147133640564561));
#4894=CARTESIAN_POINT('',(0.00230237248703182,0.000571949562491054,0.00147181348578886));
#4895=CARTESIAN_POINT('',(0.00233175253173382,0.000580150686902446,0.00145430782707156));
#4896=CARTESIAN_POINT('',(0.00235651299236521,0.000588351811313837,0.00142912520410326));
#4897=CARTESIAN_POINT('',(0.00237351949382356,0.000596552935725229,0.00139945343263667));
#4898=CARTESIAN_POINT('',(0.0023730610993227,0.00059655486309125,0.00139919123460148));
#4899=CARTESIAN_POINT('',(0.00237354789082525,0.000596566633156512,0.00139940387110222));
#4900=CARTESIAN_POINT('',(0.00239024601396215,0.000602587819830931,0.00137025084095344));
#4901=CARTESIAN_POINT('',(0.0024,0.000606350832689628,0.00133585710932578));
#4902=CARTESIAN_POINT('',(0.0024,0.000606350832689628,0.0013));
#4903=CARTESIAN_POINT('',(0.0024,0.000606350707694086,0.00129999987619764));
#4904=CARTESIAN_POINT('',(0.0024,-0.00035,0.0013));
#4905=CARTESIAN_POINT('',(0.00239999996843668,-0.000606391425002603,0.00130000663719828));
#4906=CARTESIAN_POINT('',(0.00239999999988989,-0.00060635083264666,0.00130000663667369));
#4907=CARTESIAN_POINT('',(0.00239999881020935,-0.000606350368396809,0.00133585834769811));
#4908=CARTESIAN_POINT('',(0.00239024664660389,-0.000602588083730073,0.00137024686045647));
#4909=CARTESIAN_POINT('',(0.00237355212002,-0.000596568158131257,0.00139939648704337));
#4910=CARTESIAN_POINT('',(0.00237309486428332,-0.00059656670947,0.00139913430910905));
#4911=CARTESIAN_POINT('',(0.00237354789103483,-0.00059656663319431,0.00139940387073632));
#4912=CARTESIAN_POINT('',(0.00235654040118205,-0.00058836094289173,0.00142909702024733));
#4913=CARTESIAN_POINT('',(0.00233176888835575,-0.000580155252589149,0.00145429808132464));
#4914=CARTESIAN_POINT('',(0.0023023724865971,-0.000571949562286569,0.00147181348604789));
#4915=CARTESIAN_POINT('',(0.00230208429335705,-0.000571947963111854,0.00147133311329881));
#4916=CARTESIAN_POINT('',(0.00230237077140186,-0.000571948971808834,0.00147181450800962));
#4917=CARTESIAN_POINT('',(0.00227257748629021,-0.000561692285673114,0.00148956598671073));
#4918=CARTESIAN_POINT('',(0.00223810150859242,-0.000551435599537395,0.00149937660313287));
#4919=CARTESIAN_POINT('',(0.00220342584084166,-0.000541178913401675,0.00149997065688377));
#4920=CARTESIAN_POINT('',(0.0022025649911699,-0.000542647484304812,0.00149997968646401));
#4921=CARTESIAN_POINT('',(0.0022,-0.00035,0.0015));
#4922=CARTESIAN_POINT('',(0.,1.11022302462516E-18,0.0015));
#4923=CARTESIAN_POINT('',(-0.00642499998509884,0.0032375,0.0015));
#4924=CARTESIAN_POINT('',(-0.00642499998510166,0.00592499998510166,0.0015));
#4925=CARTESIAN_POINT('',(-0.00642499998510166,-0.00592499998510166,0.0015));
#4926=CARTESIAN_POINT('',(0.0034875,0.00592499998509884,0.0015));
#4927=CARTESIAN_POINT('',(0.00642499998510166,0.00592499998510166,0.0015));
#4928=CARTESIAN_POINT('',(0.00642499998509884,-0.0032375,0.0015));
#4929=CARTESIAN_POINT('',(0.00642499998510166,-0.00592499998510166,0.0015));
#4930=CARTESIAN_POINT('',(-0.0034875,-0.00592499998509884,0.0015));
#4931=CARTESIAN_POINT('',(0.00411941136212254,0.00388334194308973,0.0015));
#4932=CARTESIAN_POINT('',(0.00553232348590291,0.00388334194308973,0.0015));
#4933=CARTESIAN_POINT('',(-0.00371534380368365,0.00388334194308973,0.0015));
#4934=CARTESIAN_POINT('',(-0.00226861085906665,0.00388334194308973,0.0015));
#4935=CARTESIAN_POINT('',(-0.00371534380368365,-0.00402831264063164,0.0015));
#4936=CARTESIAN_POINT('',(-0.00233430795206993,-0.00402831264063164,0.0015));
#4937=CARTESIAN_POINT('',(0.00411941136212254,-0.00402831264063164,0.0015));
#4938=CARTESIAN_POINT('',(0.00562296013899869,-0.00402831264063164,0.0015));
#4939=CARTESIAN_POINT('',(0.0035,0.00035,0.0015));
#4940=CARTESIAN_POINT('',(0.00349743501549283,0.000542647491989904,0.00149997967815125));
#4941=CARTESIAN_POINT('',(0.00335,0.0008,0.0015));
#4942=CARTESIAN_POINT('',(0.00365,0.0008,0.0015));
#4943=CARTESIAN_POINT('',(0.00365,0.00075,0.0015));
#4944=CARTESIAN_POINT('',(0.00365,0.00135,0.0015));
#4945=CARTESIAN_POINT('',(0.0033,0.00135,0.0015));
#4946=CARTESIAN_POINT('',(0.0033,0.0017,0.0015));
#4947=CARTESIAN_POINT('',(0.001125,0.0017,0.0015));
#4948=CARTESIAN_POINT('',(0.0024,0.0017,0.0015));
#4949=CARTESIAN_POINT('',(0.0024,0.00135,0.0015));
#4950=CARTESIAN_POINT('',(0.00205,0.00135,0.0015));
#4951=CARTESIAN_POINT('',(0.00205,0.00035,0.0015));
#4952=CARTESIAN_POINT('',(0.00205,0.0008,0.0015));
#4953=CARTESIAN_POINT('',(0.00235,0.0008,0.0015));
#4954=CARTESIAN_POINT('',(-0.0022,0.00035,0.0015));
#4955=CARTESIAN_POINT('',(-0.00220256499117048,0.000542647484305355,0.00149997968646402));
#4956=CARTESIAN_POINT('',(-0.00235,0.0008,0.0015));
#4957=CARTESIAN_POINT('',(-0.00205,0.0008,0.0015));
#4958=CARTESIAN_POINT('',(-0.00205,0.00075,0.0015));
#4959=CARTESIAN_POINT('',(-0.00205,0.00135,0.0015));
#4960=CARTESIAN_POINT('',(-0.0024,0.00135,0.0015));
#4961=CARTESIAN_POINT('',(-0.0024,0.0017,0.0015));
#4962=CARTESIAN_POINT('',(-0.001725,0.0017,0.0015));
#4963=CARTESIAN_POINT('',(-0.0033,0.0017,0.0015));
#4964=CARTESIAN_POINT('',(-0.0033,0.00135,0.0015));
#4965=CARTESIAN_POINT('',(-0.00365,0.00135,0.0015));
#4966=CARTESIAN_POINT('',(-0.00365,0.00035,0.0015));
#4967=CARTESIAN_POINT('',(-0.00365,0.0008,0.0015));
#4968=CARTESIAN_POINT('',(-0.00335,0.0008,0.0015));
#4969=CARTESIAN_POINT('',(-0.00349743496034872,0.000542647543511956,0.00149997967832516));
#4970=CARTESIAN_POINT('',(-0.0035,-0.00035,0.0015));
#4971=CARTESIAN_POINT('',(-0.0035,-0.00035,0.0015));
#4972=CARTESIAN_POINT('',(-0.00349743501549269,-0.000542647491990027,0.00149997967815125));
#4973=CARTESIAN_POINT('',(-0.00335,-0.0008,0.0015));
#4974=CARTESIAN_POINT('',(-0.00365,-0.0008,0.0015));
#4975=CARTESIAN_POINT('',(-0.00365,-0.00075,0.0015));
#4976=CARTESIAN_POINT('',(-0.00365,-0.00135,0.0015));
#4977=CARTESIAN_POINT('',(-0.0033,-0.00135,0.0015));
#4978=CARTESIAN_POINT('',(-0.0033,-0.0017,0.0015));
#4979=CARTESIAN_POINT('',(-0.001125,-0.0017,0.0015));
#4980=CARTESIAN_POINT('',(-0.0024,-0.0017,0.0015));
#4981=CARTESIAN_POINT('',(-0.0024,-0.00135,0.0015));
#4982=CARTESIAN_POINT('',(-0.00205,-0.00135,0.0015));
#4983=CARTESIAN_POINT('',(-0.00205,-0.00035,0.0015));
#4984=CARTESIAN_POINT('',(-0.00205,-0.000793649167310371,0.0015));
#4985=CARTESIAN_POINT('',(-0.00235,-0.000793649167310371,0.0015));
#4986=CARTESIAN_POINT('',(-0.00220256504766175,-0.00053629670429676,0.00149997968670274));
#4987=CARTESIAN_POINT('',(-0.0022,0.00035,0.0015));
#4988=CARTESIAN_POINT('',(0.00235,-0.0008,0.0015));
#4989=CARTESIAN_POINT('',(0.00205,-0.0008,0.0015));
#4990=CARTESIAN_POINT('',(0.00205,-0.00075,0.0015));
#4991=CARTESIAN_POINT('',(0.00205,-0.00135,0.0015));
#4992=CARTESIAN_POINT('',(0.0024,-0.00135,0.0015));
#4993=CARTESIAN_POINT('',(0.0024,-0.0017,0.0015));
#4994=CARTESIAN_POINT('',(0.001725,-0.0017,0.0015));
#4995=CARTESIAN_POINT('',(0.0033,-0.0017,0.0015));
#4996=CARTESIAN_POINT('',(0.0033,-0.00135,0.0015));
#4997=CARTESIAN_POINT('',(0.00365,-0.00135,0.0015));
#4998=CARTESIAN_POINT('',(0.00365,-0.00035,0.0015));
#4999=CARTESIAN_POINT('',(0.00365,-0.000793649167310371,0.0015));
#5000=CARTESIAN_POINT('',(0.00335,-0.000793649167310371,0.0015));
#5001=CARTESIAN_POINT('',(0.00349743496030876,-0.000536296710797667,0.00149997967836227));
#5002=CARTESIAN_POINT('',(0.0035,0.00035,0.0015));
#5003=CARTESIAN_POINT('',(0.00411941136212254,-0.00402831264063164,1.E-5));
#5004=CARTESIAN_POINT('',(0.00411941136212254,-0.00402831264063164,0.00151));
#5005=CARTESIAN_POINT('',(0.00562296013899869,-0.00402831264063164,0.00151));
#5006=CARTESIAN_POINT('',(0.00023044169534902,-0.000100893264900532,0.00151));
#5007=CARTESIAN_POINT('',(-0.00371534380368365,-0.00402831264063164,1.E-5));
#5008=CARTESIAN_POINT('',(-0.00371534380368365,-0.00402831264063164,0.00151));
#5009=CARTESIAN_POINT('',(-0.00233430795206993,-0.00402831264063164,0.00151));
#5010=CARTESIAN_POINT('',(0.00023044169534902,-0.000100893264900532,0.00151));
#5011=CARTESIAN_POINT('',(-0.00371534380368365,0.00388334194308973,1.E-5));
#5012=CARTESIAN_POINT('',(-0.00371534380368365,0.00388334194308973,0.00151));
#5013=CARTESIAN_POINT('',(-0.00226861085906665,0.00388334194308973,0.00151));
#5014=CARTESIAN_POINT('',(0.00023044169534902,-0.000100893264900532,0.00151));
#5015=CARTESIAN_POINT('',(0.00411941136212254,0.00388334194308973,1.E-5));
#5016=CARTESIAN_POINT('',(0.00411941136212254,0.00388334194308973,0.00151));
#5017=CARTESIAN_POINT('',(0.00553232348590291,0.00388334194308973,0.00151));
#5018=CARTESIAN_POINT('',(0.00023044169534902,-0.000100893264900532,0.00151));
#5019=CARTESIAN_POINT('',(-0.00642499998509884,0.00592499998509884,0.0015));
#5020=CARTESIAN_POINT('',(-0.00654841969983188,0.006216719302934,0.0015));
#5021=CARTESIAN_POINT('',(-0.00675342098113001,0.00670126777288447,0.00132987019536069));
#5022=CARTESIAN_POINT('',(-0.0069374082534314,0.00713614676837077,0.000782848216369287));
#5023=CARTESIAN_POINT('',(-0.00697500254379102,0.00722500599772558,0.000394453265505732));
#5024=CARTESIAN_POINT('',(-0.00697499999972914,0.00722499998448856,0.000199960521701715));
#5025=CARTESIAN_POINT('',(-0.00642499998509884,0.00592499998509884,0.0015));
#5026=CARTESIAN_POINT('',(-0.00658047676708933,0.00618466223567653,0.0015));
#5027=CARTESIAN_POINT('',(-0.00683861212885254,0.00661741221876936,0.00137445985422903));
#5028=CARTESIAN_POINT('',(-0.00712249244197167,0.00709884338520728,0.000875619787599403));
#5029=CARTESIAN_POINT('',(-0.00719940467496679,0.00722500852193102,0.000428523400663574));
#5030=CARTESIAN_POINT('',(-0.00719939947026142,0.0072249999842364,0.000199953604777655));
#5031=CARTESIAN_POINT('',(-0.00642499998509884,0.00592499998509884,0.0015));
#5032=CARTESIAN_POINT('',(-0.00663657663478894,0.00612856236797692,0.0015));
#5033=CARTESIAN_POINT('',(-0.00698896235822033,0.00646724045815674,0.00140753585682256));
#5034=CARTESIAN_POINT('',(-0.00744496630265899,0.00690063696245896,0.000954678890552331));
#5035=CARTESIAN_POINT('',(-0.00758806834538495,0.00703679460529786,0.0004577940306938));
#5036=CARTESIAN_POINT('',(-0.00758805866161541,0.00703678539145882,0.000199947662254281));
#5037=CARTESIAN_POINT('',(-0.00642499998509884,0.00592499998509884,0.0015));
#5038=CARTESIAN_POINT('',(-0.00669267650248855,0.00607246250027731,0.0015));
#5039=CARTESIAN_POINT('',(-0.00713871797715696,0.0063176216313374,0.00136349972515606));
#5040=CARTESIAN_POINT('',(-0.00760820047315437,0.00657625289323202,0.0008520829958947));
#5041=CARTESIAN_POINT('',(-0.00772500788875995,0.0066433041400577,0.000419667536064474));
#5042=CARTESIAN_POINT('',(-0.0077249999842942,0.00664329960264497,0.000199955402692675));
#5043=CARTESIAN_POINT('',(-0.00642499998509884,0.00592499998509884,0.0015));
#5044=CARTESIAN_POINT('',(-0.00671671930293069,0.00604841969983517,0.0015));
#5045=CARTESIAN_POINT('',(-0.00720126777287585,0.00625342098113881,0.00132987019536528));
#5046=CARTESIAN_POINT('',(-0.00763614676836693,0.00643740825345044,0.000782848216378817));
#5047=CARTESIAN_POINT('',(-0.00772500599772558,0.00647500254381412,0.000394453265509215));
#5048=CARTESIAN_POINT('',(-0.00772499998448856,0.00647499999975224,0.000199960521701711));
#5049=CARTESIAN_POINT('',(-0.006975,0.00722499998509884,0.0002));
#5050=CARTESIAN_POINT('',(-0.00717134953694825,0.00722499998509884,0.0002));
#5051=CARTESIAN_POINT('',(-0.00756248538968285,0.00706248538968285,0.0002));
#5052=CARTESIAN_POINT('',(-0.00772499998509884,0.00667134953694825,0.0002));
#5053=CARTESIAN_POINT('',(-0.00772499998509884,0.006475,0.0002));
#5054=CARTESIAN_POINT('',(-0.00772499998446057,0.00647502017012917,0.000199990130118216));
#5055=CARTESIAN_POINT('',(-0.00697499999999828,0.00722499998509884,0.000199999999997545));
#5056=CARTESIAN_POINT('',(-0.00642499998509884,0.00592499998509884,0.0015));
#5057=CARTESIAN_POINT('',(-0.00656898965228949,0.00626533918923774,0.0015));
#5058=CARTESIAN_POINT('',(-0.00685582262443154,0.00694330801411441,0.00121830802901558));
#5059=CARTESIAN_POINT('',(-0.006975,0.00722499998509884,0.000540339204138894));
#5060=CARTESIAN_POINT('',(-0.006975,0.00722499998509884,0.000200000000000001));
#5061=CARTESIAN_POINT('',(-0.00772499998509884,0.006475,0.0002));
#5062=CARTESIAN_POINT('',(-0.00772499998509884,0.006475,0.000540339204138897));
#5063=CARTESIAN_POINT('',(-0.00744330801411442,0.00635582262443156,0.00121830802901557));
#5064=CARTESIAN_POINT('',(-0.00676533918923774,0.0060689896522895,0.0015));
#5065=CARTESIAN_POINT('',(-0.00642499998509884,0.00592499998509884,0.0015));
#5066=CARTESIAN_POINT('',(0.00642499998509883,0.00592499998509884,0.0015));
#5067=CARTESIAN_POINT('',(0.00671671930293398,0.00604841969983188,0.0015));
#5068=CARTESIAN_POINT('',(0.00720126777288447,0.00625342098113003,0.00132987019536069));
#5069=CARTESIAN_POINT('',(0.00763614676837079,0.00643740825343141,0.00078284821636927));
#5070=CARTESIAN_POINT('',(0.00772500599772559,0.00647500254379104,0.000394453265505672));
#5071=CARTESIAN_POINT('',(0.00772499998448856,0.00647499999972915,0.000199960521701626));
#5072=CARTESIAN_POINT('',(0.00642499998509883,0.00592499998509884,0.0015));
#5073=CARTESIAN_POINT('',(0.00668466223567653,0.00608047676708933,0.0015));
#5074=CARTESIAN_POINT('',(0.00711741221876935,0.00633861212885256,0.00137445985422903));
#5075=CARTESIAN_POINT('',(0.00759884338520729,0.00662249244197168,0.000875619787599384));
#5076=CARTESIAN_POINT('',(0.00772500852193103,0.0066994046749668,0.000428523400663506));
#5077=CARTESIAN_POINT('',(0.00772499998423639,0.00669939947026143,0.00019995360477755));
#5078=CARTESIAN_POINT('',(0.00642499998509883,0.00592499998509884,0.0015));
#5079=CARTESIAN_POINT('',(0.00662856236797692,0.00613657663478894,0.0015));
#5080=CARTESIAN_POINT('',(0.00696724045815673,0.00648896235822034,0.00140753585682257));
#5081=CARTESIAN_POINT('',(0.00740063696245898,0.00694496630265903,0.000954678890552312));
#5082=CARTESIAN_POINT('',(0.00753679460529788,0.00708806834538498,0.000457794030693723));
#5083=CARTESIAN_POINT('',(0.00753678539145881,0.00708805866161543,0.000199947662254163));
#5084=CARTESIAN_POINT('',(0.00642499998509883,0.00592499998509884,0.0015));
#5085=CARTESIAN_POINT('',(0.00657246250027731,0.00619267650248855,0.0015));
#5086=CARTESIAN_POINT('',(0.0068176216313374,0.00663871797715696,0.00136349972515606));
#5087=CARTESIAN_POINT('',(0.00707625289323203,0.00710820047315442,0.000852082995894677));
#5088=CARTESIAN_POINT('',(0.0071433041400577,0.00722500788875997,0.00041966753606441));
#5089=CARTESIAN_POINT('',(0.00714329960264497,0.00722499998429419,0.000199955402692577));
#5090=CARTESIAN_POINT('',(0.00642499998509883,0.00592499998509884,0.0015));
#5091=CARTESIAN_POINT('',(0.00654841969983516,0.00621671930293069,0.0015));
#5092=CARTESIAN_POINT('',(0.0067534209811388,0.00670126777287587,0.00132987019536528));
#5093=CARTESIAN_POINT('',(0.00693740825345044,0.00713614676836696,0.000782848216378792));
#5094=CARTESIAN_POINT('',(0.00697500254381412,0.00722500599772558,0.000394453265509157));
#5095=CARTESIAN_POINT('',(0.00697499999975224,0.00722499998448856,0.000199960521701625));
#5096=CARTESIAN_POINT('',(0.00772499998509884,0.006475,0.0002));
#5097=CARTESIAN_POINT('',(0.00772499998509884,0.00667134953694825,0.0002));
#5098=CARTESIAN_POINT('',(0.00756248538968285,0.00706248538968285,0.0002));
#5099=CARTESIAN_POINT('',(0.00717134953694825,0.00722499998509884,0.0002));
#5100=CARTESIAN_POINT('',(0.006975,0.00722499998509884,0.0002));
#5101=CARTESIAN_POINT('',(0.00697502017012921,0.00722499998446058,0.000199990130118195));
#5102=CARTESIAN_POINT('',(0.00772499998509884,0.00647499999999828,0.000199999999997544));
#5103=CARTESIAN_POINT('',(0.00642499998509884,0.00592499998509884,0.0015));
#5104=CARTESIAN_POINT('',(0.00676533918923773,0.00606898965228948,0.0015));
#5105=CARTESIAN_POINT('',(0.00744330801411442,0.00635582262443158,0.00121830802901558));
#5106=CARTESIAN_POINT('',(0.00772499998509884,0.006475,0.000540339204138894));
#5107=CARTESIAN_POINT('',(0.00772499998509884,0.006475,0.000200000000000001));
#5108=CARTESIAN_POINT('',(0.006975,0.00722499998509884,0.000200000000000001));
#5109=CARTESIAN_POINT('',(0.006975,0.00722499998509884,0.000540339204138894));
#5110=CARTESIAN_POINT('',(0.00685582262443156,0.00694330801411441,0.00121830802901558));
#5111=CARTESIAN_POINT('',(0.0065689896522895,0.00626533918923773,0.0015));
#5112=CARTESIAN_POINT('',(0.00642499998509884,0.00592499998509884,0.0015));
#5113=CARTESIAN_POINT('',(0.00642499998509884,-0.00592499998509884,0.0015));
#5114=CARTESIAN_POINT('',(0.00654841969983188,-0.00621671930293399,0.0015));
#5115=CARTESIAN_POINT('',(0.00675342098113003,-0.00670126777288446,0.00132987019536069));
#5116=CARTESIAN_POINT('',(0.00693740825343141,-0.00713614676837078,0.000782848216369287));
#5117=CARTESIAN_POINT('',(0.00697500254379104,-0.00722500599772558,0.000394453265505716));
#5118=CARTESIAN_POINT('',(0.00697499999972915,-0.00722499998448856,0.00019996052170169));
#5119=CARTESIAN_POINT('',(0.00642499998509884,-0.00592499998509884,0.0015));
#5120=CARTESIAN_POINT('',(0.00658047676708933,-0.00618466223567653,0.0015));
#5121=CARTESIAN_POINT('',(0.00683861212885255,-0.00661741221876937,0.00137445985422903));
#5122=CARTESIAN_POINT('',(0.00712249244197169,-0.00709884338520728,0.000875619787599398));
#5123=CARTESIAN_POINT('',(0.0071994046749668,-0.00722500852193102,0.000428523400663555));
#5124=CARTESIAN_POINT('',(0.00719939947026143,-0.00722499998423639,0.000199953604777625));
#5125=CARTESIAN_POINT('',(0.00642499998509884,-0.00592499998509884,0.0015));
#5126=CARTESIAN_POINT('',(0.00663657663478893,-0.00612856236797692,0.0015));
#5127=CARTESIAN_POINT('',(0.00698896235822033,-0.00646724045815674,0.00140753585682256));
#5128=CARTESIAN_POINT('',(0.00744496630265901,-0.00690063696245896,0.000954678890552325));
#5129=CARTESIAN_POINT('',(0.00758806834538497,-0.00703679460529787,0.000457794030693778));
#5130=CARTESIAN_POINT('',(0.00758805866161542,-0.00703678539145882,0.000199947662254248));
#5131=CARTESIAN_POINT('',(0.00642499998509884,-0.00592499998509884,0.0015));
#5132=CARTESIAN_POINT('',(0.00669267650248855,-0.00607246250027731,0.0015));
#5133=CARTESIAN_POINT('',(0.00713871797715696,-0.0063176216313374,0.00136349972515606));
#5134=CARTESIAN_POINT('',(0.00760820047315438,-0.00657625289323202,0.000852082995894694));
#5135=CARTESIAN_POINT('',(0.00772500788875996,-0.0066433041400577,0.000419667536064457));
#5136=CARTESIAN_POINT('',(0.0077249999842942,-0.00664329960264497,0.000199955402692648));
#5137=CARTESIAN_POINT('',(0.00642499998509884,-0.00592499998509884,0.0015));
#5138=CARTESIAN_POINT('',(0.0067167193029307,-0.00604841969983517,0.0015));
#5139=CARTESIAN_POINT('',(0.00720126777287585,-0.0062534209811388,0.00132987019536528));
#5140=CARTESIAN_POINT('',(0.00763614676836695,-0.00643740825345046,0.000782848216378811));
#5141=CARTESIAN_POINT('',(0.00772500599772557,-0.00647500254381412,0.0003944532655092));
#5142=CARTESIAN_POINT('',(0.00772499998448855,-0.00647499999975224,0.000199960521701688));
#5143=CARTESIAN_POINT('',(0.006975,-0.00722499998509884,0.0002));
#5144=CARTESIAN_POINT('',(0.00717134953694825,-0.00722499998509884,0.0002));
#5145=CARTESIAN_POINT('',(0.00756248538968285,-0.00706248538968285,0.0002));
#5146=CARTESIAN_POINT('',(0.00772499998509884,-0.00667134953694825,0.0002));
#5147=CARTESIAN_POINT('',(0.00772499998509884,-0.006475,0.0002));
#5148=CARTESIAN_POINT('',(0.00772499998446057,-0.00647502017012917,0.000199990130118211));
#5149=CARTESIAN_POINT('',(0.00697499999999829,-0.00722499998509884,0.000199999999997544));
#5150=CARTESIAN_POINT('',(0.00642499998509884,-0.00592499998509884,0.0015));
#5151=CARTESIAN_POINT('',(0.00656898965228949,-0.00626533918923775,0.0015));
#5152=CARTESIAN_POINT('',(0.00685582262443154,-0.00694330801411442,0.00121830802901556));
#5153=CARTESIAN_POINT('',(0.006975,-0.00722499998509884,0.000540339204138903));
#5154=CARTESIAN_POINT('',(0.006975,-0.00722499998509884,0.000199999999999992));
#5155=CARTESIAN_POINT('',(0.00772499998509884,-0.006475,0.000200000000000001));
#5156=CARTESIAN_POINT('',(0.00772499998509884,-0.006475,0.000540339204138894));
#5157=CARTESIAN_POINT('',(0.00744330801411442,-0.00635582262443156,0.00121830802901558));
#5158=CARTESIAN_POINT('',(0.00676533918923773,-0.0060689896522895,0.0015));
#5159=CARTESIAN_POINT('',(0.00642499998509884,-0.00592499998509884,0.0015));
#5160=CARTESIAN_POINT('',(-0.00642499998509884,-0.00592499998509884,0.0015));
#5161=CARTESIAN_POINT('',(-0.00671671930293398,-0.00604841969983188,0.0015));
#5162=CARTESIAN_POINT('',(-0.00720126777288446,-0.00625342098113004,0.00132987019536069));
#5163=CARTESIAN_POINT('',(-0.00763614676837078,-0.00643740825343142,0.000782848216369291));
#5164=CARTESIAN_POINT('',(-0.00772500599772558,-0.00647500254379105,0.000394453265505713));
#5165=CARTESIAN_POINT('',(-0.00772499998448856,-0.00647499999972916,0.000199960521701683));
#5166=CARTESIAN_POINT('',(-0.00642499998509884,-0.00592499998509884,0.0015));
#5167=CARTESIAN_POINT('',(-0.00668466223567653,-0.00608047676708934,0.0015));
#5168=CARTESIAN_POINT('',(-0.00711741221876937,-0.00633861212885255,0.00137445985422903));
#5169=CARTESIAN_POINT('',(-0.00759884338520728,-0.00662249244197169,0.000875619787599399));
#5170=CARTESIAN_POINT('',(-0.00772500852193101,-0.00669940467496681,0.000428523400663551));
#5171=CARTESIAN_POINT('',(-0.00772499998423639,-0.00669939947026144,0.000199953604777618));
#5172=CARTESIAN_POINT('',(-0.00642499998509884,-0.00592499998509884,0.0015));
#5173=CARTESIAN_POINT('',(-0.00662856236797692,-0.00613657663478893,0.0015));
#5174=CARTESIAN_POINT('',(-0.00696724045815674,-0.00648896235822034,0.00140753585682256));
#5175=CARTESIAN_POINT('',(-0.00740063696245896,-0.00694496630265901,0.000954678890552323));
#5176=CARTESIAN_POINT('',(-0.00753679460529787,-0.00708806834538496,0.000457794030693771));
#5177=CARTESIAN_POINT('',(-0.00753678539145881,-0.00708805866161541,0.00019994766225424));
#5178=CARTESIAN_POINT('',(-0.00642499998509884,-0.00592499998509884,0.0015));
#5179=CARTESIAN_POINT('',(-0.00657246250027731,-0.00619267650248854,0.0015));
#5180=CARTESIAN_POINT('',(-0.0068176216313374,-0.00663871797715695,0.00136349972515606));
#5181=CARTESIAN_POINT('',(-0.00707625289323202,-0.00710820047315438,0.000852082995894694));
#5182=CARTESIAN_POINT('',(-0.00714330414005771,-0.00722500788875996,0.000419667536064453));
#5183=CARTESIAN_POINT('',(-0.00714329960264497,-0.00722499998429418,0.000199955402692642));
#5184=CARTESIAN_POINT('',(-0.00642499998509884,-0.00592499998509884,0.0015));
#5185=CARTESIAN_POINT('',(-0.00654841969983518,-0.00621671930293069,0.0015));
#5186=CARTESIAN_POINT('',(-0.00675342098113882,-0.00670126777287586,0.00132987019536529));
#5187=CARTESIAN_POINT('',(-0.00693740825345046,-0.00713614676836695,0.000782848216378811));
#5188=CARTESIAN_POINT('',(-0.00697500254381413,-0.00722500599772558,0.000394453265509197));
#5189=CARTESIAN_POINT('',(-0.00697499999975224,-0.00722499998448855,0.000199960521701683));
#5190=CARTESIAN_POINT('',(-0.00772499998509884,-0.006475,0.0002));
#5191=CARTESIAN_POINT('',(-0.00772499998509884,-0.00667134953694825,0.0002));
#5192=CARTESIAN_POINT('',(-0.00756248538968285,-0.00706248538968285,0.0002));
#5193=CARTESIAN_POINT('',(-0.00717134953694825,-0.00722499998509884,0.0002));
#5194=CARTESIAN_POINT('',(-0.006975,-0.00722499998509884,0.0002));
#5195=CARTESIAN_POINT('',(-0.00697502017012916,-0.00722499998446057,0.000199990130118209));
#5196=CARTESIAN_POINT('',(-0.00772499998509884,-0.00647499999999829,0.000199999999997543));
#5197=CARTESIAN_POINT('',(-0.00642499998509884,-0.00592499998509884,0.0015));
#5198=CARTESIAN_POINT('',(-0.00676533918923774,-0.00606898965228948,0.0015));
#5199=CARTESIAN_POINT('',(-0.00744330801411442,-0.00635582262443158,0.00121830802901557));
#5200=CARTESIAN_POINT('',(-0.00772499998509884,-0.006475,0.000540339204138897));
#5201=CARTESIAN_POINT('',(-0.00772499998509884,-0.006475,0.0002));
#5202=CARTESIAN_POINT('',(-0.006975,-0.00722499998509884,0.000199999999999992));
#5203=CARTESIAN_POINT('',(-0.006975,-0.00722499998509884,0.000540339204138903));
#5204=CARTESIAN_POINT('',(-0.00685582262443157,-0.00694330801411444,0.00121830802901556));
#5205=CARTESIAN_POINT('',(-0.00656898965228948,-0.0062653391892377,0.0015));
#5206=CARTESIAN_POINT('',(-0.00642499998509884,-0.00592499998509884,0.0015));
#5207=CARTESIAN_POINT('',(-0.00642499998509884,0.0032375,0.0002));
#5208=CARTESIAN_POINT('',(-0.00772499998509884,0.0032375,0.0002));
#5209=CARTESIAN_POINT('',(-0.0034875,-0.00592499998509884,0.0002));
#5210=CARTESIAN_POINT('',(-0.0034875,-0.00722499998509884,0.0002));
#5211=CARTESIAN_POINT('',(0.00642499998509884,-0.0032375,0.0002));
#5212=CARTESIAN_POINT('',(0.00772499998509884,-0.0032375,0.0002));
#5213=CARTESIAN_POINT('',(0.0034875,0.00592499998509884,0.0002));
#5214=CARTESIAN_POINT('',(0.0034875,0.00722499998509884,0.0002));
#5215=CARTESIAN_POINT('',(0.006975,0.00722499998509884,0.));
#5216=CARTESIAN_POINT('',(-0.006975,0.00722499998509884,0.));
#5217=CARTESIAN_POINT('',(-0.006975,0.00722499998509884,0.));
#5218=CARTESIAN_POINT('',(0.,0.00722499998509884,0.));
#5219=CARTESIAN_POINT('',(0.006975,0.00722499998509884,0.));
#5220=CARTESIAN_POINT('',(0.006975,0.00722499998509884,0.));
#5221=CARTESIAN_POINT('',(-0.006975,0.006475,0.));
#5222=CARTESIAN_POINT('',(-0.00772499998509884,0.006475,0.));
#5223=CARTESIAN_POINT('',(-0.00772499998509884,0.006475,0.));
#5224=CARTESIAN_POINT('',(-0.006975,0.006475,0.));
#5225=CARTESIAN_POINT('',(-0.00772499998509884,0.006475,0.));
#5226=CARTESIAN_POINT('',(-0.00772499998509884,-0.006475,0.));
#5227=CARTESIAN_POINT('',(-0.00772499998509884,-0.006475,0.));
#5228=CARTESIAN_POINT('',(-0.00772499998509884,1.11022302462516E-18,0.));
#5229=CARTESIAN_POINT('',(-0.006975,-0.006475,0.));
#5230=CARTESIAN_POINT('',(-0.006975,-0.00722499998509884,0.));
#5231=CARTESIAN_POINT('',(-0.006975,-0.00722499998509884,0.));
#5232=CARTESIAN_POINT('',(-0.006975,-0.006475,0.));
#5233=CARTESIAN_POINT('',(-0.00220761166205152,-0.000530601277189163,0.00128707910918283));
#5234=CARTESIAN_POINT('',(-0.0024,-0.0006,0.0013));
#5235=CARTESIAN_POINT('',(-0.0024,-0.000643937202388427,0.0013));
#5236=CARTESIAN_POINT('',(-0.00236754201328233,-0.000685840283058079,0.0013));
#5237=CARTESIAN_POINT('',(-0.002325,-0.000696824583655186,0.0013));
#5238=CARTESIAN_POINT('',(-0.00232499999999583,-0.000696824583656263,0.00129999987626232));
#5239=CARTESIAN_POINT('',(-0.0024,-0.000599999875004457,0.00129999987619763));
#5240=CARTESIAN_POINT('',(-0.00237354788975821,-0.00059021579957717,0.00139940387296515));
#5241=CARTESIAN_POINT('',(-0.00239024601361552,-0.00059623698672574,0.00137025084228422));
#5242=CARTESIAN_POINT('',(-0.0024,-0.0006,0.00133585710982848));
#5243=CARTESIAN_POINT('',(-0.0024,-0.0006,0.0013));
#5244=CARTESIAN_POINT('',(-0.00237306109909527,-0.000590204029698163,0.00139919123576215));
#5245=CARTESIAN_POINT('',(-0.00230237247828741,-0.000565598725969833,0.00147181349099909));
#5246=CARTESIAN_POINT('',(-0.00233175252646975,-0.000573799851442435,0.00145430783223422));
#5247=CARTESIAN_POINT('',(-0.00235651299013267,-0.000582000976915037,0.00142912520760765));
#5248=CARTESIAN_POINT('',(-0.00237351949325848,-0.000590202102387639,0.00139945343362258));
#5249=CARTESIAN_POINT('',(-0.00230207895540839,-0.000565595322235177,0.00147133641265176));
#5250=CARTESIAN_POINT('',(-0.00220346811592258,-0.000534840585230145,0.00149996992816908));
#5251=CARTESIAN_POINT('',(-0.002238127473451,-0.000545092484087623,0.00149936882443908));
#5252=CARTESIAN_POINT('',(-0.00227258544169258,-0.000555344382945102,0.00148955998007035));
#5253=CARTESIAN_POINT('',(-0.00230236537850508,-0.00056559628180258,0.00147181772109859));
#5254=CARTESIAN_POINT('',(-0.00220258737034528,-0.000536271501083193,0.00149903053160687));
#5255=CARTESIAN_POINT('',(-0.00228798979456455,-0.000616222587919253,0.00149891610033315));
#5256=CARTESIAN_POINT('',(-0.00232589880544068,-0.00069809734273728,0.00140458176678736));
#5257=CARTESIAN_POINT('',(-0.00232971039446154,-0.0007034945591897,0.00130051834266839));
#5258=CARTESIAN_POINT('',(-0.00220761563267495,0.000536946129984427,0.00128707771627881));
#5259=CARTESIAN_POINT('',(-0.002325,0.000703175416344814,0.0013));
#5260=CARTESIAN_POINT('',(-0.00236752891216624,0.000692194498441337,0.0013));
#5261=CARTESIAN_POINT('',(-0.00239998216212291,0.000650315093007247,0.0013));
#5262=CARTESIAN_POINT('',(-0.00239999999176132,0.00060639142501207,0.0013));
#5263=CARTESIAN_POINT('',(-0.00239999996843668,0.000606391425002602,0.00130000663719828));
#5264=CARTESIAN_POINT('',(-0.00232499999999187,0.000703175416346914,0.00129999987625));
#5265=CARTESIAN_POINT('',(-0.00232970958175993,0.00070984470658206,0.00130051832662194));
#5266=CARTESIAN_POINT('',(-0.00232589777140026,0.000704446799952204,0.00140458274908317));
#5267=CARTESIAN_POINT('',(-0.00228798823009951,0.000622571966125233,0.00149891549617287));
#5268=CARTESIAN_POINT('',(-0.00220258733140322,0.000542622255115283,0.00149903053647441));
#5269=CARTESIAN_POINT('',(-0.00230237077140232,0.000571948971808996,0.00147181450800935));
#5270=CARTESIAN_POINT('',(-0.00227257748629057,0.000561692285673222,0.00148956598671063));
#5271=CARTESIAN_POINT('',(-0.0022381015085926,0.000551435599537449,0.00149937660313287));
#5272=CARTESIAN_POINT('',(-0.00220342584084166,0.000541178913401675,0.00149997065688377));
#5273=CARTESIAN_POINT('',(-0.0023020842933575,0.000571947963112014,0.00147133311329853));
#5274=CARTESIAN_POINT('',(-0.00237354789103485,0.000596566633194319,0.00139940387073628));
#5275=CARTESIAN_POINT('',(-0.00235654040118208,0.000588360942891744,0.00142909702024728));
#5276=CARTESIAN_POINT('',(-0.0023317688883558,0.000580155252589169,0.0014542980813246));
#5277=CARTESIAN_POINT('',(-0.00230237248659716,0.000571949562286594,0.00147181348604785));
#5278=CARTESIAN_POINT('',(-0.00237309486429355,0.000596566709473677,0.00139913430909176));
#5279=CARTESIAN_POINT('',(-0.00239999999988989,0.000606350832646658,0.00130000663667369));
#5280=CARTESIAN_POINT('',(-0.00239999881020935,0.000606350368396807,0.00133585834769095));
#5281=CARTESIAN_POINT('',(-0.00239024664660783,0.000602588083731572,0.00137024686044278));
#5282=CARTESIAN_POINT('',(-0.00237355212003002,0.00059656815813487,0.00139939648702588));
#5283=CARTESIAN_POINT('',(-0.00349238885035735,0.000536951578019124,0.00128707776154822));
#5284=CARTESIAN_POINT('',(-0.0033,0.000606350832689629,0.0013));
#5285=CARTESIAN_POINT('',(-0.0033,0.000650288035078056,0.0013));
#5286=CARTESIAN_POINT('',(-0.00333245798671767,0.000692191115747708,0.0013));
#5287=CARTESIAN_POINT('',(-0.003375,0.000703175416344814,0.0013));
#5288=CARTESIAN_POINT('',(-0.00337500000000418,0.000703175416345893,0.00129999987626233));
#5289=CARTESIAN_POINT('',(-0.0033,0.000606350707694086,0.00129999987619763));
#5290=CARTESIAN_POINT('',(-0.00332645195776197,0.000596566759399813,0.00139940360675221));
#5291=CARTESIAN_POINT('',(-0.00330975393685166,0.00060258787879604,0.00137025065211689));
#5292=CARTESIAN_POINT('',(-0.0033,0.000606350832689628,0.00133585703799224));
#5293=CARTESIAN_POINT('',(-0.0033,0.000606350832689628,0.0013));
#5294=CARTESIAN_POINT('',(-0.00332693888172189,0.000596554958206532,0.00139919109237782));
#5295=CARTESIAN_POINT('',(-0.00339762627223482,0.000571950106148763,0.00147181274651044));
#5296=CARTESIAN_POINT('',(-0.0033682467287477,0.000580151077922443,0.00145430709894993));
#5297=CARTESIAN_POINT('',(-0.0033434867032526,0.000588352049696123,0.00142912471960583));
#5298=CARTESIAN_POINT('',(-0.00332648043883618,0.000596553021469803,0.00139945331514592));
#5299=CARTESIAN_POINT('',(-0.0033979199548971,0.000571946700547927,0.00147133541208117));
#5300=CARTESIAN_POINT('',(-0.00349653192106289,0.000541191409254656,0.00149996992881052));
#5301=CARTESIAN_POINT('',(-0.00346187206716865,0.000551443493250921,0.0014993688228844));
#5302=CARTESIAN_POINT('',(-0.00342741360849591,0.000561695577247187,0.00148955970713398));
#5303=CARTESIAN_POINT('',(-0.00339763337410374,0.000571947661243452,0.00147181697792306));
#5304=CARTESIAN_POINT('',(-0.00349741263239643,0.000542622329420161,0.0014990302081987));
#5305=CARTESIAN_POINT('',(-0.00341201048903137,0.000622574875462183,0.00149891532743684));
#5306=CARTESIAN_POINT('',(-0.00337410139956953,0.000704447883646492,0.00140458024265105));
#5307=CARTESIAN_POINT('',(-0.00337028948194086,0.000709845559121636,0.00130051840808658));
#5308=CARTESIAN_POINT('',(-0.00349238487900668,-0.000536945606133998,0.00128707637905553));
#5309=CARTESIAN_POINT('',(-0.003375,-0.000703175416344815,0.0013));
#5310=CARTESIAN_POINT('',(-0.00333247109047578,-0.000692194499123504,0.0013));
#5311=CARTESIAN_POINT('',(-0.0033000178414749,-0.000650315098463119,0.0013));
#5312=CARTESIAN_POINT('',(-0.00330000000824201,-0.000606391433198068,0.0013));
#5313=CARTESIAN_POINT('',(-0.00330000003156898,-0.000606391433188597,0.00130000661434963));
#5314=CARTESIAN_POINT('',(-0.00337500000000811,-0.000703175416346908,0.00129999987625));
#5315=CARTESIAN_POINT('',(-0.00337029029492269,-0.000709844873158784,0.00130051839158919));
#5316=CARTESIAN_POINT('',(-0.00337410243140854,-0.000704446511216904,0.00140458123471592));
#5317=CARTESIAN_POINT('',(-0.00341201204991912,-0.000622573412424496,0.00149891472813998));
#5318=CARTESIAN_POINT('',(-0.00349741267004181,-0.000542622252004215,0.0014990302153272));
#5319=CARTESIAN_POINT('',(-0.00339762799198903,-0.000571949514041936,0.00147181377120534));
#5320=CARTESIAN_POINT('',(-0.0034274215469772,-0.000561692652912182,0.00148956570126617));
#5321=CARTESIAN_POINT('',(-0.0034618979779102,-0.000551435791782429,0.00149937658551692));
#5322=CARTESIAN_POINT('',(-0.00349657410831663,-0.000541178930652676,0.00149997065601276));
#5323=CARTESIAN_POINT('',(-0.00339791462660152,-0.000571948504237232,0.00147133212095739));
#5324=CARTESIAN_POINT('',(-0.00332645195755229,-0.000596566759437626,0.00139940360638613));
#5325=CARTESIAN_POINT('',(-0.0033434592133689,-0.000588361208273142,0.00142909645216594));
#5326=CARTESIAN_POINT('',(-0.00336823032373892,-0.000580155657108657,0.00145429732421195));
#5327=CARTESIAN_POINT('',(-0.00339762627266973,-0.000571950105944173,0.00147181274676958));
#5328=CARTESIAN_POINT('',(-0.00332690502808349,-0.000596566835732873,0.00139913401755256));
#5329=CARTESIAN_POINT('',(-0.00330000000010936,-0.000606350832646956,0.00130000661382674));
#5330=CARTESIAN_POINT('',(-0.00330000118569226,-0.000606350370001527,0.00133585826074955));
#5331=CARTESIAN_POINT('',(-0.00330975330015845,-0.000602588144162613,0.00137024666367045));
#5332=CARTESIAN_POINT('',(-0.00332644772729359,-0.000596568284826095,0.00139939622044343));
#5333=CARTESIAN_POINT('',(-0.00235,-0.000793649167310371,0.0013));
#5334=CARTESIAN_POINT('',(-0.00205,-0.000793649167310371,0.0013));
#5335=CARTESIAN_POINT('',(-0.00225,-0.000793649167310371,0.0013));
#5336=CARTESIAN_POINT('',(-0.00235,-0.000793649167310371,0.0013));
#5337=CARTESIAN_POINT('',(-0.00205,-0.00035,0.0013));
#5338=CARTESIAN_POINT('',(-0.00205,-0.00135,0.0013));
#5339=CARTESIAN_POINT('',(-0.00225,-0.00135,0.0013));
#5340=CARTESIAN_POINT('',(-0.00225,-0.00035,0.0013));
#5341=CARTESIAN_POINT('',(-0.0024,-0.00135,0.0013));
#5342=CARTESIAN_POINT('',(-0.0024,-0.0017,0.0013));
#5343=CARTESIAN_POINT('',(-0.0024,-0.0015,0.0013));
#5344=CARTESIAN_POINT('',(-0.0024,-0.00135,0.0013));
#5345=CARTESIAN_POINT('',(-0.001125,-0.0017,0.0013));
#5346=CARTESIAN_POINT('',(-0.0033,-0.0017,0.0013));
#5347=CARTESIAN_POINT('',(-0.0033,-0.0015,0.0013));
#5348=CARTESIAN_POINT('',(-0.001125,-0.0015,0.0013));
#5349=CARTESIAN_POINT('',(-0.00365,-0.00075,0.0013));
#5350=CARTESIAN_POINT('',(-0.00365,-0.00135,0.0013));
#5351=CARTESIAN_POINT('',(-0.00345,-0.00135,0.0013));
#5352=CARTESIAN_POINT('',(-0.00365,-0.0008,0.0013));
#5353=CARTESIAN_POINT('',(-0.00345,-0.0008,0.0013));
#5354=CARTESIAN_POINT('',(-0.00345,-0.00075,0.0013));
#5355=CARTESIAN_POINT('',(-0.00335,-0.0008,0.0013));
#5356=CARTESIAN_POINT('',(-0.00335,-0.0008,0.0013));
#5357=CARTESIAN_POINT('',(-0.0033,-0.00135,0.0013));
#5358=CARTESIAN_POINT('',(-0.0033,-0.00135,0.0013));
#5359=CARTESIAN_POINT('',(-0.0035,-0.00035,0.0013));
#5360=CARTESIAN_POINT('',(-0.0033,-0.00035,0.0013));
#5361=CARTESIAN_POINT('',(-0.00335,0.0008,0.0013));
#5362=CARTESIAN_POINT('',(-0.00365,0.0008,0.0013));
#5363=CARTESIAN_POINT('',(-0.00345,0.0008,0.0013));
#5364=CARTESIAN_POINT('',(-0.00335,0.0008,0.0013));
#5365=CARTESIAN_POINT('',(-0.00365,0.00035,0.0013));
#5366=CARTESIAN_POINT('',(-0.00365,0.00135,0.0013));
#5367=CARTESIAN_POINT('',(-0.00345,0.00135,0.0013));
#5368=CARTESIAN_POINT('',(-0.00345,0.00035,0.0013));
#5369=CARTESIAN_POINT('',(-0.0033,0.00135,0.0013));
#5370=CARTESIAN_POINT('',(-0.0033,0.0017,0.0013));
#5371=CARTESIAN_POINT('',(-0.0033,0.0015,0.0013));
#5372=CARTESIAN_POINT('',(-0.0033,0.00135,0.0013));
#5373=CARTESIAN_POINT('',(-0.001725,0.0017,0.0013));
#5374=CARTESIAN_POINT('',(-0.0024,0.0017,0.0013));
#5375=CARTESIAN_POINT('',(-0.0024,0.0015,0.0013));
#5376=CARTESIAN_POINT('',(-0.001725,0.0015,0.0013));
#5377=CARTESIAN_POINT('',(-0.0024,0.00135,0.0013));
#5378=CARTESIAN_POINT('',(-0.00205,0.00135,0.0013));
#5379=CARTESIAN_POINT('',(-0.00225,0.00135,0.0013));
#5380=CARTESIAN_POINT('',(-0.0024,0.00135,0.0013));
#5381=CARTESIAN_POINT('',(-0.00205,0.00075,0.0013));
#5382=CARTESIAN_POINT('',(-0.00205,0.0008,0.0013));
#5383=CARTESIAN_POINT('',(-0.00225,0.0008,0.0013));
#5384=CARTESIAN_POINT('',(-0.00225,0.00075,0.0013));
#5385=CARTESIAN_POINT('',(-0.00235,0.0008,0.0013));
#5386=CARTESIAN_POINT('',(-0.00235,0.0008,0.0013));
#5387=CARTESIAN_POINT('',(-0.0022,0.00035,0.0013));
#5388=CARTESIAN_POINT('',(-0.0024,0.00035,0.0013));
#5389=CARTESIAN_POINT('',(-0.00235,0.0008,0.));
#5390=CARTESIAN_POINT('',(-0.002325,0.000703175416344814,0.));
#5391=CARTESIAN_POINT('',(-0.002325,0.000703175416344814,-0.0014));
#5392=CARTESIAN_POINT('',(-0.00235,0.0008,-0.0014));
#5393=CARTESIAN_POINT('',(-0.00225,0.0008,-0.0014));
#5394=CARTESIAN_POINT('',(-0.00225,0.0008,0.));
#5395=CARTESIAN_POINT('',(-0.0023,0.000606350832689629,0.));
#5396=CARTESIAN_POINT('',(-0.0024,0.000606350832689629,0.));
#5397=CARTESIAN_POINT('',(-0.0024,0.000606350832689629,-0.0014));
#5398=CARTESIAN_POINT('',(-0.0023,0.000606350832689629,-0.0014));
#5399=CARTESIAN_POINT('',(-0.0024,0.0007,0.));
#5400=CARTESIAN_POINT('',(-0.0024,-0.0006,0.));
#5401=CARTESIAN_POINT('',(-0.0024,-0.0006,-0.0014));
#5402=CARTESIAN_POINT('',(-0.0024,0.00035,-0.0014));
#5403=CARTESIAN_POINT('',(-0.0023,-0.0006,0.));
#5404=CARTESIAN_POINT('',(-0.002325,-0.000696824583655186,0.));
#5405=CARTESIAN_POINT('',(-0.002325,-0.000696824583655185,-0.0014));
#5406=CARTESIAN_POINT('',(-0.0023,-0.0006,-0.0014));
#5407=CARTESIAN_POINT('',(-0.00235,-0.000793649167310371,0.));
#5408=CARTESIAN_POINT('',(-0.00225,-0.000793649167310371,0.));
#5409=CARTESIAN_POINT('',(-0.00225,-0.000793649167310371,-0.0014));
#5410=CARTESIAN_POINT('',(-0.00235,-0.000793649167310371,-0.0014));
#5411=CARTESIAN_POINT('',(-0.00225,-0.0007,0.));
#5412=CARTESIAN_POINT('',(-0.00225,-0.00135,0.));
#5413=CARTESIAN_POINT('',(-0.00225,-0.00134999993750891,-0.0014));
#5414=CARTESIAN_POINT('',(-0.00225,-0.00035,-0.0014));
#5415=CARTESIAN_POINT('',(-0.0024,-0.00135,0.));
#5416=CARTESIAN_POINT('',(-0.0024,-0.0015,0.));
#5417=CARTESIAN_POINT('',(-0.0024,-0.0015,-0.0014));
#5418=CARTESIAN_POINT('',(-0.0024,-0.0015,-0.0014));
#5419=CARTESIAN_POINT('',(-0.00232146018366025,-0.0015,-0.0014));
#5420=CARTESIAN_POINT('',(-0.00225,-0.00142853981633974,-0.0014));
#5421=CARTESIAN_POINT('',(-0.00225,-0.00135,-0.0014));
#5422=CARTESIAN_POINT('',(-0.00225,-0.0015,0.));
#5423=CARTESIAN_POINT('',(-0.0033,-0.0015,0.));
#5424=CARTESIAN_POINT('',(-0.00329999993750891,-0.0015,-0.0014));
#5425=CARTESIAN_POINT('',(-0.001125,-0.0015,-0.0014));
#5426=CARTESIAN_POINT('',(-0.0033,-0.00135,0.));
#5427=CARTESIAN_POINT('',(-0.00345,-0.00135,0.));
#5428=CARTESIAN_POINT('',(-0.00345,-0.00135,-0.0014));
#5429=CARTESIAN_POINT('',(-0.00345,-0.00135,-0.0014));
#5430=CARTESIAN_POINT('',(-0.00345,-0.00142853981633975,-0.0014));
#5431=CARTESIAN_POINT('',(-0.00337853981633975,-0.0015,-0.0014));
#5432=CARTESIAN_POINT('',(-0.0033,-0.0015,-0.0014));
#5433=CARTESIAN_POINT('',(-0.00345,-0.0015,0.));
#5434=CARTESIAN_POINT('',(-0.00345,-0.0008,0.));
#5435=CARTESIAN_POINT('',(-0.00345,-0.0008,-0.0014));
#5436=CARTESIAN_POINT('',(-0.00345,-0.00075,-0.0014));
#5437=CARTESIAN_POINT('',(0.0034923888480887,-0.000530600747684559,0.00128707776751504));
#5438=CARTESIAN_POINT('',(0.0033,-0.0006,0.0013));
#5439=CARTESIAN_POINT('',(0.0033,-0.000643937202388427,0.0013));
#5440=CARTESIAN_POINT('',(0.00333245798671767,-0.000685840283058079,0.0013));
#5441=CARTESIAN_POINT('',(0.003375,-0.000696824583655186,0.0013));
#5442=CARTESIAN_POINT('',(0.00337500000000418,-0.000696824583656263,0.00129999987626233));
#5443=CARTESIAN_POINT('',(0.0033,-0.000599999875004457,0.00129999987619764));
#5444=CARTESIAN_POINT('',(0.00332645195843688,-0.000590215926147422,0.00139940360793053));
#5445=CARTESIAN_POINT('',(0.00330975393707087,-0.00059623704584356,0.00137025065295856));
#5446=CARTESIAN_POINT('',(0.0033,-0.0006,0.00133585703831013));
#5447=CARTESIAN_POINT('',(0.0033,-0.0006,0.0013));
#5448=CARTESIAN_POINT('',(0.00332693888173922,-0.000590204125116561,0.00139919109289857));
#5449=CARTESIAN_POINT('',(0.00339762627776734,-0.000565599271035087,0.00147181274980697));
#5450=CARTESIAN_POINT('',(0.00336824673200794,-0.000573800243499771,0.00145430710217444));
#5451=CARTESIAN_POINT('',(0.0033434867045473,-0.000582001215964454,0.00142912472170192));
#5452=CARTESIAN_POINT('',(0.00332648043907162,-0.000590202188429138,0.00139945331555672));
#5453=CARTESIAN_POINT('',(0.00339791995972219,-0.000565595865442513,0.00147133541651148));
#5454=CARTESIAN_POINT('',(0.0034965319208996,-0.000534840576603289,0.00149996992880769));
#5455=CARTESIAN_POINT('',(0.00346187206920305,-0.000545092659779874,0.00149936882289138));
#5456=CARTESIAN_POINT('',(0.0034274136127017,-0.000555344742956458,0.0014895597083426));
#5457=CARTESIAN_POINT('',(0.00339763337962703,-0.000565596826133043,0.00147181698121378));
#5458=CARTESIAN_POINT('',(0.00349741263237982,-0.000536271496754027,0.00149903020963059));
#5459=CARTESIAN_POINT('',(0.00341201048777414,-0.000616224036333651,0.00149891533085551));
#5460=CARTESIAN_POINT('',(0.00337410139866179,-0.000698097052248825,0.00140458024939832));
#5461=CARTESIAN_POINT('',(0.00337028948248806,-0.000703494725691574,0.00130051840779694));
#5462=CARTESIAN_POINT('',(0.00349238487900667,0.000536945606134007,0.00128707637905552));
#5463=CARTESIAN_POINT('',(0.003375,0.000703175416344815,0.0013));
#5464=CARTESIAN_POINT('',(0.00333247109047578,0.000692194499123504,0.0013));
#5465=CARTESIAN_POINT('',(0.0033000178414749,0.000650315098463118,0.0013));
#5466=CARTESIAN_POINT('',(0.00330000000824201,0.000606391433198067,0.0013));
#5467=CARTESIAN_POINT('',(0.00330000003156898,0.000606391433188597,0.00130000661434964));
#5468=CARTESIAN_POINT('',(0.00337500000000811,0.000703175416346908,0.00129999987625));
#5469=CARTESIAN_POINT('',(0.00337029029492268,0.000709844873158792,0.00130051839158919));
#5470=CARTESIAN_POINT('',(0.00337410243140856,0.00070444651121689,0.0014045812347163));
#5471=CARTESIAN_POINT('',(0.00341201204991918,0.000622573412423989,0.00149891472814009));
#5472=CARTESIAN_POINT('',(0.00349741267004194,0.000542622252004092,0.00149903021532719));
#5473=CARTESIAN_POINT('',(0.00339762799198157,0.000571949514044492,0.0014718137712009));
#5474=CARTESIAN_POINT('',(0.00342742154697145,0.000561692652913889,0.0014895657012645));
#5475=CARTESIAN_POINT('',(0.00346189797790729,0.000551435791783285,0.00149937658551687));
#5476=CARTESIAN_POINT('',(0.00349657410831661,0.000541178930652682,0.00149997065601276));
#5477=CARTESIAN_POINT('',(0.00339791462659413,0.000571948504239724,0.00147133212095284));
#5478=CARTESIAN_POINT('',(0.00332645195755239,0.000596566759437587,0.0013994036063863));
#5479=CARTESIAN_POINT('',(0.00334345921336895,0.000588361208273142,0.00142909645216594));
#5480=CARTESIAN_POINT('',(0.00336823032373883,0.000580155657108698,0.00145429732421183));
#5481=CARTESIAN_POINT('',(0.00339762627266946,0.000571950105944253,0.00147181274676942));
#5482=CARTESIAN_POINT('',(0.00332690502808359,0.000596566835732835,0.00139913401755274));
#5483=CARTESIAN_POINT('',(0.00330000000010936,0.000606350832646954,0.00130000661382675));
#5484=CARTESIAN_POINT('',(0.00330000118569226,0.000606350370001521,0.00133585826074963));
#5485=CARTESIAN_POINT('',(0.0033097533001585,0.000602588144162596,0.00137024666367062));
#5486=CARTESIAN_POINT('',(0.00332644772729369,0.000596568284826056,0.0013993962204436));
#5487=CARTESIAN_POINT('',(0.00220761165846554,0.000536952106156698,0.00128707909975168));
#5488=CARTESIAN_POINT('',(0.0024,0.000606350832689629,0.0013));
#5489=CARTESIAN_POINT('',(0.0024,0.000650288035078056,0.0013));
#5490=CARTESIAN_POINT('',(0.00236754201328233,0.000692191115747708,0.0013));
#5491=CARTESIAN_POINT('',(0.002325,0.000703175416344814,0.0013));
#5492=CARTESIAN_POINT('',(0.00232499999999583,0.000703175416345892,0.00129999987626232));
#5493=CARTESIAN_POINT('',(0.00220258737032934,0.000542622333745361,0.00149903052934353));
#5494=CARTESIAN_POINT('',(0.00228798979258098,0.000622573430792164,0.00149891609492172));
#5495=CARTESIAN_POINT('',(0.00232589880400596,0.000704448173384906,0.00140458175612033));
#5496=CARTESIAN_POINT('',(0.00232971039532652,0.000709845393049755,0.0013005183431262));
#5497=CARTESIAN_POINT('',(0.00220761563267494,-0.000536946129984423,0.00128707771627878));
#5498=CARTESIAN_POINT('',(0.002325,-0.000703175416344814,0.0013));
#5499=CARTESIAN_POINT('',(0.00236752891216624,-0.000692194498441337,0.0013));
#5500=CARTESIAN_POINT('',(0.00239998216212291,-0.000650315093007247,0.0013));
#5501=CARTESIAN_POINT('',(0.00239999999176132,-0.000606391425012071,0.0013));
#5502=CARTESIAN_POINT('',(0.00232499999999187,-0.000703175416346914,0.00129999987625));
#5503=CARTESIAN_POINT('',(0.00232970958175994,-0.000709844706582068,0.00130051832662194));
#5504=CARTESIAN_POINT('',(0.00232589777140026,-0.000704446799952202,0.00140458274908314));
#5505=CARTESIAN_POINT('',(0.00228798823009931,-0.000622571966125084,0.0014989154961733));
#5506=CARTESIAN_POINT('',(0.00220258733140264,-0.000542622255114742,0.00149903053647441));
#5507=CARTESIAN_POINT('',(0.00335,-0.000793649167310371,0.0013));
#5508=CARTESIAN_POINT('',(0.00365,-0.000793649167310371,0.0013));
#5509=CARTESIAN_POINT('',(0.00345,-0.000793649167310371,0.0013));
#5510=CARTESIAN_POINT('',(0.00335,-0.000793649167310371,0.0013));
#5511=CARTESIAN_POINT('',(0.00365,-0.00035,0.0013));
#5512=CARTESIAN_POINT('',(0.00365,-0.00135,0.0013));
#5513=CARTESIAN_POINT('',(0.00345,-0.00135,0.0013));
#5514=CARTESIAN_POINT('',(0.00345,-0.00035,0.0013));
#5515=CARTESIAN_POINT('',(0.0033,-0.00135,0.0013));
#5516=CARTESIAN_POINT('',(0.0033,-0.0017,0.0013));
#5517=CARTESIAN_POINT('',(0.0033,-0.0015,0.0013));
#5518=CARTESIAN_POINT('',(0.0033,-0.00135,0.0013));
#5519=CARTESIAN_POINT('',(0.001725,-0.0017,0.0013));
#5520=CARTESIAN_POINT('',(0.0024,-0.0017,0.0013));
#5521=CARTESIAN_POINT('',(0.0024,-0.0015,0.0013));
#5522=CARTESIAN_POINT('',(0.001725,-0.0015,0.0013));
#5523=CARTESIAN_POINT('',(0.00205,-0.00075,0.0013));
#5524=CARTESIAN_POINT('',(0.00205,-0.00135,0.0013));
#5525=CARTESIAN_POINT('',(0.00225,-0.00135,0.0013));
#5526=CARTESIAN_POINT('',(0.00205,-0.0008,0.0013));
#5527=CARTESIAN_POINT('',(0.00225,-0.0008,0.0013));
#5528=CARTESIAN_POINT('',(0.00225,-0.00075,0.0013));
#5529=CARTESIAN_POINT('',(0.00235,-0.0008,0.0013));
#5530=CARTESIAN_POINT('',(0.00235,-0.0008,0.0013));
#5531=CARTESIAN_POINT('',(0.0024,-0.00135,0.0013));
#5532=CARTESIAN_POINT('',(0.0024,-0.00135,0.0013));
#5533=CARTESIAN_POINT('',(0.00235,0.0008,0.0013));
#5534=CARTESIAN_POINT('',(0.00205,0.0008,0.0013));
#5535=CARTESIAN_POINT('',(0.00225,0.0008,0.0013));
#5536=CARTESIAN_POINT('',(0.00235,0.0008,0.0013));
#5537=CARTESIAN_POINT('',(0.00205,0.00035,0.0013));
#5538=CARTESIAN_POINT('',(0.00205,0.00135,0.0013));
#5539=CARTESIAN_POINT('',(0.00225,0.00135,0.0013));
#5540=CARTESIAN_POINT('',(0.00225,0.00035,0.0013));
#5541=CARTESIAN_POINT('',(0.0024,0.00135,0.0013));
#5542=CARTESIAN_POINT('',(0.0024,0.0017,0.0013));
#5543=CARTESIAN_POINT('',(0.0024,0.0015,0.0013));
#5544=CARTESIAN_POINT('',(0.0024,0.00135,0.0013));
#5545=CARTESIAN_POINT('',(0.001125,0.0017,0.0013));
#5546=CARTESIAN_POINT('',(0.0033,0.0017,0.0013));
#5547=CARTESIAN_POINT('',(0.0033,0.0015,0.0013));
#5548=CARTESIAN_POINT('',(0.001125,0.0015,0.0013));
#5549=CARTESIAN_POINT('',(0.0033,0.00135,0.0013));
#5550=CARTESIAN_POINT('',(0.00365,0.00135,0.0013));
#5551=CARTESIAN_POINT('',(0.00345,0.00135,0.0013));
#5552=CARTESIAN_POINT('',(0.0033,0.00135,0.0013));
#5553=CARTESIAN_POINT('',(0.00365,0.00075,0.0013));
#5554=CARTESIAN_POINT('',(0.00365,0.0008,0.0013));
#5555=CARTESIAN_POINT('',(0.00345,0.0008,0.0013));
#5556=CARTESIAN_POINT('',(0.00345,0.00075,0.0013));
#5557=CARTESIAN_POINT('',(0.00335,0.0008,0.0013));
#5558=CARTESIAN_POINT('',(0.00335,0.0008,0.0013));
#5559=CARTESIAN_POINT('',(0.0035,0.00035,0.0013));
#5560=CARTESIAN_POINT('',(0.0033,0.00035,0.0013));
#5561=CARTESIAN_POINT('',(0.00335,0.0008,0.));
#5562=CARTESIAN_POINT('',(0.003375,0.000703175416344814,0.));
#5563=CARTESIAN_POINT('',(0.003375,0.000703175416344814,-0.0014));
#5564=CARTESIAN_POINT('',(0.00335,0.0008,-0.0014));
#5565=CARTESIAN_POINT('',(0.00345,0.0008,-0.0014));
#5566=CARTESIAN_POINT('',(0.00345,0.0008,0.));
#5567=CARTESIAN_POINT('',(0.0034,0.000606350832689629,0.));
#5568=CARTESIAN_POINT('',(0.0033,0.000606350832689629,0.));
#5569=CARTESIAN_POINT('',(0.0033,0.000606350832689629,-0.0014));
#5570=CARTESIAN_POINT('',(0.0034,0.000606350832689629,-0.0014));
#5571=CARTESIAN_POINT('',(0.0033,0.0007,0.));
#5572=CARTESIAN_POINT('',(0.0033,-0.0006,0.));
#5573=CARTESIAN_POINT('',(0.0033,-0.0006,-0.0014));
#5574=CARTESIAN_POINT('',(0.0033,0.00035,-0.0014));
#5575=CARTESIAN_POINT('',(0.0034,-0.0006,0.));
#5576=CARTESIAN_POINT('',(0.003375,-0.000696824583655186,0.));
#5577=CARTESIAN_POINT('',(0.003375,-0.000696824583655186,-0.0014));
#5578=CARTESIAN_POINT('',(0.0034,-0.0006,-0.0014));
#5579=CARTESIAN_POINT('',(0.00335,-0.000793649167310371,0.));
#5580=CARTESIAN_POINT('',(0.00345,-0.000793649167310371,0.));
#5581=CARTESIAN_POINT('',(0.00345,-0.000793649167310371,-0.0014));
#5582=CARTESIAN_POINT('',(0.00335,-0.000793649167310371,-0.0014));
#5583=CARTESIAN_POINT('',(0.00345,-0.0007,0.));
#5584=CARTESIAN_POINT('',(0.00345,-0.00135,0.));
#5585=CARTESIAN_POINT('',(0.00345,-0.00134999993750891,-0.0014));
#5586=CARTESIAN_POINT('',(0.00345,-0.00035,-0.0014));
#5587=CARTESIAN_POINT('',(0.0033,-0.00135,0.));
#5588=CARTESIAN_POINT('',(0.0033,-0.0015,0.));
#5589=CARTESIAN_POINT('',(0.0033,-0.0015,-0.0014));
#5590=CARTESIAN_POINT('',(0.0033,-0.0015,-0.0014));
#5591=CARTESIAN_POINT('',(0.00337853981633975,-0.0015,-0.0014));
#5592=CARTESIAN_POINT('',(0.00345,-0.00142853981633975,-0.0014));
#5593=CARTESIAN_POINT('',(0.00345,-0.00135,-0.0014));
#5594=CARTESIAN_POINT('',(0.00345,-0.0015,0.));
#5595=CARTESIAN_POINT('',(0.0024,-0.0015,0.));
#5596=CARTESIAN_POINT('',(0.00240000006249109,-0.0015,-0.0014));
#5597=CARTESIAN_POINT('',(0.001725,-0.0015,-0.0014));
#5598=CARTESIAN_POINT('',(0.0024,-0.00135,0.));
#5599=CARTESIAN_POINT('',(0.00225,-0.00135,0.));
#5600=CARTESIAN_POINT('',(0.00225,-0.00135,-0.0014));
#5601=CARTESIAN_POINT('',(0.00225,-0.00135,-0.0014));
#5602=CARTESIAN_POINT('',(0.00225,-0.00142853981633974,-0.0014));
#5603=CARTESIAN_POINT('',(0.00232146018366025,-0.0015,-0.0014));
#5604=CARTESIAN_POINT('',(0.0024,-0.0015,-0.0014));
#5605=CARTESIAN_POINT('',(0.00225,-0.0015,0.));
#5606=CARTESIAN_POINT('',(0.00225,-0.0008,0.));
#5607=CARTESIAN_POINT('',(0.00225,-0.0008,-0.0014));
#5608=CARTESIAN_POINT('',(0.00225,-0.00075,-0.0014));
#5609=CARTESIAN_POINT('',(-0.0023,-0.0006,-0.0014));
#5610=CARTESIAN_POINT('',(-0.00235,-0.000793649167310371,-0.0014));
#5611=CARTESIAN_POINT('',(-0.00235,-0.00079364916731037,-0.0015));
#5612=CARTESIAN_POINT('',(-0.0023,-0.0006,-0.0015));
#5613=CARTESIAN_POINT('',(-0.0025,-0.0006,-0.0015));
#5614=CARTESIAN_POINT('',(-0.0025,-0.0006,-0.0014));
#5615=CARTESIAN_POINT('',(-0.0025,0.00035,-0.0014));
#5616=CARTESIAN_POINT('',(-0.0025,0.000606350832689628,-0.0014));
#5617=CARTESIAN_POINT('',(-0.0025,0.000606350832689629,-0.0015));
#5618=CARTESIAN_POINT('',(-0.0025,0.00035,-0.0015));
#5619=CARTESIAN_POINT('',(-0.0023,0.000606350832689629,-0.0014));
#5620=CARTESIAN_POINT('',(-0.00235,0.0008,-0.0014));
#5621=CARTESIAN_POINT('',(-0.00235,0.0008,-0.0015));
#5622=CARTESIAN_POINT('',(-0.0023,0.000606350832689629,-0.0015));
#5623=CARTESIAN_POINT('',(-0.00235,0.00075,-0.0014));
#5624=CARTESIAN_POINT('',(-0.00235,0.00135,-0.0015));
#5625=CARTESIAN_POINT('',(-0.00229764012244017,0.00135,-0.0015));
#5626=CARTESIAN_POINT('',(-0.00225,0.00135,-0.00145235987755983));
#5627=CARTESIAN_POINT('',(-0.00225,0.00135,-0.0014));
#5628=CARTESIAN_POINT('',(-0.00235,0.00135,-0.0015));
#5629=CARTESIAN_POINT('',(-0.00225,0.00134999993750929,-0.00139999993750619));
#5630=CARTESIAN_POINT('',(-0.00225,0.00075,-0.0014));
#5631=CARTESIAN_POINT('',(-0.00235,0.0008,-0.0014));
#5632=CARTESIAN_POINT('',(-0.00235,0.00075,-0.0015));
#5633=CARTESIAN_POINT('',(-0.0024,0.00135,-0.0014));
#5634=CARTESIAN_POINT('',(-0.0024,0.0015,-0.0014));
#5635=CARTESIAN_POINT('',(-0.0024,0.0015,-0.00145235987755717));
#5636=CARTESIAN_POINT('',(-0.0024,0.00145235987756514,-0.00149999999999583));
#5637=CARTESIAN_POINT('',(-0.0024,0.00140000000000797,-0.0015));
#5638=CARTESIAN_POINT('',(-0.00240000015054274,0.00140000000000797,-0.0015));
#5639=CARTESIAN_POINT('',(-0.00240000006249109,0.0015,-0.00139999993750619));
#5640=CARTESIAN_POINT('',(-0.00225,0.00135,-0.0014));
#5641=CARTESIAN_POINT('',(-0.00225,0.00142853981633974,-0.0014));
#5642=CARTESIAN_POINT('',(-0.00232146018366025,0.0015,-0.0014));
#5643=CARTESIAN_POINT('',(-0.0024,0.0015,-0.0014));
#5644=CARTESIAN_POINT('',(-0.0024,0.0014,-0.0015));
#5645=CARTESIAN_POINT('',(-0.00237642977396045,0.0014,-0.0015));
#5646=CARTESIAN_POINT('',(-0.00235,0.00137357022603955,-0.0015));
#5647=CARTESIAN_POINT('',(-0.00235,0.00135,-0.0015));
#5648=CARTESIAN_POINT('',(-0.001725,0.0014,-0.0014));
#5649=CARTESIAN_POINT('',(-0.0033,0.0014,-0.0015));
#5650=CARTESIAN_POINT('',(-0.0033,0.00145235987755983,-0.0015));
#5651=CARTESIAN_POINT('',(-0.0033,0.0015,-0.00145235987755983));
#5652=CARTESIAN_POINT('',(-0.0033,0.0015,-0.0014));
#5653=CARTESIAN_POINT('',(-0.0033,0.0014,-0.0015));
#5654=CARTESIAN_POINT('',(-0.00329999993750929,0.0015,-0.00139999993750619));
#5655=CARTESIAN_POINT('',(-0.001725,0.0015,-0.0014));
#5656=CARTESIAN_POINT('',(-0.001725,0.0014,-0.0015));
#5657=CARTESIAN_POINT('',(-0.0033,0.00135,-0.0014));
#5658=CARTESIAN_POINT('',(-0.00345,0.00135,-0.0014));
#5659=CARTESIAN_POINT('',(-0.00345,0.00135,-0.00145235987755717));
#5660=CARTESIAN_POINT('',(-0.00340235987756514,0.00135,-0.00149999999999583));
#5661=CARTESIAN_POINT('',(-0.00335000000000797,0.00135,-0.0015));
#5662=CARTESIAN_POINT('',(-0.00335000000000797,0.00134999984945726,-0.0015));
#5663=CARTESIAN_POINT('',(-0.00345,0.00134999993750891,-0.00139999993750619));
#5664=CARTESIAN_POINT('',(-0.0033,0.0015,-0.0014));
#5665=CARTESIAN_POINT('',(-0.00337853981633975,0.0015,-0.0014));
#5666=CARTESIAN_POINT('',(-0.00345,0.00142853981633975,-0.0014));
#5667=CARTESIAN_POINT('',(-0.00345,0.00135,-0.0014));
#5668=CARTESIAN_POINT('',(-0.00335,0.00135,-0.0015));
#5669=CARTESIAN_POINT('',(-0.00335,0.00137357022603955,-0.0015));
#5670=CARTESIAN_POINT('',(-0.00332357022603955,0.0014,-0.0015));
#5671=CARTESIAN_POINT('',(-0.0033,0.0014,-0.0015));
#5672=CARTESIAN_POINT('',(-0.00335,0.00035,-0.0014));
#5673=CARTESIAN_POINT('',(-0.00335,0.0008,-0.0014));
#5674=CARTESIAN_POINT('',(-0.00335,0.0008,-0.0015));
#5675=CARTESIAN_POINT('',(-0.00345,0.0008,-0.0014));
#5676=CARTESIAN_POINT('',(-0.00345,0.00035,-0.0014));
#5677=CARTESIAN_POINT('',(-0.00335,0.00035,-0.0015));
#5678=CARTESIAN_POINT('',(-0.00235,0.0008,-0.0014));
#5679=CARTESIAN_POINT('',(-0.0034,0.000606350832689629,-0.0014));
#5680=CARTESIAN_POINT('',(-0.0032,0.000606350832689629,-0.0014));
#5681=CARTESIAN_POINT('',(-0.0032,0.000606350832689629,-0.0015));
#5682=CARTESIAN_POINT('',(-0.0033,0.000606350832689629,-0.0014));
#5683=CARTESIAN_POINT('',(-0.0034,0.000606350832689629,-0.0014));
#5684=CARTESIAN_POINT('',(-0.003375,0.000703175416344814,-0.0014));
#5685=CARTESIAN_POINT('',(-0.00335,0.0008,-0.0014));
#5686=CARTESIAN_POINT('',(-0.0034,0.000606350832689629,-0.0015));
#5687=CARTESIAN_POINT('',(-0.0032,-0.00035,-0.0014));
#5688=CARTESIAN_POINT('',(-0.0032,-0.000606350832689629,-0.0014));
#5689=CARTESIAN_POINT('',(-0.0032,-0.000606350832689629,-0.0015));
#5690=CARTESIAN_POINT('',(-0.0033,-0.000606350832689629,-0.0014));
#5691=CARTESIAN_POINT('',(-0.0033,-0.00035,-0.0014));
#5692=CARTESIAN_POINT('',(-0.0032,-0.00035,-0.0015));
#5693=CARTESIAN_POINT('',(-0.0034,-0.000606350832689629,-0.0014));
#5694=CARTESIAN_POINT('',(-0.00335,-0.0008,-0.0014));
#5695=CARTESIAN_POINT('',(-0.00335,-0.0008,-0.0015));
#5696=CARTESIAN_POINT('',(-0.003375,-0.000703175416344814,-0.0014));
#5697=CARTESIAN_POINT('',(-0.0034,-0.000606350832689629,-0.0014));
#5698=CARTESIAN_POINT('',(-0.0034,-0.000606350832689629,-0.0015));
#5699=CARTESIAN_POINT('',(-0.00335,0.0008,-0.0014));
#5700=CARTESIAN_POINT('',(-0.00335,0.0008,-0.0014));
#5701=CARTESIAN_POINT('',(-0.00335,-0.00075,-0.0014));
#5702=CARTESIAN_POINT('',(-0.00335,-0.00135,-0.0015));
#5703=CARTESIAN_POINT('',(-0.00340235987755983,-0.00135,-0.0015));
#5704=CARTESIAN_POINT('',(-0.00345,-0.00135,-0.00145235987755983));
#5705=CARTESIAN_POINT('',(-0.00345,-0.00135,-0.0014));
#5706=CARTESIAN_POINT('',(-0.00335,-0.00135,-0.0015));
#5707=CARTESIAN_POINT('',(-0.00335,-0.0008,-0.0014));
#5708=CARTESIAN_POINT('',(-0.00335,-0.00075,-0.0015));
#5709=CARTESIAN_POINT('',(-0.0033,-0.00134999999999998,-0.0014));
#5710=CARTESIAN_POINT('',(-0.0033,-0.0015,-0.0014));
#5711=CARTESIAN_POINT('',(-0.0033,-0.0015,-0.00145235987755717));
#5712=CARTESIAN_POINT('',(-0.0033,-0.00145235987756514,-0.00149999999999583));
#5713=CARTESIAN_POINT('',(-0.0033,-0.00140000000000797,-0.0015));
#5714=CARTESIAN_POINT('',(-0.00329999984945726,-0.00140000000000797,-0.0015));
#5715=CARTESIAN_POINT('',(-0.0033,-0.0014,-0.0015));
#5716=CARTESIAN_POINT('',(-0.00332357022603955,-0.0014,-0.0015));
#5717=CARTESIAN_POINT('',(-0.00335,-0.00137357022603955,-0.0015));
#5718=CARTESIAN_POINT('',(-0.00335,-0.00135,-0.0015));
#5719=CARTESIAN_POINT('',(-0.001125,-0.0014,-0.0014));
#5720=CARTESIAN_POINT('',(-0.0024,-0.0014,-0.0015));
#5721=CARTESIAN_POINT('',(-0.0024,-0.00145235987755983,-0.0015));
#5722=CARTESIAN_POINT('',(-0.0024,-0.0015,-0.00145235987755983));
#5723=CARTESIAN_POINT('',(-0.0024,-0.0015,-0.0014));
#5724=CARTESIAN_POINT('',(-0.0024,-0.0014,-0.0015));
#5725=CARTESIAN_POINT('',(-0.001125,-0.0014,-0.0015));
#5726=CARTESIAN_POINT('',(-0.0024,-0.00135,-0.0014));
#5727=CARTESIAN_POINT('',(-0.00225,-0.00135,-0.0014));
#5728=CARTESIAN_POINT('',(-0.00225,-0.00135,-0.00145235987755719));
#5729=CARTESIAN_POINT('',(-0.00229764012243489,-0.00135,-0.00149999999999585));
#5730=CARTESIAN_POINT('',(-0.00234999999999208,-0.00135,-0.0015));
#5731=CARTESIAN_POINT('',(-0.00234999999999208,-0.00134999984945743,-0.0015));
#5732=CARTESIAN_POINT('',(-0.00235,-0.00135,-0.0015));
#5733=CARTESIAN_POINT('',(-0.00235,-0.00137357022603955,-0.0015));
#5734=CARTESIAN_POINT('',(-0.00237642977396045,-0.0014,-0.0015));
#5735=CARTESIAN_POINT('',(-0.0024,-0.0014,-0.0015));
#5736=CARTESIAN_POINT('',(-0.00235,-0.00035,-0.0014));
#5737=CARTESIAN_POINT('',(-0.00235,-0.000793649167310371,-0.0014));
#5738=CARTESIAN_POINT('',(-0.00235,-0.00035,-0.0015));
#5739=CARTESIAN_POINT('',(-0.00335,-0.0008,-0.0014));
#5740=CARTESIAN_POINT('',(-0.00335,-0.0008,-0.0014));
#5741=CARTESIAN_POINT('',(-0.00235,-0.000793649167310371,-0.0014));
#5742=CARTESIAN_POINT('',(-0.0024,0.00135,0.));
#5743=CARTESIAN_POINT('',(-0.00225,0.00135,0.));
#5744=CARTESIAN_POINT('',(-0.0024,0.0015,0.));
#5745=CARTESIAN_POINT('',(-0.00345,0.0015,0.));
#5746=CARTESIAN_POINT('',(-0.0033,0.0015,0.));
#5747=CARTESIAN_POINT('',(-0.0033,0.00135,0.));
#5748=CARTESIAN_POINT('',(-0.00345,0.00135,0.));
#5749=CARTESIAN_POINT('',(-0.00345,0.0007,0.));
#5750=CARTESIAN_POINT('',(-0.00345,0.0008,0.));
#5751=CARTESIAN_POINT('',(-0.00335,0.0008,0.));
#5752=CARTESIAN_POINT('',(-0.003375,0.000703175416344814,0.));
#5753=CARTESIAN_POINT('',(-0.0034,0.000606350832689629,0.));
#5754=CARTESIAN_POINT('',(-0.0033,0.000606350832689629,0.));
#5755=CARTESIAN_POINT('',(-0.0033,-0.0007,0.));
#5756=CARTESIAN_POINT('',(-0.0033,-0.000606350832689629,0.));
#5757=CARTESIAN_POINT('',(-0.0034,-0.000606350832689629,0.));
#5758=CARTESIAN_POINT('',(-0.003375,-0.000703175416344814,0.));
#5759=CARTESIAN_POINT('',(-0.00335,-0.0008,0.));
#5760=CARTESIAN_POINT('',(0.,1.11022302462516E-18,-0.0015));
#5761=CARTESIAN_POINT('',(0.0024,-0.00135,-0.0014));
#5762=CARTESIAN_POINT('',(0.00235,-0.00135,-0.0015));
#5763=CARTESIAN_POINT('',(0.00229764012244017,-0.00135,-0.0015));
#5764=CARTESIAN_POINT('',(0.00225,-0.00135,-0.00145235987755983));
#5765=CARTESIAN_POINT('',(0.00225,-0.00135,-0.0014));
#5766=CARTESIAN_POINT('',(0.00235,-0.00135,-0.0015));
#5767=CARTESIAN_POINT('',(0.0024,-0.0014,-0.0015));
#5768=CARTESIAN_POINT('',(0.00237642977396045,-0.0014,-0.0015));
#5769=CARTESIAN_POINT('',(0.00235,-0.00137357022603955,-0.0015));
#5770=CARTESIAN_POINT('',(0.00235,-0.00135,-0.0015));
#5771=CARTESIAN_POINT('',(0.00240000015054274,-0.00140000000000797,-0.0015));
#5772=CARTESIAN_POINT('',(0.0024,-0.0015,-0.0014));
#5773=CARTESIAN_POINT('',(0.0024,-0.0015,-0.00145235987755717));
#5774=CARTESIAN_POINT('',(0.0024,-0.00145235987756514,-0.00149999999999583));
#5775=CARTESIAN_POINT('',(0.0024,-0.00140000000000797,-0.0015));
#5776=CARTESIAN_POINT('',(0.001725,-0.0014,-0.0014));
#5777=CARTESIAN_POINT('',(0.0033,-0.0014,-0.0015));
#5778=CARTESIAN_POINT('',(0.0033,-0.00145235987755983,-0.0015));
#5779=CARTESIAN_POINT('',(0.0033,-0.0015,-0.00145235987755983));
#5780=CARTESIAN_POINT('',(0.0033,-0.0015,-0.0014));
#5781=CARTESIAN_POINT('',(0.0033,-0.0014,-0.0015));
#5782=CARTESIAN_POINT('',(0.001725,-0.0014,-0.0015));
#5783=CARTESIAN_POINT('',(0.0033,-0.00135,-0.0014));
#5784=CARTESIAN_POINT('',(0.00345,-0.00135,-0.0014));
#5785=CARTESIAN_POINT('',(0.00345,-0.00135,-0.00145235987755717));
#5786=CARTESIAN_POINT('',(0.00340235987756514,-0.00135,-0.00149999999999583));
#5787=CARTESIAN_POINT('',(0.00335000000000797,-0.00135,-0.0015));
#5788=CARTESIAN_POINT('',(0.00335000000000797,-0.00134999984945726,-0.0015));
#5789=CARTESIAN_POINT('',(0.00335,-0.00135,-0.0015));
#5790=CARTESIAN_POINT('',(0.00335,-0.00137357022603955,-0.0015));
#5791=CARTESIAN_POINT('',(0.00332357022603955,-0.0014,-0.0015));
#5792=CARTESIAN_POINT('',(0.0033,-0.0014,-0.0015));
#5793=CARTESIAN_POINT('',(0.00335,-0.00035,-0.0014));
#5794=CARTESIAN_POINT('',(0.00335,-0.000793649167310371,-0.0014));
#5795=CARTESIAN_POINT('',(0.00335,-0.000793649167310371,-0.0015));
#5796=CARTESIAN_POINT('',(0.00335,-0.00035,-0.0015));
#5797=CARTESIAN_POINT('',(0.00235,-0.00075,-0.0014));
#5798=CARTESIAN_POINT('',(0.00235,-0.0008,-0.0014));
#5799=CARTESIAN_POINT('',(0.00235,-0.0008,-0.0015));
#5800=CARTESIAN_POINT('',(0.00235,-0.00075,-0.0015));
#5801=CARTESIAN_POINT('',(0.0034,-0.0006,-0.0014));
#5802=CARTESIAN_POINT('',(0.00335,-0.000793649167310371,-0.0014));
#5803=CARTESIAN_POINT('',(0.0034,-0.0006,-0.0015));
#5804=CARTESIAN_POINT('',(0.0032,-0.0006,-0.0015));
#5805=CARTESIAN_POINT('',(0.0032,-0.0006,-0.0014));
#5806=CARTESIAN_POINT('',(0.0032,0.00035,-0.0014));
#5807=CARTESIAN_POINT('',(0.0032,0.000606350832689628,-0.0014));
#5808=CARTESIAN_POINT('',(0.0032,0.000606350832689629,-0.0015));
#5809=CARTESIAN_POINT('',(0.0032,0.00035,-0.0015));
#5810=CARTESIAN_POINT('',(0.0034,0.000606350832689629,-0.0014));
#5811=CARTESIAN_POINT('',(0.00335,0.0008,-0.0014));
#5812=CARTESIAN_POINT('',(0.00335,0.0008,-0.0015));
#5813=CARTESIAN_POINT('',(0.0034,0.000606350832689629,-0.0015));
#5814=CARTESIAN_POINT('',(0.00335,-0.000793649167310371,-0.0014));
#5815=CARTESIAN_POINT('',(0.00335,0.00075,-0.0014));
#5816=CARTESIAN_POINT('',(0.00335,0.00135,-0.0015));
#5817=CARTESIAN_POINT('',(0.00340235987755983,0.00135,-0.0015));
#5818=CARTESIAN_POINT('',(0.00345,0.00135,-0.00145235987755983));
#5819=CARTESIAN_POINT('',(0.00345,0.00135,-0.0014));
#5820=CARTESIAN_POINT('',(0.00335,0.00135,-0.0015));
#5821=CARTESIAN_POINT('',(0.00345,0.00134999993750929,-0.00139999993750619));
#5822=CARTESIAN_POINT('',(0.00345,0.00075,-0.0014));
#5823=CARTESIAN_POINT('',(0.00335,0.0008,-0.0014));
#5824=CARTESIAN_POINT('',(0.00335,0.00075,-0.0015));
#5825=CARTESIAN_POINT('',(0.0033,0.00134999999999997,-0.0014));
#5826=CARTESIAN_POINT('',(0.0033,0.0015,-0.0014));
#5827=CARTESIAN_POINT('',(0.0033,0.0015,-0.00145235987755717));
#5828=CARTESIAN_POINT('',(0.0033,0.00145235987756514,-0.00149999999999583));
#5829=CARTESIAN_POINT('',(0.0033,0.00140000000000797,-0.0015));
#5830=CARTESIAN_POINT('',(0.00329999984945726,0.00140000000000797,-0.0015));
#5831=CARTESIAN_POINT('',(0.00329999993750891,0.0015,-0.00139999993750619));
#5832=CARTESIAN_POINT('',(0.00345,0.00135,-0.0014));
#5833=CARTESIAN_POINT('',(0.00345,0.00142853981633975,-0.0014));
#5834=CARTESIAN_POINT('',(0.00337853981633975,0.0015,-0.0014));
#5835=CARTESIAN_POINT('',(0.0033,0.0015,-0.0014));
#5836=CARTESIAN_POINT('',(0.0033,0.0014,-0.0015));
#5837=CARTESIAN_POINT('',(0.00332357022603955,0.0014,-0.0015));
#5838=CARTESIAN_POINT('',(0.00335,0.00137357022603955,-0.0015));
#5839=CARTESIAN_POINT('',(0.00335,0.00135,-0.0015));
#5840=CARTESIAN_POINT('',(0.001125,0.0014,-0.0014));
#5841=CARTESIAN_POINT('',(0.0024,0.0014,-0.0015));
#5842=CARTESIAN_POINT('',(0.0024,0.00145235987755983,-0.0015));
#5843=CARTESIAN_POINT('',(0.0024,0.0015,-0.00145235987755983));
#5844=CARTESIAN_POINT('',(0.0024,0.0015,-0.0014));
#5845=CARTESIAN_POINT('',(0.0024,0.0014,-0.0015));
#5846=CARTESIAN_POINT('',(0.00240000006249071,0.0015,-0.00139999993750619));
#5847=CARTESIAN_POINT('',(0.001125,0.0015,-0.0014));
#5848=CARTESIAN_POINT('',(0.001125,0.0014,-0.0015));
#5849=CARTESIAN_POINT('',(0.0024,0.00135,-0.0014));
#5850=CARTESIAN_POINT('',(0.00225,0.00135,-0.0014));
#5851=CARTESIAN_POINT('',(0.00225,0.00135,-0.00145235987755717));
#5852=CARTESIAN_POINT('',(0.00229764012243486,0.00135,-0.00149999999999583));
#5853=CARTESIAN_POINT('',(0.00234999999999204,0.00135,-0.0015));
#5854=CARTESIAN_POINT('',(0.00234999999999204,0.00134999984945726,-0.0015));
#5855=CARTESIAN_POINT('',(0.00225,0.00134999993750891,-0.00139999993750619));
#5856=CARTESIAN_POINT('',(0.0024,0.0015,-0.0014));
#5857=CARTESIAN_POINT('',(0.00232146018366025,0.0015,-0.0014));
#5858=CARTESIAN_POINT('',(0.00225,0.00142853981633974,-0.0014));
#5859=CARTESIAN_POINT('',(0.00225,0.00135,-0.0014));
#5860=CARTESIAN_POINT('',(0.00235,0.00135,-0.0015));
#5861=CARTESIAN_POINT('',(0.00235,0.00137357022603955,-0.0015));
#5862=CARTESIAN_POINT('',(0.00237642977396045,0.0014,-0.0015));
#5863=CARTESIAN_POINT('',(0.0024,0.0014,-0.0015));
#5864=CARTESIAN_POINT('',(0.00235,0.00035,-0.0014));
#5865=CARTESIAN_POINT('',(0.00235,0.0008,-0.0014));
#5866=CARTESIAN_POINT('',(0.00235,0.0008,-0.0015));
#5867=CARTESIAN_POINT('',(0.00225,0.0008,-0.0014));
#5868=CARTESIAN_POINT('',(0.00225,0.00035,-0.0014));
#5869=CARTESIAN_POINT('',(0.00235,0.00035,-0.0015));
#5870=CARTESIAN_POINT('',(0.00335,0.0008,-0.0014));
#5871=CARTESIAN_POINT('',(0.0023,0.000606350832689629,-0.0014));
#5872=CARTESIAN_POINT('',(0.0025,0.000606350832689629,-0.0014));
#5873=CARTESIAN_POINT('',(0.0025,0.000606350832689629,-0.0015));
#5874=CARTESIAN_POINT('',(0.0024,0.000606350832689629,-0.0014));
#5875=CARTESIAN_POINT('',(0.0023,0.000606350832689629,-0.0014));
#5876=CARTESIAN_POINT('',(0.002325,0.000703175416344814,-0.0014));
#5877=CARTESIAN_POINT('',(0.00235,0.0008,-0.0014));
#5878=CARTESIAN_POINT('',(0.0023,0.000606350832689629,-0.0015));
#5879=CARTESIAN_POINT('',(0.0025,-0.00035,-0.0014));
#5880=CARTESIAN_POINT('',(0.0025,-0.000606350832689629,-0.0014));
#5881=CARTESIAN_POINT('',(0.0025,-0.000606350832689629,-0.0015));
#5882=CARTESIAN_POINT('',(0.0024,-0.000606350832689629,-0.0014));
#5883=CARTESIAN_POINT('',(0.0024,-0.00035,-0.0014));
#5884=CARTESIAN_POINT('',(0.0025,-0.00035,-0.0015));
#5885=CARTESIAN_POINT('',(0.0023,-0.000606350832689629,-0.0014));
#5886=CARTESIAN_POINT('',(0.00235,-0.0008,-0.0014));
#5887=CARTESIAN_POINT('',(0.002325,-0.000703175416344814,-0.0014));
#5888=CARTESIAN_POINT('',(0.0023,-0.000606350832689629,-0.0014));
#5889=CARTESIAN_POINT('',(0.0023,-0.000606350832689629,-0.0015));
#5890=CARTESIAN_POINT('',(0.00235,0.0008,-0.0014));
#5891=CARTESIAN_POINT('',(0.00235,0.0008,-0.0014));
#5892=CARTESIAN_POINT('',(0.00235,-0.0008,-0.0014));
#5893=CARTESIAN_POINT('',(0.00235,-0.0008,-0.0014));
#5894=CARTESIAN_POINT('',(0.00345,0.0015,0.));
#5895=CARTESIAN_POINT('',(0.00345,0.00135,0.));
#5896=CARTESIAN_POINT('',(0.0033,0.00135,0.));
#5897=CARTESIAN_POINT('',(0.0033,0.0015,0.));
#5898=CARTESIAN_POINT('',(0.00225,0.0015,0.));
#5899=CARTESIAN_POINT('',(0.0024,0.0015,0.));
#5900=CARTESIAN_POINT('',(0.0024,0.00135,0.));
#5901=CARTESIAN_POINT('',(0.00225,0.00135,0.));
#5902=CARTESIAN_POINT('',(0.00225,0.0007,0.));
#5903=CARTESIAN_POINT('',(0.00225,0.0008,0.));
#5904=CARTESIAN_POINT('',(0.00235,0.0008,0.));
#5905=CARTESIAN_POINT('',(0.002325,0.000703175416344814,0.));
#5906=CARTESIAN_POINT('',(0.0023,0.000606350832689629,0.));
#5907=CARTESIAN_POINT('',(0.0024,0.000606350832689629,0.));
#5908=CARTESIAN_POINT('',(0.,1.11022302462516E-18,-0.0015));
#5909=CARTESIAN_POINT('',(0.0024,-0.0007,0.));
#5910=CARTESIAN_POINT('',(0.0024,-0.000606350832689629,0.));
#5911=CARTESIAN_POINT('',(0.0023,-0.000606350832689629,0.));
#5912=CARTESIAN_POINT('',(0.002325,-0.000703175416344814,0.));
#5913=CARTESIAN_POINT('',(0.00235,-0.0008,0.));
#5914=CARTESIAN_POINT('',(-0.00225,0.0015,0.));
#5915=CARTESIAN_POINT('',(0.006975,0.006475,0.));
#5916=CARTESIAN_POINT('',(0.006975,0.006475,0.));
#5917=CARTESIAN_POINT('',(0.00772499998509884,0.006475,0.));
#5918=CARTESIAN_POINT('',(0.00772499998509884,0.006475,0.));
#5919=CARTESIAN_POINT('',(0.00772499998509884,-0.006475,0.));
#5920=CARTESIAN_POINT('',(0.00772499998509884,1.11022302462516E-18,0.));
#5921=CARTESIAN_POINT('',(0.00772499998509884,-0.006475,0.));
#5922=CARTESIAN_POINT('',(0.00772499998509884,-0.006475,0.));
#5923=CARTESIAN_POINT('',(0.006975,-0.006475,0.));
#5924=CARTESIAN_POINT('',(0.006975,-0.006475,0.));
#5925=CARTESIAN_POINT('',(0.006975,-0.00722499998509884,0.));
#5926=CARTESIAN_POINT('',(0.006975,-0.00722499998509884,0.));
#5927=CARTESIAN_POINT('',(-0.006975,-0.00722499998509884,0.));
#5928=CARTESIAN_POINT('',(0.,-0.00722499998509884,0.));
#5929=CARTESIAN_POINT('',(0.,1.11022302462516E-18,0.));
#5930=CARTESIAN_POINT('',(-0.006975,-0.006475,0.));
#5931=CARTESIAN_POINT('',(-0.008725,-0.006475,0.));
#5932=CARTESIAN_POINT('',(-0.006975,-0.008225,0.));
#5933=CARTESIAN_POINT('',(-0.008725,1.11022302462516E-18,0.));
#5934=CARTESIAN_POINT('',(-0.008725,0.006475,0.));
#5935=CARTESIAN_POINT('',(-0.006975,0.006475,0.));
#5936=CARTESIAN_POINT('',(-0.006975,0.008225,0.));
#5937=CARTESIAN_POINT('',(0.,0.008225,0.));
#5938=CARTESIAN_POINT('',(0.006975,0.008225,0.));
#5939=CARTESIAN_POINT('',(0.006975,0.006475,0.));
#5940=CARTESIAN_POINT('',(0.008725,0.006475,0.));
#5941=CARTESIAN_POINT('',(0.008725,1.11022302462516E-18,0.));
#5942=CARTESIAN_POINT('',(0.008725,-0.006475,0.));
#5943=CARTESIAN_POINT('',(0.006975,-0.006475,0.));
#5944=CARTESIAN_POINT('',(0.006975,-0.008225,0.));
#5945=CARTESIAN_POINT('',(0.,-0.008225,0.));
#5946=CARTESIAN_POINT('',(0.00523125,0.006475,0.00178448330299428));
#5947=CARTESIAN_POINT('',(0.006975,0.006475,0.00178448330299428));
#5948=CARTESIAN_POINT('',(0.006975,0.00781557777545821,0.00290936161994572));
#5949=CARTESIAN_POINT('',(0.006975,0.008225,0.00178448330299428));
#5950=CARTESIAN_POINT('',(0.00523125,0.008225,0.00178448330299428));
#5951=CARTESIAN_POINT('',(-0.006975,0.008225,0.00178448330299428));
#5952=CARTESIAN_POINT('',(-0.006975,0.006475,0.00178448330299428));
#5953=CARTESIAN_POINT('',(-0.006975,0.00781557777545821,0.00290936161994572));
#5954=CARTESIAN_POINT('',(0.00523125,0.00781557777545821,0.00290936161994572));
#5955=CARTESIAN_POINT('',(-0.006975,0.006475,0.00178448330299428));
#5956=CARTESIAN_POINT('',(-0.006975,0.006475,0.00178448330299428));
#5957=CARTESIAN_POINT('',(-0.008725,0.006475,0.00178448330299428));
#5958=CARTESIAN_POINT('',(-0.006975,0.006475,0.00178448330299428));
#5959=CARTESIAN_POINT('',(-0.006975,0.006475,0.00290936161994572));
#5960=CARTESIAN_POINT('',(-0.006975,0.00485625,0.00178448330299428));
#5961=CARTESIAN_POINT('',(-0.008725,0.00485625,0.00178448330299428));
#5962=CARTESIAN_POINT('',(-0.008725,-0.006475,0.00178448330299428));
#5963=CARTESIAN_POINT('',(-0.006975,-0.006475,0.00178448330299428));
#5964=CARTESIAN_POINT('',(-0.006975,-0.006475,0.00178448330299428));
#5965=CARTESIAN_POINT('',(-0.006975,-0.006475,0.00178448330299428));
#5966=CARTESIAN_POINT('',(-0.006975,-0.008225,0.00178448330299428));
#5967=CARTESIAN_POINT('',(-0.006975,-0.006475,0.00178448330299428));
#5968=CARTESIAN_POINT('',(-0.00523125,-0.006475,0.00178448330299428));
#5969=CARTESIAN_POINT('',(-0.00523125,-0.008225,0.00178448330299428));
#5970=CARTESIAN_POINT('',(0.006975,-0.008225,0.00178448330299428));
#5971=CARTESIAN_POINT('',(0.006975,-0.006475,0.00178448330299428));
#5972=CARTESIAN_POINT('',(0.006975,-0.006475,0.00178448330299428));
#5973=CARTESIAN_POINT('',(0.006975,-0.006475,0.00178448330299428));
#5974=CARTESIAN_POINT('',(0.008725,-0.006475,0.00178448330299428));
#5975=CARTESIAN_POINT('',(0.006975,-0.006475,0.00178448330299428));
#5976=CARTESIAN_POINT('',(0.006975,-0.00485625,0.00178448330299428));
#5977=CARTESIAN_POINT('',(0.008725,-0.00485625,0.00178448330299428));
#5978=CARTESIAN_POINT('',(0.008725,0.006475,0.00178448330299428));
#5979=CARTESIAN_POINT('',(0.006975,0.006475,0.00178448330299428));
#5980=CARTESIAN_POINT('',(0.00831557777545821,0.006475,0.00290936161994572));
#5981=CARTESIAN_POINT('',(0.00831557777545821,-0.00485625,0.00290936161994572));
#5982=CARTESIAN_POINT('',(0.006975,0.006475,0.00178448330299428));
#5983=CARTESIAN_POINT('',(0.006975,0.006475,0.00178448330299428));
#5984=CARTESIAN_POINT('',(0.006975,0.006475,0.00290936161994572));
#5985=CARTESIAN_POINT('',(0.00785,-0.0032375,0.00346421560648007));
#5986=CARTESIAN_POINT('',(0.00785,0.006475,0.00346421560648007));
#5987=CARTESIAN_POINT('',(0.006975,0.006475,0.00242143121296013));
#5988=CARTESIAN_POINT('',(0.006975,0.00735,0.00346421560648007));
#5989=CARTESIAN_POINT('',(0.0034875,0.00735,0.00346421560648007));
#5990=CARTESIAN_POINT('',(-0.006975,0.00735,0.00346421560648007));
#5991=CARTESIAN_POINT('',(-0.006975,-0.006475,0.));
#5992=CARTESIAN_POINT('',(-0.008725,-0.006475,0.));
#5993=CARTESIAN_POINT('',(-0.006975,-0.008225,0.));
#5994=CARTESIAN_POINT('',(-0.008725,0.006475,0.));
#5995=CARTESIAN_POINT('',(-0.008725,0.006475,0.));
#5996=CARTESIAN_POINT('',(-0.006975,0.006475,0.));
#5997=CARTESIAN_POINT('',(-0.006975,0.008225,0.));
#5998=CARTESIAN_POINT('',(0.006975,0.008225,0.));
#5999=CARTESIAN_POINT('',(0.006975,0.008225,0.));
#6000=CARTESIAN_POINT('',(-0.006975,0.006475,0.00242143121296013));
#6001=CARTESIAN_POINT('',(0.006975,0.006475,0.));
#6002=CARTESIAN_POINT('',(0.008725,0.006475,0.));
#6003=CARTESIAN_POINT('',(0.008725,-0.006475,0.));
#6004=CARTESIAN_POINT('',(0.008725,-0.006475,0.));
#6005=CARTESIAN_POINT('',(0.006975,-0.006475,0.));
#6006=CARTESIAN_POINT('',(0.006975,-0.008225,0.));
#6007=CARTESIAN_POINT('',(-0.006975,-0.008225,0.));
#6008=MECHANICAL_DESIGN_GEOMETRIC_PRESENTATION_REPRESENTATION('',(#3297),
#6009);
#6009=(
GEOMETRIC_REPRESENTATION_CONTEXT(3)
GLOBAL_UNCERTAINTY_ASSIGNED_CONTEXT((#6010))
GLOBAL_UNIT_ASSIGNED_CONTEXT((#6013,#6012,#6011))
REPRESENTATION_CONTEXT('MBK 1u','TOP_LEVEL_ASSEMBLY_PART')
);
#6010=UNCERTAINTY_MEASURE_WITH_UNIT(LENGTH_MEASURE(2.E-5),#6013,
'DISTANCE_ACCURACY_VALUE','Maximum Tolerance applied to model');
#6011=(
NAMED_UNIT(*)
SI_UNIT($,.STERADIAN.)
SOLID_ANGLE_UNIT()
);
#6012=(
NAMED_UNIT(*)
PLANE_ANGLE_UNIT()
SI_UNIT($,.RADIAN.)
);
#6013=(
LENGTH_UNIT()
NAMED_UNIT(*)
SI_UNIT($,.METRE.)
);
#6014=PRODUCT_DEFINITION_SHAPE('','',#6015);
#6015=PRODUCT_DEFINITION('','',#6017,#6016);
#6016=PRODUCT_DEFINITION_CONTEXT('',#6023,'design');
#6017=PRODUCT_DEFINITION_FORMATION_WITH_SPECIFIED_SOURCE('','',#6019,
 .NOT_KNOWN.);
#6018=PRODUCT_RELATED_PRODUCT_CATEGORY('','',(#6019));
#6019=PRODUCT('MBK 1u','MBK 1u','MBK 1u',(#6021));
#6020=PRODUCT_CATEGORY('','');
#6021=PRODUCT_CONTEXT('',#6023,'mechanical');
#6022=APPLICATION_PROTOCOL_DEFINITION('international standard',
'ap242_managed_model_based_3d_engineering',2020,#6023);
#6023=APPLICATION_CONTEXT('managed model based 3d engineering');
ENDSEC;
END-ISO-10303-21;
